datetime,open,high,low,close,volume
2026-01-29T21:45:00+00:00,49006.76,49016.76,48989.26,48994.9,2680
2026-01-29T23:00:00+00:00,48994.9,49018.64,48922.14,48926.14,2971
2026-01-29T23:15:00+00:00,48926.14,48978.64,48864.14,48955.14,2752
2026-01-29T23:30:00+00:00,48955.14,49011.14,48953.14,49003.64,2866
2026-01-29T23:45:00+00:00,49003.64,49010.64,48976.64,48985.14,2026
2026-01-30T00:00:00+00:00,48985.14,48996.14,48963.64,48974.64,2742
2026-01-30T00:15:00+00:00,48974.64,48988.14,48936.14,48955.64,3349
2026-01-30T00:30:00+00:00,48955.64,49014.64,48939.14,48943.14,3220
2026-01-30T00:45:00+00:00,48943.14,48957.14,48927.14,48936.14,1590
2026-01-30T01:00:00+00:00,48936.14,48948.14,48909.64,48916.64,2867
2026-01-30T01:15:00+00:00,48916.64,48918.64,48883.14,48890.14,2683
2026-01-30T01:30:00+00:00,48890.14,48901.14,48809.14,48836.64,4025
2026-01-30T01:45:00+00:00,48836.64,48872.14,48822.14,48853.14,4524
2026-01-30T02:00:00+00:00,48853.14,48865.14,48832.14,48836.14,4106
2026-01-30T02:15:00+00:00,48836.14,48856.64,48789.14,48813.14,5914
2026-01-30T02:30:00+00:00,48813.14,48836.14,48795.14,48796.14,4058
2026-01-30T02:45:00+00:00,48796.14,48838.64,48792.64,48836.14,3081
2026-01-30T03:00:00+00:00,48836.14,48879.14,48834.14,48868.14,2784
2026-01-30T03:15:00+00:00,48868.14,48879.64,48848.64,48861.64,2805
2026-01-30T03:30:00+00:00,48861.64,48893.64,48858.64,48879.64,2536
2026-01-30T03:45:00+00:00,48879.64,48897.14,48869.14,48870.14,2191
2026-01-30T04:00:00+00:00,48870.14,48892.14,48864.64,48892.14,1575
2026-01-30T04:15:00+00:00,48892.14,48896.64,48867.14,48883.64,1488
2026-01-30T04:30:00+00:00,48883.64,48897.14,48873.14,48876.14,1262
2026-01-30T04:45:00+00:00,48876.14,48886.64,48860.64,48869.14,1351
2026-01-30T05:00:00+00:00,48869.14,48889.64,48860.14,48870.14,1987
2026-01-30T05:15:00+00:00,48870.14,48878.14,48855.14,48870.14,1659
2026-01-30T05:30:00+00:00,48870.14,48872.64,48842.64,48845.14,1587
2026-01-30T05:45:00+00:00,48845.14,48858.14,48829.64,48830.14,1506
2026-01-30T06:00:00+00:00,48830.14,48838.14,48795.14,48806.14,2057
2026-01-30T06:15:00+00:00,48806.14,48807.14,48724.14,48744.64,2281
2026-01-30T06:30:00+00:00,48744.64,48769.14,48725.14,48748.64,2486
2026-01-30T06:45:00+00:00,48748.64,48757.14,48670.64,48679.64,3388
2026-01-30T07:00:00+00:00,48679.64,48752.65,48676.65,48734.15,2951
2026-01-30T07:15:00+00:00,48734.15,48737.65,48708.15,48716.65,2401
2026-01-30T07:30:00+00:00,48716.65,48732.65,48677.15,48704.65,2880
2026-01-30T07:45:00+00:00,48704.65,48715.65,48656.65,48667.15,2989
2026-01-30T08:00:00+00:00,48667.15,48705.65,48640.65,48697.65,5975
2026-01-30T08:15:00+00:00,48697.65,48728.15,48671.65,48701.15,4498
2026-01-30T08:30:00+00:00,48701.15,48704.15,48645.65,48685.65,3957
2026-01-30T08:45:00+00:00,48685.65,48743.15,48668.65,48718.65,3415
2026-01-30T09:00:00+00:00,48718.65,48756.65,48694.15,48699.65,4580
2026-01-30T09:15:00+00:00,48699.65,48718.15,48679.65,48699.15,3560
2026-01-30T09:30:00+00:00,48699.15,48704.65,48644.65,48657.65,3254
2026-01-30T09:45:00+00:00,48657.65,48664.15,48588.65,48644.15,4421
2026-01-30T10:00:00+00:00,48644.15,48677.65,48636.65,48671.15,3033
2026-01-30T10:15:00+00:00,48671.15,48692.15,48663.65,48684.15,2871
2026-01-30T10:30:00+00:00,48684.15,48730.65,48683.15,48713.65,2567
2026-01-30T10:45:00+00:00,48713.65,48731.15,48696.15,48710.65,2396
2026-01-30T11:00:00+00:00,48710.65,48762.15,48704.65,48754.65,2373
2026-01-30T11:15:00+00:00,48754.65,48810.15,48749.65,48804.65,2667
2026-01-30T11:30:00+00:00,48804.65,48878.65,48804.65,48869.15,2809
2026-01-30T11:45:00+00:00,48869.15,48940.65,48819.65,48931.15,4231
2026-01-30T12:00:00+00:00,48931.15,48975.15,48914.15,48919.15,4280
2026-01-30T12:15:00+00:00,48919.15,48929.15,48871.65,48876.65,3339
2026-01-30T12:30:00+00:00,48876.65,48896.65,48850.65,48852.65,2795
2026-01-30T12:45:00+00:00,48852.65,48877.65,48830.65,48858.65,3571
2026-01-30T13:00:00+00:00,48858.65,48908.65,48838.65,48894.15,3471
2026-01-30T13:15:00+00:00,48894.15,48900.65,48828.15,48851.15,3352
2026-01-30T13:30:00+00:00,48851.15,48852.65,48754.15,48828.65,6343
2026-01-30T13:45:00+00:00,48828.65,48840.15,48787.65,48797.65,5372
2026-01-30T14:00:00+00:00,48797.65,48868.65,48788.65,48864.15,6109
2026-01-30T14:15:00+00:00,48864.15,48937.65,48852.15,48927.65,5567
2026-01-30T14:30:00+00:00,48927.65,49063.39,48902.39,48947.89,40163
2026-01-30T14:45:00+00:00,48947.89,48963.39,48843.39,48879.39,31371
2026-01-30T15:00:00+00:00,48879.39,48998.89,48867.39,48973.89,26361
2026-01-30T15:15:00+00:00,48973.89,48991.39,48841.39,48863.39,23915
2026-01-30T15:30:00+00:00,48863.39,48971.39,48832.39,48961.39,25589
2026-01-30T15:45:00+00:00,48961.39,48979.89,48814.39,48817.39,18258
2026-01-30T16:00:00+00:00,48817.39,48826.89,48707.39,48729.39,16159
2026-01-30T16:15:00+00:00,48729.39,48731.39,48597.39,48632.89,17709
2026-01-30T16:30:00+00:00,48632.89,48716.89,48613.39,48682.89,19285
2026-01-30T16:45:00+00:00,48682.89,48696.39,48638.39,48667.89,18269
2026-01-30T17:00:00+00:00,48667.89,48683.39,48522.39,48538.39,18743
2026-01-30T17:15:00+00:00,48538.39,48682.89,48524.39,48670.39,19175
2026-01-30T17:30:00+00:00,48670.39,48710.39,48576.39,48650.39,18995
2026-01-30T17:45:00+00:00,48650.39,48683.89,48575.39,48577.39,19338
2026-01-30T18:00:00+00:00,48577.39,48675.39,48564.39,48589.39,15754
2026-01-30T18:15:00+00:00,48589.39,48633.39,48464.89,48625.39,12258
2026-01-30T18:30:00+00:00,48625.39,48626.89,48516.39,48607.39,2840
2026-01-30T18:45:00+00:00,48607.39,48838.39,48605.39,48790.39,13709
2026-01-30T19:00:00+00:00,48790.39,48895.89,48790.39,48853.39,17041
2026-01-30T19:15:00+00:00,48853.39,48919.39,48803.39,48808.39,14444
2026-01-30T19:30:00+00:00,48808.39,48872.39,48755.89,48841.39,22225
2026-01-30T19:45:00+00:00,48841.39,48912.39,48793.39,48797.39,14647
2026-01-30T20:00:00+00:00,48797.39,48857.39,48790.89,48813.39,13617
2026-01-30T20:15:00+00:00,48813.39,48868.89,48784.89,48843.39,13190
2026-01-30T20:30:00+00:00,48843.39,48906.89,48835.39,48896.39,11803
2026-01-30T20:45:00+00:00,48896.39,48982.89,48869.39,48917.89,18796
2026-01-30T21:00:00+00:00,48917.89,48948.65,48862.65,48890.15,5053
2026-01-30T21:15:00+00:00,48890.15,48924.15,48883.65,48892.15,1592
2026-01-30T21:30:00+00:00,48892.15,48893.15,48847.65,48852.79,1235
2026-02-01T23:00:00+00:00,48852.79,48852.79,48669.31,48785.66,2011
2026-02-01T23:15:00+00:00,48785.66,48814.66,48757.66,48807.66,3138
2026-02-01T23:30:00+00:00,48807.66,48873.16,48797.16,48862.66,3355
2026-02-01T23:45:00+00:00,48862.66,48902.66,48860.66,48883.16,3209
2026-02-02T00:00:00+00:00,48883.16,48897.66,48828.16,48875.66,4655
2026-02-02T00:15:00+00:00,48875.66,48916.66,48871.16,48894.66,4020
2026-02-02T00:30:00+00:00,48894.66,48949.16,48880.66,48922.66,3493
2026-02-02T00:45:00+00:00,48922.66,48933.16,48905.16,48905.66,2737
2026-02-02T01:00:00+00:00,48905.66,48942.16,48828.16,48850.66,6343
2026-02-02T01:15:00+00:00,48850.66,48869.66,48829.16,48854.16,7641
2026-02-02T01:30:00+00:00,48854.16,48861.66,48800.66,48814.16,9051
2026-02-02T01:45:00+00:00,48814.16,48819.66,48723.16,48730.16,7536
2026-02-02T02:00:00+00:00,48730.16,48758.16,48704.16,48742.66,6952
2026-02-02T02:15:00+00:00,48742.66,48759.16,48706.16,48718.66,6155
2026-02-02T02:30:00+00:00,48718.66,48743.66,48693.66,48726.16,4980
2026-02-02T02:45:00+00:00,48726.16,48732.66,48670.16,48677.16,4619
2026-02-02T03:00:00+00:00,48677.16,48702.66,48631.16,48659.16,3909
2026-02-02T03:15:00+00:00,48659.16,48677.16,48626.16,48639.16,4320
2026-02-02T03:30:00+00:00,48639.16,48649.16,48572.16,48581.66,5464
2026-02-02T03:45:00+00:00,48581.66,48600.66,48538.16,48550.66,5373
2026-02-02T04:00:00+00:00,48550.66,48556.66,48464.66,48490.16,6393
2026-02-02T04:15:00+00:00,48490.16,48558.16,48483.16,48532.16,5054
2026-02-02T04:30:00+00:00,48532.16,48574.16,48530.16,48566.16,4015
2026-02-02T04:45:00+00:00,48566.16,48572.16,48545.16,48558.16,2734
2026-02-02T05:00:00+00:00,48558.16,48574.16,48546.16,48560.16,3724
2026-02-02T05:15:00+00:00,48560.16,48568.16,48528.66,48534.16,3200
2026-02-02T05:30:00+00:00,48534.16,48546.16,48507.66,48531.16,4128
2026-02-02T05:45:00+00:00,48531.16,48557.16,48514.16,48530.16,3934
2026-02-02T06:00:00+00:00,48530.16,48549.16,48503.16,48507.16,3467
2026-02-02T06:15:00+00:00,48507.16,48522.16,48449.16,48479.16,4377
2026-02-02T06:30:00+00:00,48479.16,48488.16,48414.66,48463.16,4860
2026-02-02T06:45:00+00:00,48463.16,48478.66,48428.16,48464.66,3834
2026-02-02T07:00:00+00:00,48464.66,48504.67,48437.67,48458.67,4950
2026-02-02T07:15:00+00:00,48458.67,48517.67,48447.67,48515.17,3314
2026-02-02T07:30:00+00:00,48515.17,48552.67,48511.67,48530.17,3473
2026-02-02T07:45:00+00:00,48530.17,48555.67,48512.67,48553.17,3814
2026-02-02T08:00:00+00:00,48553.17,48608.17,48545.67,48593.17,5964
2026-02-02T08:15:00+00:00,48593.17,48645.67,48586.17,48607.67,4620
2026-02-02T08:30:00+00:00,48607.67,48695.17,48607.67,48681.67,4010
2026-02-02T08:45:00+00:00,48681.67,48732.17,48678.67,48721.67,2514
2026-02-02T09:00:00+00:00,48721.67,48727.67,48687.67,48714.17,4595
2026-02-02T09:15:00+00:00,48714.17,48792.67,48695.17,48761.67,3891
2026-02-02T09:30:00+00:00,48761.67,48790.17,48742.67,48765.67,3249
2026-02-02T09:45:00+00:00,48765.67,48790.67,48762.67,48776.17,2532
2026-02-02T10:00:00+00:00,48776.17,48804.67,48773.67,48794.67,2979
2026-02-02T10:15:00+00:00,48794.67,48808.67,48775.67,48801.67,2515
2026-02-02T10:30:00+00:00,48801.67,48818.67,48767.67,48781.67,2897
2026-02-02T10:45:00+00:00,48781.67,48788.67,48766.67,48781.67,2522
2026-02-02T11:00:00+00:00,48781.67,48848.67,48781.17,48846.67,2406
2026-02-02T11:15:00+00:00,48846.67,48885.67,48830.67,48883.17,1976
2026-02-02T11:30:00+00:00,48883.17,48898.67,48846.17,48874.67,2424
2026-02-02T11:45:00+00:00,48874.67,48906.17,48873.67,48878.67,1910
2026-02-02T12:00:00+00:00,48878.67,48901.17,48861.17,48876.17,2705
2026-02-02T12:15:00+00:00,48876.17,48899.67,48857.17,48868.67,2532
2026-02-02T12:30:00+00:00,48868.67,48894.17,48867.67,48889.67,2116
2026-02-02T12:45:00+00:00,48889.67,48901.17,48865.17,48868.67,2291
2026-02-02T13:00:00+00:00,48868.67,48877.17,48816.67,48876.67,3201
2026-02-02T13:15:00+00:00,48876.67,48888.67,48852.17,48866.67,3193
2026-02-02T13:30:00+00:00,48866.67,48904.17,48860.67,48903.67,3232
2026-02-02T13:45:00+00:00,48903.67,48943.67,48902.67,48925.67,2915
2026-02-02T14:00:00+00:00,48925.67,48948.17,48915.17,48940.67,4024
2026-02-02T14:15:00+00:00,48940.67,48948.17,48897.67,48913.17,4084
2026-02-02T14:30:00+00:00,48913.17,49156.91,48721.91,49155.91,46351
2026-02-02T14:45:00+00:00,49155.91,49228.41,49053.91,49098.31,23774
2026-02-02T15:00:00+00:00,49098.31,49232.41,49046.41,49220.41,21570
2026-02-02T15:15:00+00:00,49220.41,49280.91,49199.41,49240.41,15665
2026-02-02T15:30:00+00:00,49240.41,49334.41,49230.41,49302.41,14959
2026-02-02T15:45:00+00:00,49302.41,49366.41,49266.41,49346.91,15993
2026-02-02T16:00:00+00:00,49346.91,49394.91,49301.41,49384.41,14243
2026-02-02T16:15:00+00:00,49384.41,49409.41,49342.91,49369.91,10060
2026-02-02T16:30:00+00:00,49369.91,49374.41,49323.91,49358.41,8904
2026-02-02T16:45:00+00:00,49358.41,49376.41,49307.41,49369.41,8833
2026-02-02T17:00:00+00:00,49369.41,49429.91,49364.41,49411.41,8090
2026-02-02T17:15:00+00:00,49411.41,49424.41,49382.91,49402.41,6071
2026-02-02T17:30:00+00:00,49402.41,49420.41,49382.41,49412.91,5567
2026-02-02T17:45:00+00:00,49412.91,49444.91,49406.41,49418.91,5455
2026-02-02T18:00:00+00:00,49418.91,49444.91,49399.41,49402.41,4769
2026-02-02T18:15:00+00:00,49402.41,49404.41,49349.91,49365.41,5924
2026-02-02T18:30:00+00:00,49365.41,49416.91,49360.91,49415.41,5540
2026-02-02T18:45:00+00:00,49415.41,49451.41,49414.91,49420.41,4697
2026-02-02T19:00:00+00:00,49420.41,49465.91,49406.91,49447.91,4334
2026-02-02T19:15:00+00:00,49447.91,49458.41,49434.41,49455.41,3699
2026-02-02T19:30:00+00:00,49455.41,49471.91,49415.41,49470.91,5700
2026-02-02T19:45:00+00:00,49470.91,49504.41,49426.41,49443.41,8251
2026-02-02T20:00:00+00:00,49443.41,49511.91,49407.41,49440.41,15178
2026-02-02T20:15:00+00:00,49440.41,49456.91,49399.41,49439.41,8369
2026-02-02T20:30:00+00:00,49439.41,49459.41,49410.41,49413.41,7213
2026-02-02T20:45:00+00:00,49413.41,49471.91,49408.41,49433.41,10732
2026-02-02T21:00:00+00:00,49433.41,49450.17,49407.67,49435.67,4391
2026-02-02T21:15:00+00:00,49435.67,49448.67,49428.17,49429.67,1429
2026-02-02T21:30:00+00:00,49429.67,49432.67,49401.67,49405.67,894
2026-02-02T21:45:00+00:00,49405.67,49417.67,49391.67,49397.67,842
2026-02-02T23:00:00+00:00,49397.67,49472.34,49383.84,49443.84,1424
2026-02-02T23:15:00+00:00,49443.84,49459.84,49435.34,49451.84,904
2026-02-02T23:30:00+00:00,49451.84,49485.84,49447.34,49459.84,1593
2026-02-02T23:45:00+00:00,49459.84,49465.34,49438.84,49443.84,1245
2026-02-03T00:00:00+00:00,49443.84,49447.84,49414.84,49440.34,1694
2026-02-03T00:15:00+00:00,49440.34,49479.34,49439.34,49466.34,1686
2026-02-03T00:30:00+00:00,49466.34,49475.34,49454.84,49464.34,877
2026-02-03T00:45:00+00:00,49464.34,49473.34,49456.34,49469.34,1010
2026-02-03T01:00:00+00:00,49469.34,49474.34,49448.34,49463.84,1520
2026-02-03T01:15:00+00:00,49463.84,49467.34,49448.84,49453.84,1212
2026-02-03T01:30:00+00:00,49453.84,49453.84,49434.84,49450.34,1456
2026-02-03T01:45:00+00:00,49450.34,49452.34,49431.84,49447.34,1256
2026-02-03T02:00:00+00:00,49447.34,49447.34,49429.34,49438.34,1442
2026-02-03T02:15:00+00:00,49438.34,49451.34,49427.34,49429.34,1203
2026-02-03T02:30:00+00:00,49429.34,49436.34,49422.34,49430.34,1172
2026-02-03T02:45:00+00:00,49430.34,49446.34,49425.84,49437.84,1221
2026-02-03T03:00:00+00:00,49437.84,49462.34,49433.34,49443.34,950
2026-02-03T03:15:00+00:00,49443.34,49465.84,49440.34,49457.34,920
2026-02-03T03:30:00+00:00,49457.34,49466.34,49446.34,49463.34,1348
2026-02-03T03:45:00+00:00,49463.34,49463.34,49449.84,49454.34,913
2026-02-03T04:00:00+00:00,49454.34,49474.34,49453.84,49459.34,757
2026-02-03T04:15:00+00:00,49459.34,49461.34,49449.34,49454.84,533
2026-02-03T04:30:00+00:00,49454.84,49471.34,49454.84,49470.34,712
2026-02-03T04:45:00+00:00,49470.34,49479.34,49467.34,49478.34,477
2026-02-03T05:00:00+00:00,49478.34,49478.34,49440.84,49444.34,1036
2026-02-03T05:15:00+00:00,49444.34,49458.34,49438.34,49452.84,666
2026-02-03T05:30:00+00:00,49452.84,49466.34,49449.34,49457.34,639
2026-02-03T05:45:00+00:00,49457.34,49474.34,49455.34,49465.34,640
2026-02-03T06:00:00+00:00,49465.34,49489.34,49457.34,49485.34,760
2026-02-03T06:15:00+00:00,49485.34,49491.34,49472.34,49472.34,718
2026-02-03T06:30:00+00:00,49472.34,49489.84,49468.34,49479.34,933
2026-02-03T06:45:00+00:00,49479.34,49480.34,49464.34,49466.84,510
2026-02-03T07:00:00+00:00,49466.84,49486.85,49461.85,49478.85,1010
2026-02-03T07:15:00+00:00,49478.85,49484.35,49460.35,49467.85,883
2026-02-03T07:30:00+00:00,49467.85,49478.35,49460.85,49474.85,815
2026-02-03T07:45:00+00:00,49474.85,49482.85,49466.85,49473.85,1023
2026-02-03T08:00:00+00:00,49473.85,49503.85,49450.85,49497.85,2934
2026-02-03T08:15:00+00:00,49497.85,49507.35,49478.35,49478.85,1300
2026-02-03T08:30:00+00:00,49478.85,49482.85,49454.85,49472.85,1719
2026-02-03T08:45:00+00:00,49472.85,49473.85,49446.85,49457.35,1442
2026-02-03T09:00:00+00:00,49457.35,49467.35,49447.85,49458.85,1754
2026-02-03T09:15:00+00:00,49458.85,49464.85,49440.85,49441.85,1683
2026-02-03T09:30:00+00:00,49441.85,49445.35,49407.85,49416.85,1800
2026-02-03T09:45:00+00:00,49416.85,49421.85,49399.85,49416.85,1383
2026-02-03T10:00:00+00:00,49416.85,49443.35,49416.85,49434.85,1406
2026-02-03T10:15:00+00:00,49434.85,49437.85,49421.85,49430.35,866
2026-02-03T10:30:00+00:00,49430.35,49431.85,49406.85,49412.85,1248
2026-02-03T10:45:00+00:00,49412.85,49413.85,49399.85,49405.35,983
2026-02-03T11:00:00+00:00,49405.35,49408.85,49378.85,49397.85,1349
2026-02-03T11:15:00+00:00,49397.85,49407.35,49380.85,49395.85,978
2026-02-03T11:30:00+00:00,49395.85,49396.85,49364.35,49393.85,1946
2026-02-03T11:45:00+00:00,49393.85,49401.85,49371.35,49397.85,1355
2026-02-03T12:00:00+00:00,49397.85,49420.85,49385.85,49419.85,1826
2026-02-03T12:15:00+00:00,49419.85,49442.85,49405.85,49441.85,1512
2026-02-03T12:30:00+00:00,49441.85,49461.85,49438.85,49459.85,1247
2026-02-03T12:45:00+00:00,49459.85,49467.35,49446.85,49451.35,1338
2026-02-03T13:00:00+00:00,49451.35,49451.35,49415.85,49416.35,2085
2026-02-03T13:15:00+00:00,49416.35,49441.85,49408.35,49440.35,1701
2026-02-03T13:30:00+00:00,49440.35,49449.85,49409.35,49409.85,1903
2026-02-03T13:45:00+00:00,49409.85,49424.85,49401.85,49415.35,1842
2026-02-03T14:00:00+00:00,49415.35,49417.85,49367.35,49374.85,2702
2026-02-03T14:15:00+00:00,49374.85,49376.85,49312.85,49335.85,4214
2026-02-03T14:30:00+00:00,49335.85,49680.09,49331.59,49607.59,50915
2026-02-03T14:45:00+00:00,49607.59,49650.59,49438.09,49452.59,32745
2026-02-03T15:00:00+00:00,49452.59,49507.59,49409.59,49453.59,33106
2026-02-03T15:15:00+00:00,49453.59,49569.59,49442.09,49505.09,32260
2026-02-03T15:30:00+00:00,49505.09,49539.59,49406.09,49407.59,28098
2026-02-03T15:45:00+00:00,49407.59,49521.09,49381.09,49476.09,23581
2026-02-03T16:00:00+00:00,49476.09,49502.59,49455.59,49458.59,21628
2026-02-03T16:15:00+00:00,49458.59,49484.59,49383.09,49386.59,20186
2026-02-03T16:30:00+00:00,49386.59,49408.09,49304.59,49337.59,20530
2026-02-03T16:45:00+00:00,49337.59,49353.59,49286.59,49323.59,16885
2026-02-03T17:00:00+00:00,49323.59,49341.59,49185.59,49226.59,21737
2026-02-03T17:15:00+00:00,49226.59,49286.09,49196.59,49197.09,20984
2026-02-03T17:30:00+00:00,49197.09,49200.59,49092.09,49099.59,19209
2026-02-03T17:45:00+00:00,49099.59,49148.09,49032.09,49037.59,18764
2026-02-03T18:00:00+00:00,49037.59,49111.09,48973.59,49003.59,19764
2026-02-03T18:15:00+00:00,49003.59,49040.59,48962.09,48967.59,17223
2026-02-03T18:30:00+00:00,48967.59,49003.59,48956.59,48961.59,15843
2026-02-03T18:45:00+00:00,48961.59,48984.09,48894.59,48900.09,13579
2026-02-03T19:00:00+00:00,48900.09,48985.09,48846.59,48978.59,19447
2026-02-03T19:15:00+00:00,48978.59,49044.09,48950.09,48982.59,26774
2026-02-03T19:30:00+00:00,48982.59,49062.09,48953.59,49044.59,27594
2026-02-03T19:45:00+00:00,49044.59,49082.09,48978.59,49066.59,22532
2026-02-03T20:00:00+00:00,49066.59,49121.59,49043.09,49120.09,16662
2026-02-03T20:15:00+00:00,49120.09,49167.59,49095.59,49161.09,14523
2026-02-03T20:30:00+00:00,49161.09,49270.09,49156.59,49216.59,13491
2026-02-03T20:45:00+00:00,49216.59,49300.09,49203.59,49256.09,14959
2026-02-03T21:00:00+00:00,49256.09,49328.85,49206.35,49290.35,5881
2026-02-03T21:15:00+00:00,49290.35,49309.85,49262.35,49281.85,4414
2026-02-03T21:30:00+00:00,49281.85,49300.35,49265.85,49284.35,2374
2026-02-03T21:45:00+00:00,49284.35,49288.85,49248.85,49282.99,2140
2026-02-03T23:00:00+00:00,49282.99,49315.64,49282.29,49315.14,1567
2026-02-03T23:15:00+00:00,49315.14,49330.64,49278.14,49282.64,1035
2026-02-03T23:30:00+00:00,49282.64,49299.64,49275.64,49298.64,716
2026-02-03T23:45:00+00:00,49298.64,49318.64,49283.64,49315.64,1261
2026-02-04T00:00:00+00:00,49315.64,49321.14,49281.64,49286.14,2685
2026-02-04T00:15:00+00:00,49286.14,49309.64,49280.14,49290.14,1747
2026-02-04T00:30:00+00:00,49290.14,49309.14,49287.14,49293.14,1310
2026-02-04T00:45:00+00:00,49293.14,49300.64,49280.64,49282.14,1566
2026-02-04T01:00:00+00:00,49282.14,49313.64,49282.14,49312.14,2615
2026-02-04T01:15:00+00:00,49312.14,49315.64,49294.64,49302.14,1713
2026-02-04T01:30:00+00:00,49302.14,49307.14,49272.14,49283.14,1502
2026-02-04T01:45:00+00:00,49283.14,49296.14,49277.64,49284.14,1487
2026-02-04T02:00:00+00:00,49284.14,49323.64,49284.14,49312.14,1984
2026-02-04T02:15:00+00:00,49312.14,49321.14,49286.14,49299.14,1598
2026-02-04T02:30:00+00:00,49299.14,49310.64,49287.14,49309.14,1356
2026-02-04T02:45:00+00:00,49309.14,49316.14,49292.14,49310.14,1062
2026-02-04T03:00:00+00:00,49310.14,49327.14,49297.14,49317.64,1020
2026-02-04T03:15:00+00:00,49317.64,49327.14,49298.14,49313.64,1546
2026-02-04T03:30:00+00:00,49313.64,49343.14,49313.14,49325.14,1128
2026-02-04T03:45:00+00:00,49325.14,49328.14,49307.14,49328.14,1408
2026-02-04T04:00:00+00:00,49328.14,49336.64,49320.14,49327.14,740
2026-02-04T04:15:00+00:00,49327.14,49328.64,49314.14,49319.14,725
2026-02-04T04:30:00+00:00,49319.14,49332.64,49318.64,49329.14,699
2026-02-04T04:45:00+00:00,49329.14,49330.14,49316.14,49322.14,568
2026-02-04T05:00:00+00:00,49322.14,49328.14,49314.14,49315.14,828
2026-02-04T05:15:00+00:00,49315.14,49327.14,49315.14,49323.14,548
2026-02-04T05:30:00+00:00,49323.14,49324.14,49306.14,49319.64,746
2026-02-04T05:45:00+00:00,49319.64,49339.14,49318.14,49336.14,679
2026-02-04T06:00:00+00:00,49336.14,49362.64,49328.14,49354.14,1033
2026-02-04T06:15:00+00:00,49354.14,49356.64,49326.64,49343.14,1183
2026-02-04T06:30:00+00:00,49343.14,49379.14,49338.14,49377.14,1126
2026-02-04T06:45:00+00:00,49377.14,49401.14,49375.64,49381.64,1296
2026-02-04T07:00:00+00:00,49381.64,49403.65,49377.65,49397.65,1322
2026-02-04T07:15:00+00:00,49397.65,49399.65,49385.65,49392.65,832
2026-02-04T07:30:00+00:00,49392.65,49394.65,49375.65,49392.65,950
2026-02-04T07:45:00+00:00,49392.65,49403.15,49382.15,49391.65,870
2026-02-04T08:00:00+00:00,49391.65,49415.15,49356.65,49412.65,3452
2026-02-04T08:15:00+00:00,49412.65,49425.65,49345.65,49347.65,3029
2026-02-04T08:30:00+00:00,49347.65,49383.65,49339.65,49381.65,2941
2026-02-04T08:45:00+00:00,49381.65,49382.65,49343.65,49359.65,2720
2026-02-04T09:00:00+00:00,49359.65,49376.65,49331.15,49336.65,3160
2026-02-04T09:15:00+00:00,49336.65,49340.15,49307.65,49326.65,3719
2026-02-04T09:30:00+00:00,49326.65,49351.65,49313.65,49331.65,2948
2026-02-04T09:45:00+00:00,49331.65,49365.15,49331.65,49360.65,2535
2026-02-04T10:00:00+00:00,49360.65,49404.65,49341.65,49387.15,2656
2026-02-04T10:15:00+00:00,49387.15,49409.15,49375.65,49405.15,2193
2026-02-04T10:30:00+00:00,49405.15,49436.65,49395.15,49410.65,2469
2026-02-04T10:45:00+00:00,49410.65,49417.15,49393.15,49406.65,1429
2026-02-04T11:00:00+00:00,49406.65,49416.15,49385.15,49397.65,1609
2026-02-04T11:15:00+00:00,49397.65,49416.65,49390.15,49406.65,1590
2026-02-04T11:30:00+00:00,49406.65,49428.65,49391.65,49419.65,1755
2026-02-04T11:45:00+00:00,49419.65,49462.65,49401.15,49447.65,3054
2026-02-04T12:00:00+00:00,49447.65,49475.65,49436.65,49453.65,1993
2026-02-04T12:15:00+00:00,49453.65,49455.65,49358.65,49376.15,2245
2026-02-04T12:30:00+00:00,49376.15,49392.65,49352.15,49377.15,2180
2026-02-04T12:45:00+00:00,49377.15,49402.65,49353.15,49373.65,2209
2026-02-04T13:00:00+00:00,49373.65,49382.15,49338.65,49379.15,3114
2026-02-04T13:15:00+00:00,49379.15,49415.15,49374.65,49402.15,3258
2026-02-04T13:30:00+00:00,49402.15,49449.15,49382.15,49412.65,5067
2026-02-04T13:45:00+00:00,49412.65,49414.15,49345.65,49346.65,3153
2026-02-04T14:00:00+00:00,49346.65,49347.15,49318.15,49333.65,3869
2026-02-04T14:15:00+00:00,49333.65,49422.15,49304.65,49416.65,4519
2026-02-04T14:30:00+00:00,49416.65,49640.39,49411.89,49585.89,43227
2026-02-04T14:45:00+00:00,49585.89,49649.39,49343.39,49374.39,35645
2026-02-04T15:00:00+00:00,49374.39,49563.89,49277.89,49516.89,35731
2026-02-04T15:15:00+00:00,49516.89,49665.39,49508.39,49632.89,33732
2026-02-04T15:30:00+00:00,49632.89,49676.89,49470.39,49656.89,32229
2026-02-04T15:45:00+00:00,49656.89,49669.89,49577.39,49622.89,26414
2026-02-04T16:00:00+00:00,49622.89,49652.39,49524.39,49603.39,25370
2026-02-04T16:15:00+00:00,49603.39,49667.39,49485.89,49658.39,24687
2026-02-04T16:30:00+00:00,49658.39,49667.39,49503.39,49509.39,20686
2026-02-04T16:45:00+00:00,49509.39,49578.39,49433.39,49561.39,20320
2026-02-04T17:00:00+00:00,49561.39,49601.39,49511.39,49577.89,22936
2026-02-04T17:15:00+00:00,49577.89,49580.89,49357.39,49393.39,22115
2026-02-04T17:30:00+00:00,49393.39,49453.39,49278.39,49320.89,19244
2026-02-04T17:45:00+00:00,49320.89,49341.89,49227.89,49305.89,17104
2026-02-04T18:00:00+00:00,49305.89,49315.89,49178.39,49185.39,16930
2026-02-04T18:15:00+00:00,49185.39,49312.39,49133.39,49289.39,16666
2026-02-04T18:30:00+00:00,49289.39,49308.39,49181.89,49241.89,19677
2026-02-04T18:45:00+00:00,49241.89,49378.89,49203.39,49308.89,16694
2026-02-04T19:00:00+00:00,49308.89,49342.89,49235.39,49317.89,20666
2026-02-04T19:15:00+00:00,49317.89,49378.39,49302.39,49368.39,13110
2026-02-04T19:30:00+00:00,49368.39,49474.39,49364.89,49459.39,12277
2026-02-04T19:45:00+00:00,49459.39,49607.89,49444.39,49597.89,15044
2026-02-04T20:00:00+00:00,49597.89,49628.39,49557.39,49615.39,11602
2026-02-04T20:15:00+00:00,49615.39,49618.89,49560.39,49570.39,11923
2026-02-04T20:30:00+00:00,49570.39,49627.39,49563.39,49586.89,10743
2026-02-04T20:45:00+00:00,49586.89,49631.39,49481.89,49506.39,7853
2026-02-04T21:00:00+00:00,49506.39,49616.15,49485.65,49541.15,11406
2026-02-04T21:15:00+00:00,49541.15,49546.15,49507.15,49532.15,3781
2026-02-04T21:30:00+00:00,49532.15,49539.65,49459.15,49517.15,4189
2026-02-04T21:45:00+00:00,49517.15,49522.65,49459.15,49467.29,3058
2026-02-04T23:00:00+00:00,49467.29,49531.89,49458.89,49520.39,996
2026-02-04T23:15:00+00:00,49520.39,49547.89,49516.89,49524.89,912
2026-02-04T23:30:00+00:00,49524.89,49544.39,49499.39,49504.39,1443
2026-02-04T23:45:00+00:00,49504.39,49525.39,49468.39,49484.89,1727
2026-02-05T00:00:00+00:00,49484.89,49486.39,49449.89,49479.39,2901
2026-02-05T00:15:00+00:00,49479.39,49521.39,49478.89,49516.39,2144
2026-02-05T00:30:00+00:00,49516.39,49522.39,49505.89,49508.39,1195
2026-02-05T00:45:00+00:00,49508.39,49520.39,49490.89,49492.89,1179
2026-02-05T01:00:00+00:00,49492.89,49526.39,49490.89,49523.39,1993
2026-02-05T01:15:00+00:00,49523.39,49535.39,49503.89,49530.39,2421
2026-02-05T01:30:00+00:00,49530.39,49576.89,49525.39,49574.39,2451
2026-02-05T01:45:00+00:00,49574.39,49585.39,49560.39,49582.39,2199
2026-02-05T02:00:00+00:00,49582.39,49590.89,49494.39,49496.39,3918
2026-02-05T02:15:00+00:00,49496.39,49516.39,49453.39,49510.39,6503
2026-02-05T02:30:00+00:00,49510.39,49538.39,49498.39,49524.39,3722
2026-02-05T02:45:00+00:00,49524.39,49528.39,49424.89,49433.89,4647
2026-02-05T03:00:00+00:00,49433.89,49471.89,49422.39,49462.39,5230
2026-02-05T03:15:00+00:00,49462.39,49487.89,49452.39,49475.89,3567
2026-02-05T03:30:00+00:00,49475.89,49480.39,49438.89,49448.39,4295
2026-02-05T03:45:00+00:00,49448.39,49448.39,49389.39,49398.39,3413
2026-02-05T04:00:00+00:00,49398.39,49431.89,49398.39,49421.39,3108
2026-02-05T04:15:00+00:00,49421.39,49433.39,49406.39,49427.39,2597
2026-02-05T04:30:00+00:00,49427.39,49454.39,49418.39,49452.39,1969
2026-02-05T04:45:00+00:00,49452.39,49465.89,49444.39,49451.89,1594
2026-02-05T05:00:00+00:00,49451.89,49460.89,49429.39,49431.39,2268
2026-02-05T05:15:00+00:00,49431.39,49442.39,49411.39,49437.39,2228
2026-02-05T05:30:00+00:00,49437.39,49460.39,49423.39,49444.39,2086
2026-02-05T05:45:00+00:00,49444.39,49450.39,49428.39,49438.39,2327
2026-02-05T06:00:00+00:00,49438.39,49458.89,49424.89,49451.39,2184
2026-02-05T06:15:00+00:00,49451.39,49466.89,49430.89,49447.39,1969
2026-02-05T06:30:00+00:00,49447.39,49461.39,49435.39,49454.39,2099
2026-02-05T06:45:00+00:00,49454.39,49474.39,49452.89,49465.39,1271
2026-02-05T07:00:00+00:00,49465.39,49474.9,49456.9,49457.9,2141
2026-02-05T07:15:00+00:00,49457.9,49496.4,49455.4,49488.9,1858
2026-02-05T07:30:00+00:00,49488.9,49498.9,49459.4,49470.9,1717
2026-02-05T07:45:00+00:00,49470.9,49493.9,49450.9,49455.9,2073
2026-02-05T08:00:00+00:00,49455.9,49499.9,49448.9,49491.4,4971
2026-02-05T08:15:00+00:00,49491.4,49511.4,49456.9,49470.9,3255
2026-02-05T08:30:00+00:00,49470.9,49491.9,49429.4,49436.9,3943
2026-02-05T08:45:00+00:00,49436.9,49441.4,49347.9,49368.4,4984
2026-02-05T09:00:00+00:00,49368.4,49395.4,49341.9,49349.9,5147
2026-02-05T09:15:00+00:00,49349.9,49420.9,49331.9,49418.4,3835
2026-02-05T09:30:00+00:00,49418.4,49453.9,49391.4,49397.4,3281
2026-02-05T09:45:00+00:00,49397.4,49419.9,49367.4,49416.4,2909
2026-02-05T10:00:00+00:00,49416.4,49479.9,49388.9,49475.9,2691
2026-02-05T10:15:00+00:00,49475.9,49493.4,49464.4,49487.4,2282
2026-02-05T10:30:00+00:00,49487.4,49492.4,49420.9,49436.9,2691
2026-02-05T10:45:00+00:00,49436.9,49463.9,49425.4,49437.9,2212
2026-02-05T11:00:00+00:00,49437.9,49463.4,49425.4,49451.4,2533
2026-02-05T11:15:00+00:00,49451.4,49499.4,49451.4,49490.9,2457
2026-02-05T11:30:00+00:00,49490.9,49537.9,49478.9,49530.4,3239
2026-02-05T11:45:00+00:00,49530.4,49564.9,49526.9,49554.4,2460
2026-02-05T12:00:00+00:00,49554.4,49612.9,49527.54,49589.9,3895
2026-02-05T12:15:00+00:00,49589.9,49597.9,49399.4,49400.9,7147
2026-02-05T12:30:00+00:00,49400.9,49418.4,49340.9,49379.9,10341
2026-02-05T12:45:00+00:00,49379.9,49397.9,49319.4,49370.9,10798
2026-02-05T13:00:00+00:00,49370.9,49380.9,49321.9,49347.4,7427
2026-02-05T13:15:00+00:00,49347.4,49377.4,49336.9,49368.4,6109
2026-02-05T13:30:00+00:00,49368.4,49399.9,49328.9,49351.9,7268
2026-02-05T13:45:00+00:00,49351.9,49362.4,49302.9,49308.4,6813
2026-02-05T14:00:00+00:00,49308.4,49372.4,49282.4,49331.9,8834
2026-02-05T14:15:00+00:00,49331.9,49336.4,49249.9,49274.9,6868
2026-02-05T14:30:00+00:00,49274.9,49339.64,49157.14,49286.64,55806
2026-02-05T14:45:00+00:00,49286.64,49365.14,49189.64,49223.14,45520
2026-02-05T15:00:00+00:00,49223.14,49277.64,48997.14,49003.64,37911
2026-02-05T15:15:00+00:00,49003.64,49063.64,48886.64,48909.14,35109
2026-02-05T15:30:00+00:00,48909.14,48966.64,48845.64,48924.14,35074
2026-02-05T15:45:00+00:00,48924.14,48948.64,48848.14,48929.64,28379
2026-02-05T16:00:00+00:00,48929.64,48946.64,48840.64,48845.14,21939
2026-02-05T16:15:00+00:00,48845.14,49068.64,48843.64,49025.64,27103
2026-02-05T16:30:00+00:00,49025.64,49091.64,49002.64,49037.64,24896
2026-02-05T16:45:00+00:00,49037.64,49172.14,48996.14,49165.14,21352
2026-02-05T17:00:00+00:00,49165.14,49176.64,49064.64,49106.14,18116
2026-02-05T17:15:00+00:00,49106.14,49246.64,49051.64,49231.64,19315
2026-02-05T17:30:00+00:00,49231.64,49250.64,49161.64,49212.64,20787
2026-02-05T17:45:00+00:00,49212.64,49279.64,49148.14,49158.14,20224
2026-02-05T18:00:00+00:00,49158.14,49198.64,49100.64,49118.14,18900
2026-02-05T18:15:00+00:00,49118.14,49129.14,49003.14,49025.14,13215
2026-02-05T18:30:00+00:00,49025.14,49083.14,48967.14,49012.14,10518
2026-02-05T18:45:00+00:00,49012.14,49031.14,48927.64,48962.14,8352
2026-02-05T19:00:00+00:00,48962.14,49121.14,48944.14,49099.64,10364
2026-02-05T19:15:00+00:00,49099.64,49164.64,49090.14,49121.14,9474
2026-02-05T19:30:00+00:00,49121.14,49121.64,49010.64,49033.14,10720
2026-02-05T19:45:00+00:00,49033.14,49056.14,48999.64,49043.14,9919
2026-02-05T20:00:00+00:00,49043.14,49113.14,49015.14,49074.64,9990
2026-02-05T20:15:00+00:00,49074.64,49075.64,48932.64,48955.14,10649
2026-02-05T20:30:00+00:00,48955.14,48977.14,48896.64,48909.64,12606
2026-02-05T20:45:00+00:00,48909.64,48946.14,48854.14,48907.64,12372
2026-02-05T21:00:00+00:00,48907.64,48944.9,48788.9,48869.9,11839
2026-02-05T21:15:00+00:00,48869.9,48877.4,48785.4,48816.9,4706
2026-02-05T21:30:00+00:00,48816.9,48822.4,48769.4,48793.4,4110
2026-02-05T21:45:00+00:00,48793.4,48822.9,48783.4,48800.54,3621
2026-02-05T23:00:00+00:00,48800.54,48831.4,48769.9,48804.9,3288
2026-02-05T23:15:00+00:00,48804.9,48811.9,48738.9,48787.9,3411
2026-02-05T23:30:00+00:00,48787.9,48795.9,48732.9,48748.9,3480
2026-02-05T23:45:00+00:00,48748.9,48753.9,48702.4,48732.9,4794
2026-02-06T00:00:00+00:00,48732.9,48737.4,48648.9,48659.9,6369
2026-02-06T00:15:00+00:00,48659.9,48748.4,48631.4,48732.9,7833
2026-02-06T00:30:00+00:00,48732.9,48774.9,48731.4,48754.9,4929
2026-02-06T00:45:00+00:00,48754.9,48789.9,48729.9,48786.9,4229
2026-02-06T01:00:00+00:00,48786.9,48810.4,48755.9,48758.9,5573
2026-02-06T01:15:00+00:00,48758.9,48769.9,48696.4,48731.4,5968
2026-02-06T01:30:00+00:00,48731.4,48822.4,48731.4,48821.9,4594
2026-02-06T01:45:00+00:00,48821.9,48853.9,48806.9,48850.9,4105
2026-02-06T02:00:00+00:00,48850.9,48892.4,48846.9,48887.9,4239
2026-02-06T02:15:00+00:00,48887.9,48893.9,48855.4,48891.9,3332
2026-02-06T02:30:00+00:00,48891.9,48896.4,48857.9,48861.4,3232
2026-02-06T02:45:00+00:00,48861.4,48882.4,48825.9,48869.9,2533
2026-02-06T03:00:00+00:00,48869.9,48881.9,48841.4,48852.4,3177
2026-02-06T03:15:00+00:00,48852.4,48862.4,48824.9,48853.4,3024
2026-02-06T03:30:00+00:00,48853.4,48883.9,48809.4,48819.9,3646
2026-02-06T03:45:00+00:00,48819.9,48867.9,48816.9,48862.9,2795
2026-02-06T04:00:00+00:00,48862.9,48863.4,48830.4,48843.4,2410
2026-02-06T04:15:00+00:00,48843.4,48849.9,48827.9,48830.4,2132
2026-02-06T04:30:00+00:00,48830.4,48833.4,48781.4,48797.4,2841
2026-02-06T04:45:00+00:00,48797.4,48806.4,48777.4,48804.4,2753
2026-02-06T05:00:00+00:00,48804.4,48811.9,48769.9,48796.4,3487
2026-02-06T05:15:00+00:00,48796.4,48807.4,48778.4,48802.9,2508
2026-02-06T05:30:00+00:00,48802.9,48866.9,48799.9,48860.9,2672
2026-02-06T05:45:00+00:00,48860.9,48897.9,48851.4,48881.9,2043
2026-02-06T06:00:00+00:00,48881.9,48902.4,48877.9,48886.9,2238
2026-02-06T06:15:00+00:00,48886.9,48909.9,48879.9,48891.9,1644
2026-02-06T06:30:00+00:00,48891.9,48914.9,48873.9,48887.9,1935
2026-02-06T06:45:00+00:00,48887.9,48892.9,48869.9,48879.9,1489
2026-02-06T07:00:00+00:00,48879.9,48883.41,48848.41,48864.41,2740
2026-02-06T07:15:00+00:00,48864.41,48893.91,48851.41,48884.41,2372
2026-02-06T07:30:00+00:00,48884.41,48897.41,48875.91,48879.41,2190
2026-02-06T07:45:00+00:00,48879.41,48904.91,48872.41,48904.41,2364
2026-02-06T08:00:00+00:00,48904.41,48947.91,48844.91,48925.41,5413
2026-02-06T08:15:00+00:00,48925.41,48950.41,48881.91,48885.41,4496
2026-02-06T08:30:00+00:00,48885.41,48950.41,48873.41,48905.91,5439
2026-02-06T08:45:00+00:00,48905.91,48947.91,48871.91,48928.41,3449
2026-02-06T09:00:00+00:00,48928.41,48972.41,48892.41,48964.41,4174
2026-02-06T09:15:00+00:00,48964.41,48985.41,48919.91,48965.41,5504
2026-02-06T09:30:00+00:00,48965.41,49054.41,48963.91,49041.41,4418
2026-02-06T09:45:00+00:00,49041.41,49053.91,48998.91,49006.41,2971
2026-02-06T10:00:00+00:00,49006.41,49021.41,48986.91,48993.91,2456
2026-02-06T10:15:00+00:00,48993.91,49023.91,48972.41,48987.41,2172
2026-02-06T10:30:00+00:00,48987.41,49033.91,48982.91,49031.91,1975
2026-02-06T10:45:00+00:00,49031.91,49062.41,49025.41,49045.41,1755
2026-02-06T11:00:00+00:00,49045.41,49107.41,49044.91,49106.41,2697
2026-02-06T11:15:00+00:00,49106.41,49146.91,49097.41,49131.41,1884
2026-02-06T11:30:00+00:00,49131.41,49196.91,49126.91,49174.91,2607
2026-02-06T11:45:00+00:00,49174.91,49211.91,49161.41,49199.41,2393
2026-02-06T12:00:00+00:00,49199.41,49224.91,49152.91,49156.41,3493
2026-02-06T12:15:00+00:00,49156.41,49189.41,49150.91,49174.91,3088
2026-02-06T12:30:00+00:00,49174.91,49200.41,49147.91,49168.41,2899
2026-02-06T12:45:00+00:00,49168.41,49181.91,49121.41,49136.91,2468
2026-02-06T13:00:00+00:00,49136.91,49163.91,49123.91,49160.41,3214
2026-02-06T13:15:00+00:00,49160.41,49222.41,49143.91,49193.41,3243
2026-02-06T13:30:00+00:00,49193.41,49218.41,49131.91,49164.91,4759
2026-02-06T13:45:00+00:00,49164.91,49200.41,49158.41,49187.41,4165
2026-02-06T14:00:00+00:00,49187.41,49216.41,49176.91,49199.41,4964
2026-02-06T14:15:00+00:00,49199.41,49252.91,49177.41,49251.91,4799
2026-02-06T14:30:00+00:00,49251.91,49628.15,49226.15,49624.15,52475
2026-02-06T14:45:00+00:00,49624.15,49673.65,49533.65,49650.65,35571
2026-02-06T15:00:00+00:00,49650.65,49799.15,49633.65,49714.15,44209
2026-02-06T15:15:00+00:00,49714.15,49769.15,49661.15,49729.15,44751
2026-02-06T15:30:00+00:00,49729.15,49829.15,49698.65,49800.65,30739
2026-02-06T15:45:00+00:00,49800.65,49837.15,49657.15,49744.15,26451
2026-02-06T16:00:00+00:00,49744.15,49845.65,49728.15,49813.15,19490
2026-02-06T16:15:00+00:00,49813.15,49832.15,49766.15,49790.15,14485
2026-02-06T16:30:00+00:00,49790.15,49891.65,49785.65,49881.15,12913
2026-02-06T16:45:00+00:00,49881.15,49906.15,49857.15,49881.15,10616
2026-02-06T17:00:00+00:00,49881.15,49927.65,49860.15,49909.65,11508
2026-02-06T17:15:00+00:00,49909.65,49916.65,49869.65,49895.65,9950
2026-02-06T17:30:00+00:00,49895.65,49920.15,49860.15,49912.65,9876
2026-02-06T17:45:00+00:00,49912.65,50000.65,49911.65,49966.65,8891
2026-02-06T18:00:00+00:00,49966.65,49995.65,49951.65,49966.15,7384
2026-02-06T18:15:00+00:00,49966.15,49981.15,49931.65,49958.15,8097
2026-02-06T18:30:00+00:00,49958.15,50011.65,49955.65,50005.65,6450
2026-02-06T18:45:00+00:00,50005.65,50017.65,49957.15,49965.15,5432
2026-02-06T19:00:00+00:00,49965.15,50010.15,49960.15,50001.15,6242
2026-02-06T19:15:00+00:00,50001.15,50035.15,49991.65,50030.65,5746
2026-02-06T19:30:00+00:00,50030.65,50038.15,49989.15,49996.15,5546
2026-02-06T19:45:00+00:00,49996.15,50049.65,49995.65,50025.15,5868
2026-02-06T20:00:00+00:00,50025.15,50045.15,50013.15,50018.65,5696
2026-02-06T20:15:00+00:00,50018.65,50068.65,50012.15,50043.15,5666
2026-02-06T20:30:00+00:00,50043.15,50114.65,50032.65,50111.15,6446
2026-02-06T20:45:00+00:00,50111.15,50194.65,50102.65,50121.65,15033
2026-02-06T21:00:00+00:00,50121.65,50142.41,50095.41,50124.41,5073
2026-02-06T21:15:00+00:00,50124.41,50127.91,50107.91,50117.41,1366
2026-02-06T21:30:00+00:00,50117.41,50122.41,50108.41,50119.55,983
2026-02-08T23:00:00+00:00,50119.55,50277.36,50119.55,50258.36,3296
2026-02-08T23:15:00+00:00,50258.36,50276.86,50229.86,50237.36,2073
2026-02-08T23:30:00+00:00,50237.36,50272.36,50220.86,50255.36,2917
2026-02-08T23:45:00+00:00,50255.36,50276.36,50231.86,50240.86,3788
2026-02-09T00:00:00+00:00,50240.86,50263.36,50225.86,50234.36,4052
2026-02-09T00:15:00+00:00,50234.36,50256.86,50205.36,50225.86,3323
2026-02-09T00:30:00+00:00,50225.86,50253.86,50212.36,50232.86,2485
2026-02-09T00:45:00+00:00,50232.86,50237.36,50214.86,50231.86,2022
2026-02-09T01:00:00+00:00,50231.86,50232.86,50192.86,50205.86,2872
2026-02-09T01:15:00+00:00,50205.86,50247.86,50201.86,50228.86,2460
2026-02-09T01:30:00+00:00,50228.86,50250.36,50216.86,50226.86,2565
2026-02-09T01:45:00+00:00,50226.86,50234.86,50213.86,50222.86,2448
2026-02-09T02:00:00+00:00,50222.86,50259.86,50212.36,50234.86,2089
2026-02-09T02:15:00+00:00,50234.86,50235.36,50199.36,50209.86,1902
2026-02-09T02:30:00+00:00,50209.86,50246.86,50208.86,50235.86,1291
2026-02-09T02:45:00+00:00,50235.86,50240.36,50204.36,50207.86,1173
2026-02-09T03:00:00+00:00,50207.86,50216.86,50194.86,50200.86,1168
2026-02-09T03:15:00+00:00,50200.86,50210.36,50189.86,50190.86,996
2026-02-09T03:30:00+00:00,50190.86,50213.86,50182.36,50211.86,1781
2026-02-09T03:45:00+00:00,50211.86,50215.36,50187.36,50187.36,1180
2026-02-09T04:00:00+00:00,50187.36,50215.86,50187.36,50208.86,1091
2026-02-09T04:15:00+00:00,50208.86,50214.86,50201.86,50208.86,932
2026-02-09T04:30:00+00:00,50208.86,50217.36,50197.36,50213.86,809
2026-02-09T04:45:00+00:00,50213.86,50224.36,50208.86,50221.36,620
2026-02-09T05:00:00+00:00,50221.36,50222.36,50204.36,50209.86,995
2026-02-09T05:15:00+00:00,50209.86,50224.86,50209.36,50215.86,910
2026-02-09T05:30:00+00:00,50215.86,50223.36,50206.36,50210.86,1027
2026-02-09T05:45:00+00:00,50210.86,50231.36,50204.36,50220.36,664
2026-02-09T06:00:00+00:00,50220.36,50226.86,50170.36,50216.86,3928
2026-02-09T06:15:00+00:00,50216.86,50218.36,50182.36,50199.36,2237
2026-02-09T06:30:00+00:00,50199.36,50226.86,50196.86,50208.86,1961
2026-02-09T06:45:00+00:00,50208.86,50215.36,50188.86,50196.86,1588
2026-02-09T07:00:00+00:00,50196.86,50203.87,50185.37,50187.37,1323
2026-02-09T07:15:00+00:00,50187.37,50197.37,50172.37,50174.37,1281
2026-02-09T07:30:00+00:00,50174.37,50191.37,50163.37,50186.37,1142
2026-02-09T07:45:00+00:00,50186.37,50204.37,50181.37,50186.37,1425
2026-02-09T08:00:00+00:00,50186.37,50261.87,50180.37,50253.37,3613
2026-02-09T08:15:00+00:00,50253.37,50258.87,50226.87,50228.87,2269
2026-02-09T08:30:00+00:00,50228.87,50237.37,50200.37,50228.37,2133
2026-02-09T08:45:00+00:00,50228.37,50244.87,50211.37,50213.37,1723
2026-02-09T09:00:00+00:00,50213.37,50235.37,50199.37,50202.37,2120
2026-02-09T09:15:00+00:00,50202.37,50221.87,50196.87,50213.37,1656
2026-02-09T09:30:00+00:00,50213.37,50219.87,50183.87,50197.37,1592
2026-02-09T09:45:00+00:00,50197.37,50199.37,50153.37,50166.37,2033
2026-02-09T10:00:00+00:00,50166.37,50171.37,50136.37,50142.37,2217
2026-02-09T10:15:00+00:00,50142.37,50142.37,50104.37,50109.37,2115
2026-02-09T10:30:00+00:00,50109.37,50111.37,50034.87,50053.37,4090
2026-02-09T10:45:00+00:00,50053.37,50110.37,50041.37,50105.37,3324
2026-02-09T11:00:00+00:00,50105.37,50114.87,50084.37,50092.37,2532
2026-02-09T11:15:00+00:00,50092.37,50110.87,50076.87,50105.37,2048
2026-02-09T11:30:00+00:00,50105.37,50112.37,50085.37,50094.37,2057
2026-02-09T11:45:00+00:00,50094.37,50103.87,50077.37,50079.37,2260
2026-02-09T12:00:00+00:00,50079.37,50111.87,50046.87,50098.37,3539
2026-02-09T12:15:00+00:00,50098.37,50112.37,50080.37,50108.37,2024
2026-02-09T12:30:00+00:00,50108.37,50114.87,50080.87,50085.87,1820
2026-02-09T12:45:00+00:00,50085.87,50111.87,50072.37,50111.37,1902
2026-02-09T13:00:00+00:00,50111.37,50137.37,50104.37,50128.37,2391
2026-02-09T13:15:00+00:00,50128.37,50135.87,50104.87,50109.37,2472
2026-02-09T13:30:00+00:00,50109.37,50113.87,50073.87,50093.87,2853
2026-02-09T13:45:00+00:00,50093.87,50096.37,50056.37,50066.37,2480
2026-02-09T14:00:00+00:00,50066.37,50071.37,50027.37,50048.37,3320
2026-02-09T14:15:00+00:00,50048.37,50052.37,50001.87,50030.37,3947
2026-02-09T14:30:00+00:00,50030.37,50090.11,49950.11,49959.11,46015
2026-02-09T14:45:00+00:00,49959.11,49975.11,49847.11,49954.11,30025
2026-02-09T15:00:00+00:00,49954.11,50030.61,49937.11,50010.61,17043
2026-02-09T15:15:00+00:00,50010.61,50130.11,50008.11,50107.11,12713
2026-02-09T15:30:00+00:00,50107.11,50238.61,50104.11,50196.11,10753
2026-02-09T15:45:00+00:00,50196.11,50203.11,50146.11,50195.11,9487
2026-02-09T16:00:00+00:00,50195.11,50206.61,50119.11,50119.11,7941
2026-02-09T16:15:00+00:00,50119.11,50129.11,50100.61,50114.11,6757
2026-02-09T16:30:00+00:00,50114.11,50165.11,50093.61,50159.11,5982
2026-02-09T16:45:00+00:00,50159.11,50165.11,50126.11,50152.11,5718
2026-02-09T17:00:00+00:00,50152.11,50172.61,50104.61,50105.11,4585
2026-02-09T17:15:00+00:00,50105.11,50131.61,50086.11,50128.11,4788
2026-02-09T17:30:00+00:00,50128.11,50157.61,50089.11,50112.11,5195
2026-02-09T17:45:00+00:00,50112.11,50120.61,50088.11,50092.11,4496
2026-02-09T18:00:00+00:00,50092.11,50128.61,50071.61,50125.11,5367
2026-02-09T18:15:00+00:00,50125.11,50132.11,50044.61,50103.11,12024
2026-02-09T18:30:00+00:00,50103.11,50166.61,50093.11,50156.11,6654
2026-02-09T18:45:00+00:00,50156.11,50168.11,50129.11,50138.11,5103
2026-02-09T19:00:00+00:00,50138.11,50172.61,50127.61,50163.11,5032
2026-02-09T19:15:00+00:00,50163.11,50205.11,50154.11,50187.11,4290
2026-02-09T19:30:00+00:00,50187.11,50201.61,50178.11,50184.11,3745
2026-02-09T19:45:00+00:00,50184.11,50197.11,50171.61,50195.11,3435
2026-02-09T20:00:00+00:00,50195.11,50222.61,50185.11,50192.11,3973
2026-02-09T20:15:00+00:00,50192.11,50193.61,50139.61,50157.11,6097
2026-02-09T20:30:00+00:00,50157.11,50172.61,50118.11,50159.11,7431
2026-02-09T20:45:00+00:00,50159.11,50199.11,50139.61,50145.61,10177
2026-02-09T21:00:00+00:00,50145.61,50154.37,50129.37,50146.87,3078
2026-02-09T21:15:00+00:00,50146.87,50149.37,50123.37,50133.37,932
2026-02-09T21:30:00+00:00,50133.37,50143.37,50131.37,50143.37,535
2026-02-09T21:45:00+00:00,50143.37,50151.87,50126.87,50137.01,623
2026-02-09T23:00:00+00:00,50137.01,50151.01,50110.51,50125.01,1376
2026-02-09T23:15:00+00:00,50125.01,50129.01,50113.51,50119.51,1204
2026-02-09T23:30:00+00:00,50119.51,50135.51,50108.01,50125.51,1054
2026-02-09T23:45:00+00:00,50125.51,50125.51,50093.01,50106.51,1445
2026-02-10T00:00:00+00:00,50106.51,50118.51,50093.01,50096.51,1805
2026-02-10T00:15:00+00:00,50096.51,50109.51,50092.51,50107.51,1021
2026-02-10T00:30:00+00:00,50107.51,50112.01,50096.51,50099.51,706
2026-02-10T00:45:00+00:00,50099.51,50126.51,50097.51,50118.51,712
2026-02-10T01:00:00+00:00,50118.51,50138.51,50115.01,50135.51,1438
2026-02-10T01:15:00+00:00,50135.51,50148.51,50126.01,50132.51,1487
2026-02-10T01:30:00+00:00,50132.51,50154.01,50119.51,50151.51,1692
2026-02-10T01:45:00+00:00,50151.51,50160.01,50134.51,50150.51,1333
2026-02-10T02:00:00+00:00,50150.51,50152.51,50135.51,50141.51,1220
2026-02-10T02:15:00+00:00,50141.51,50153.01,50133.01,50146.51,870
2026-02-10T02:30:00+00:00,50146.51,50149.51,50119.51,50141.01,1226
2026-02-10T02:45:00+00:00,50141.01,50147.51,50134.51,50137.01,1025
2026-02-10T03:00:00+00:00,50137.01,50137.51,50118.01,50125.51,779
2026-02-10T03:15:00+00:00,50125.51,50142.51,50120.01,50137.51,659
2026-02-10T03:30:00+00:00,50137.51,50157.51,50135.51,50148.51,1019
2026-02-10T03:45:00+00:00,50148.51,50160.51,50147.51,50153.01,706
2026-02-10T04:00:00+00:00,50153.01,50173.01,50152.51,50167.51,603
2026-02-10T04:15:00+00:00,50167.51,50170.51,50159.51,50163.51,532
2026-02-10T04:30:00+00:00,50163.51,50170.01,50156.51,50162.01,455
2026-02-10T04:45:00+00:00,50162.01,50169.51,50159.51,50165.51,455
2026-02-10T05:00:00+00:00,50165.51,50172.51,50162.51,50164.51,570
2026-02-10T05:15:00+00:00,50164.51,50164.51,50135.51,50139.51,556
2026-02-10T05:30:00+00:00,50139.51,50173.51,50134.01,50151.01,1125
2026-02-10T05:45:00+00:00,50151.01,50161.51,50148.01,50155.51,734
2026-02-10T06:00:00+00:00,50155.51,50158.51,50136.51,50141.51,656
2026-02-10T06:15:00+00:00,50141.51,50143.51,50120.51,50120.51,725
2026-02-10T06:30:00+00:00,50120.51,50125.51,50104.51,50108.01,755
2026-02-10T06:45:00+00:00,50108.01,50121.01,50102.01,50120.51,574
2026-02-10T07:00:00+00:00,50120.51,50155.02,50119.02,50147.02,1117
2026-02-10T07:15:00+00:00,50147.02,50169.52,50141.02,50151.52,655
2026-02-10T07:30:00+00:00,50151.52,50158.02,50146.02,50149.02,552
2026-02-10T07:45:00+00:00,50149.02,50160.52,50146.52,50157.02,628
2026-02-10T08:00:00+00:00,50157.02,50167.52,50125.02,50157.52,2256
2026-02-10T08:15:00+00:00,50157.52,50160.52,50126.52,50146.02,1867
2026-02-10T08:30:00+00:00,50146.02,50175.02,50143.02,50158.02,1653
2026-02-10T08:45:00+00:00,50158.02,50184.02,50153.02,50175.02,1588
2026-02-10T09:00:00+00:00,50175.02,50207.02,50162.52,50202.02,1522
2026-02-10T09:15:00+00:00,50202.02,50222.02,50202.02,50220.02,1183
2026-02-10T09:30:00+00:00,50220.02,50224.52,50207.52,50211.02,1019
2026-02-10T09:45:00+00:00,50211.02,50212.02,50177.02,50184.02,1412
2026-02-10T10:00:00+00:00,50184.02,50205.52,50176.02,50201.02,1587
2026-02-10T10:15:00+00:00,50201.02,50205.02,50177.52,50191.02,1773
2026-02-10T10:30:00+00:00,50191.02,50206.02,50178.02,50184.02,1388
2026-02-10T10:45:00+00:00,50184.02,50201.02,50181.02,50183.52,1070
2026-02-10T11:00:00+00:00,50183.52,50185.02,50163.02,50168.02,1570
2026-02-10T11:15:00+00:00,50168.02,50193.02,50166.52,50178.02,941
2026-02-10T11:30:00+00:00,50178.02,50188.02,50167.02,50172.02,937
2026-02-10T11:45:00+00:00,50172.02,50183.02,50165.52,50172.02,933
2026-02-10T12:00:00+00:00,50172.02,50180.02,50143.02,50155.02,1188
2026-02-10T12:15:00+00:00,50155.02,50162.02,50151.52,50160.02,1212
2026-02-10T12:30:00+00:00,50160.02,50169.52,50094.02,50097.02,2061
2026-02-10T12:45:00+00:00,50097.02,50102.52,50061.52,50062.52,3625
2026-02-10T13:00:00+00:00,50062.52,50068.02,50035.02,50063.02,4075
2026-02-10T13:15:00+00:00,50063.02,50112.52,50051.02,50109.52,2667
2026-02-10T13:30:00+00:00,50109.52,50140.02,50079.52,50124.02,4609
2026-02-10T13:45:00+00:00,50124.02,50144.52,50111.52,50131.02,2349
2026-02-10T14:00:00+00:00,50131.02,50165.02,50129.02,50153.02,2136
2026-02-10T14:15:00+00:00,50153.02,50244.52,50152.52,50242.02,3248
2026-02-10T14:30:00+00:00,50242.02,50420.76,50224.76,50361.76,33814
2026-02-10T14:45:00+00:00,50361.76,50539.26,50349.76,50525.76,19792
2026-02-10T15:00:00+00:00,50525.76,50528.76,50363.76,50414.26,14621
2026-02-10T15:15:00+00:00,50414.26,50486.26,50372.76,50434.76,13919
2026-02-10T15:30:00+00:00,50434.76,50473.26,50374.76,50423.76,12115
2026-02-10T15:45:00+00:00,50423.76,50423.76,50335.76,50384.76,11431
2026-02-10T16:00:00+00:00,50384.76,50390.76,50312.76,50334.76,11918
2026-02-10T16:15:00+00:00,50334.76,50368.76,50261.76,50354.76,13738
2026-02-10T16:30:00+00:00,50354.76,50423.76,50339.26,50387.76,11214
2026-02-10T16:45:00+00:00,50387.76,50448.26,50339.26,50432.76,9502
2026-02-10T17:00:00+00:00,50432.76,50465.76,50357.76,50462.76,8877
2026-02-10T17:15:00+00:00,50462.76,50465.76,50404.76,50416.76,6874
2026-02-10T17:30:00+00:00,50416.76,50420.76,50370.76,50405.76,6415
2026-02-10T17:45:00+00:00,50405.76,50418.26,50373.26,50382.76,4864
2026-02-10T18:00:00+00:00,50382.76,50393.76,50320.26,50323.76,6545
2026-02-10T18:15:00+00:00,50323.76,50328.26,50206.26,50209.76,10508
2026-02-10T18:30:00+00:00,50209.76,50243.26,50173.76,50202.76,11770
2026-02-10T18:45:00+00:00,50202.76,50212.76,50133.26,50203.76,9932
2026-02-10T19:00:00+00:00,50203.76,50226.26,50178.26,50218.26,9139
2026-02-10T19:15:00+00:00,50218.26,50253.26,50184.76,50251.76,7409
2026-02-10T19:30:00+00:00,50251.76,50277.26,50230.26,50235.76,6702
2026-02-10T19:45:00+00:00,50235.76,50277.26,50234.76,50275.76,5936
2026-02-10T20:00:00+00:00,50275.76,50302.26,50257.76,50271.26,6098
2026-02-10T20:15:00+00:00,50271.26,50305.76,50259.76,50262.76,5820
2026-02-10T20:30:00+00:00,50262.76,50277.26,50243.26,50246.76,6306
2026-02-10T20:45:00+00:00,50246.76,50272.76,50171.76,50200.76,12000
2026-02-10T21:00:00+00:00,50200.76,50251.52,50187.02,50241.02,3176
2026-02-10T21:15:00+00:00,50241.02,50245.02,50225.52,50231.02,894
2026-02-10T21:30:00+00:00,50231.02,50254.02,50231.02,50253.02,790
2026-02-10T21:45:00+00:00,50253.02,50263.66,50247.52,50263.16,771
2026-02-10T23:00:00+00:00,50263.16,50292.37,50259.52,50282.87,627
2026-02-10T23:15:00+00:00,50282.87,50293.87,50280.87,50281.87,407
2026-02-10T23:30:00+00:00,50281.87,50287.87,50275.87,50282.87,565
2026-02-10T23:45:00+00:00,50282.87,50289.37,50279.37,50287.87,508
2026-02-11T00:00:00+00:00,50287.87,50305.37,50285.87,50298.37,630
2026-02-11T00:15:00+00:00,50298.37,50301.37,50288.87,50295.37,635
2026-02-11T00:30:00+00:00,50295.37,50308.87,50294.37,50304.37,368
2026-02-11T00:45:00+00:00,50304.37,50315.37,50301.37,50312.87,304
2026-02-11T01:00:00+00:00,50312.87,50326.87,50312.37,50317.37,922
2026-02-11T01:15:00+00:00,50317.37,50320.37,50311.37,50315.37,731
2026-02-11T01:30:00+00:00,50315.37,50328.37,50312.37,50324.37,640
2026-02-11T01:45:00+00:00,50324.37,50339.37,50324.37,50327.37,584
2026-02-11T02:00:00+00:00,50327.37,50338.37,50315.37,50316.37,758
2026-02-11T02:15:00+00:00,50316.37,50320.37,50310.37,50318.37,603
2026-02-11T02:30:00+00:00,50318.37,50321.37,50311.37,50317.87,548
2026-02-11T02:45:00+00:00,50317.87,50328.37,50316.87,50322.37,559
2026-02-11T03:00:00+00:00,50322.37,50329.37,50318.37,50319.37,435
2026-02-11T03:15:00+00:00,50319.37,50327.87,50310.37,50325.37,467
2026-02-11T03:30:00+00:00,50325.37,50331.87,50316.87,50329.37,370
2026-02-11T03:45:00+00:00,50329.37,50338.37,50328.37,50333.37,482
2026-02-11T04:00:00+00:00,50333.37,50348.87,50332.37,50345.37,525
2026-02-11T04:15:00+00:00,50345.37,50354.37,50335.87,50336.87,502
2026-02-11T04:30:00+00:00,50336.87,50338.37,50310.37,50325.37,689
2026-02-11T04:45:00+00:00,50325.37,50332.37,50324.37,50327.87,701
2026-02-11T05:00:00+00:00,50327.87,50341.37,50324.37,50332.87,856
2026-02-11T05:15:00+00:00,50332.87,50340.37,50316.87,50318.37,707
2026-02-11T05:30:00+00:00,50318.37,50322.37,50309.37,50312.37,739
2026-02-11T05:45:00+00:00,50312.37,50313.37,50306.87,50308.37,535
2026-02-11T06:00:00+00:00,50308.37,50329.37,50306.87,50308.37,1196
2026-02-11T06:15:00+00:00,50308.37,50315.37,50298.37,50306.37,1025
2026-02-11T06:30:00+00:00,50306.37,50321.37,50304.87,50315.87,580
2026-02-11T06:45:00+00:00,50315.87,50316.37,50307.37,50309.37,687
2026-02-11T07:00:00+00:00,50309.37,50314.38,50287.88,50289.88,1051
2026-02-11T07:15:00+00:00,50289.88,50317.38,50288.88,50313.88,847
2026-02-11T07:30:00+00:00,50313.88,50313.88,50293.88,50306.88,840
2026-02-11T07:45:00+00:00,50306.88,50314.38,50295.38,50301.38,999
2026-02-11T08:00:00+00:00,50301.38,50311.88,50274.38,50276.88,2534
2026-02-11T08:15:00+00:00,50276.88,50294.88,50256.38,50282.88,2399
2026-02-11T08:30:00+00:00,50282.88,50321.88,50282.88,50307.38,1971
2026-02-11T08:45:00+00:00,50307.38,50313.88,50297.38,50297.88,1496
2026-02-11T09:00:00+00:00,50297.88,50324.88,50285.88,50324.88,2136
2026-02-11T09:15:00+00:00,50324.88,50327.88,50304.88,50321.38,1847
2026-02-11T09:30:00+00:00,50321.38,50325.38,50291.88,50299.88,2196
2026-02-11T09:45:00+00:00,50299.88,50305.38,50279.38,50280.88,1835
2026-02-11T10:00:00+00:00,50280.88,50283.38,50203.38,50232.88,5790
2026-02-11T10:15:00+00:00,50232.88,50264.88,50232.88,50249.38,2355
2026-02-11T10:30:00+00:00,50249.38,50264.88,50233.88,50262.88,2051
2026-02-11T10:45:00+00:00,50262.88,50273.38,50234.38,50271.88,2201
2026-02-11T11:00:00+00:00,50271.88,50285.88,50252.88,50276.88,2072
2026-02-11T11:15:00+00:00,50276.88,50296.88,50276.38,50293.88,1410
2026-02-11T11:30:00+00:00,50293.88,50295.38,50236.88,50261.88,2099
2026-02-11T11:45:00+00:00,50261.88,50275.38,50236.38,50238.88,2224
2026-02-11T12:00:00+00:00,50238.88,50268.38,50234.88,50261.88,3528
2026-02-11T12:15:00+00:00,50261.88,50268.88,50248.88,50250.88,1641
2026-02-11T12:30:00+00:00,50250.88,50257.88,50236.38,50257.88,1911
2026-02-11T12:45:00+00:00,50257.88,50268.38,50230.88,50241.38,1798
2026-02-11T13:00:00+00:00,50241.38,50266.88,50235.88,50259.88,1786
2026-02-11T13:15:00+00:00,50259.88,50295.88,50257.88,50285.52,3002
2026-02-11T13:30:00+00:00,50285.52,50483.38,50285.52,50407.88,11920
2026-02-11T13:45:00+00:00,50407.88,50485.88,50395.88,50470.88,7193
2026-02-11T14:00:00+00:00,50470.88,50480.88,50424.38,50432.88,5266
2026-02-11T14:15:00+00:00,50432.88,50455.38,50407.38,50428.88,5034
2026-02-11T14:30:00+00:00,50428.88,50518.62,50376.62,50388.62,45053
2026-02-11T14:45:00+00:00,50388.62,50478.62,50298.12,50328.62,32799
2026-02-11T15:00:00+00:00,50328.62,50348.62,50074.12,50134.62,29024
2026-02-11T15:15:00+00:00,50134.62,50154.12,49963.62,50026.62,38074
2026-02-11T15:30:00+00:00,50026.62,50050.62,49957.12,49978.12,38752
2026-02-11T15:45:00+00:00,49978.12,50010.62,49911.12,49997.62,31854
2026-02-11T16:00:00+00:00,49997.62,50091.62,49964.12,50080.62,24422
2026-02-11T16:15:00+00:00,50080.62,50198.62,50055.62,50096.12,19071
2026-02-11T16:30:00+00:00,50096.12,50246.62,50072.62,50235.12,19136
2026-02-11T16:45:00+00:00,50235.12,50266.62,50177.62,50184.12,15590
2026-02-11T17:00:00+00:00,50184.12,50192.62,50129.12,50178.62,15968
2026-02-11T17:15:00+00:00,50178.62,50252.62,50145.62,50214.62,13458
2026-02-11T17:30:00+00:00,50214.62,50245.12,50165.12,50233.62,11264
2026-02-11T17:45:00+00:00,50233.62,50244.62,50133.62,50147.62,10514
2026-02-11T18:00:00+00:00,50147.62,50169.12,50048.62,50057.62,11368
2026-02-11T18:15:00+00:00,50057.62,50130.62,50031.62,50126.12,11819
2026-02-11T18:30:00+00:00,50126.12,50143.62,50040.62,50063.62,11177
2026-02-11T18:45:00+00:00,50063.62,50101.62,50043.62,50075.62,11222
2026-02-11T19:00:00+00:00,50075.62,50174.12,50062.62,50167.62,10479
2026-02-11T19:15:00+00:00,50167.62,50203.62,50152.12,50169.62,7006
2026-02-11T19:30:00+00:00,50169.62,50189.12,50132.62,50173.62,6839
2026-02-11T19:45:00+00:00,50173.62,50173.62,50117.12,50137.62,10334
2026-02-11T20:00:00+00:00,50137.62,50169.12,50133.62,50165.62,6597
2026-02-11T20:15:00+00:00,50165.62,50192.12,50140.12,50140.62,6411
2026-02-11T20:30:00+00:00,50140.62,50171.12,50105.62,50146.62,7563
2026-02-11T20:45:00+00:00,50146.62,50180.12,50125.12,50135.62,10208
2026-02-11T21:00:00+00:00,50135.62,50198.38,50128.88,50147.38,4532
2026-02-11T21:15:00+00:00,50147.38,50160.88,50117.88,50142.38,1549
2026-02-11T21:30:00+00:00,50142.38,50155.88,50138.88,50143.88,1206
2026-02-11T21:45:00+00:00,50143.88,50157.38,50131.38,50136.52,1509
2026-02-11T23:00:00+00:00,50136.52,50176.45,50118.95,50123.95,1976
2026-02-11T23:15:00+00:00,50123.95,50150.95,50121.45,50125.95,1683
2026-02-11T23:30:00+00:00,50125.95,50132.45,50098.95,50129.45,1882
2026-02-11T23:45:00+00:00,50129.45,50136.45,50115.95,50121.95,1326
2026-02-12T00:00:00+00:00,50121.95,50142.45,50108.45,50122.45,2304
2026-02-12T00:15:00+00:00,50122.45,50132.45,50105.45,50122.45,1530
2026-02-12T00:30:00+00:00,50122.45,50171.95,50122.45,50170.45,1111
2026-02-12T00:45:00+00:00,50170.45,50172.45,50159.95,50165.95,993
2026-02-12T01:00:00+00:00,50165.95,50199.95,50161.95,50190.45,1716
2026-02-12T01:15:00+00:00,50190.45,50205.95,50163.45,50202.45,2013
2026-02-12T01:30:00+00:00,50202.45,50240.45,50191.95,50219.45,2316
2026-02-12T01:45:00+00:00,50219.45,50223.45,50209.95,50218.45,1708
2026-02-12T02:00:00+00:00,50218.45,50228.95,50204.45,50207.45,1534
2026-02-12T02:15:00+00:00,50207.45,50213.95,50194.45,50198.45,1124
2026-02-12T02:30:00+00:00,50198.45,50207.45,50194.45,50202.45,931
2026-02-12T02:45:00+00:00,50202.45,50232.45,50198.95,50229.45,977
2026-02-12T03:00:00+00:00,50229.45,50240.95,50222.45,50236.45,950
2026-02-12T03:15:00+00:00,50236.45,50254.45,50232.45,50253.45,821
2026-02-12T03:30:00+00:00,50253.45,50269.45,50252.45,50263.95,877
2026-02-12T03:45:00+00:00,50263.95,50270.45,50259.45,50270.45,556
2026-02-12T04:00:00+00:00,50270.45,50279.45,50264.45,50273.45,769
2026-02-12T04:15:00+00:00,50273.45,50315.45,50270.45,50310.45,1159
2026-02-12T04:30:00+00:00,50310.45,50311.45,50287.95,50288.45,938
2026-02-12T04:45:00+00:00,50288.45,50295.95,50284.95,50288.45,610
2026-02-12T05:00:00+00:00,50288.45,50302.45,50288.45,50301.45,875
2026-02-12T05:15:00+00:00,50301.45,50308.45,50291.45,50292.45,643
2026-02-12T05:30:00+00:00,50292.45,50294.45,50275.95,50286.95,673
2026-02-12T05:45:00+00:00,50286.95,50294.45,50280.45,50288.95,706
2026-02-12T06:00:00+00:00,50288.95,50294.45,50269.95,50285.45,1053
2026-02-12T06:15:00+00:00,50285.45,50292.45,50268.95,50279.95,1446
2026-02-12T06:30:00+00:00,50279.95,50292.45,50236.95,50241.45,2208
2026-02-12T06:45:00+00:00,50241.45,50256.45,50236.95,50251.45,995
2026-02-12T07:00:00+00:00,50251.45,50280.96,50251.45,50269.46,1382
2026-02-12T07:15:00+00:00,50269.46,50289.96,50264.96,50283.96,1083
2026-02-12T07:30:00+00:00,50283.96,50295.96,50273.46,50273.96,907
2026-02-12T07:45:00+00:00,50273.96,50291.96,50270.96,50289.96,751
2026-02-12T08:00:00+00:00,50289.96,50302.96,50270.96,50277.96,2943
2026-02-12T08:15:00+00:00,50277.96,50291.96,50252.96,50259.96,2087
2026-02-12T08:30:00+00:00,50259.96,50265.96,50237.46,50242.96,1924
2026-02-12T08:45:00+00:00,50242.96,50288.96,50238.96,50274.46,1546
2026-02-12T09:00:00+00:00,50274.46,50293.46,50272.96,50285.96,2107
2026-02-12T09:15:00+00:00,50285.96,50299.46,50279.46,50293.46,1514
2026-02-12T09:30:00+00:00,50293.46,50325.46,50289.96,50312.96,1330
2026-02-12T09:45:00+00:00,50312.96,50325.46,50299.96,50322.96,1394
2026-02-12T10:00:00+00:00,50322.96,50334.96,50288.46,50292.96,1523
2026-02-12T10:15:00+00:00,50292.96,50299.96,50266.46,50276.46,1414
2026-02-12T10:30:00+00:00,50276.46,50286.96,50267.46,50277.96,1072
2026-02-12T10:45:00+00:00,50277.96,50288.46,50277.46,50285.96,877
2026-02-12T11:00:00+00:00,50285.96,50309.96,50279.96,50302.96,1371
2026-02-12T11:15:00+00:00,50302.96,50308.96,50288.96,50301.96,832
2026-02-12T11:30:00+00:00,50301.96,50303.96,50281.96,50286.46,781
2026-02-12T11:45:00+00:00,50286.46,50311.46,50279.46,50303.96,889
2026-02-12T12:00:00+00:00,50303.96,50305.46,50276.46,50293.96,1590
2026-02-12T12:15:00+00:00,50293.96,50298.96,50272.46,50283.96,1032
2026-02-12T12:30:00+00:00,50283.96,50296.96,50272.46,50286.96,1417
2026-02-12T12:45:00+00:00,50286.96,50289.96,50256.46,50264.96,1590
2026-02-12T13:00:00+00:00,50264.96,50264.96,50215.46,50219.96,2163
2026-02-12T13:15:00+00:00,50219.96,50258.46,50213.96,50254.96,2137
2026-02-12T13:30:00+00:00,50254.96,50339.46,50242.96,50316.96,3918
2026-02-12T13:45:00+00:00,50316.96,50323.46,50295.96,50308.96,3222
2026-02-12T14:00:00+00:00,50308.96,50309.96,50264.46,50267.96,3796
2026-02-12T14:15:00+00:00,50267.96,50320.46,50228.46,50319.96,4424
2026-02-12T14:30:00+00:00,50319.96,50460.2,50291.7,50343.7,47193
2026-02-12T14:45:00+00:00,50343.7,50397.7,50294.2,50336.2,31340
2026-02-12T15:00:00+00:00,50336.2,50410.7,50296.7,50397.7,26707
2026-02-12T15:15:00+00:00,50397.7,50407.2,50271.7,50306.2,23408
2026-02-12T15:30:00+00:00,50306.2,50330.7,50156.7,50178.2,21190
2026-02-12T15:45:00+00:00,50178.2,50226.7,50093.2,50100.7,22373
2026-02-12T16:00:00+00:00,50100.7,50112.7,49814.2,49831.7,26477
2026-02-12T16:15:00+00:00,49831.7,49842.7,49623.7,49624.2,32247
2026-02-12T16:30:00+00:00,49624.2,49723.2,49597.7,49616.2,43585
2026-02-12T16:45:00+00:00,49616.2,49649.7,49556.7,49630.2,32727
2026-02-12T17:00:00+00:00,49630.2,49637.2,49517.7,49541.7,30743
2026-02-12T17:15:00+00:00,49541.7,49637.7,49524.2,49538.7,27860
2026-02-12T17:30:00+00:00,49538.7,49629.7,49515.7,49614.2,26139
2026-02-12T17:45:00+00:00,49614.2,49638.2,49479.2,49484.2,21313
2026-02-12T18:00:00+00:00,49484.2,49559.7,49446.7,49472.7,20048
2026-02-12T18:15:00+00:00,49472.7,49555.7,49436.2,49493.7,18879
2026-02-12T18:30:00+00:00,49493.7,49621.7,49471.2,49618.7,20701
2026-02-12T18:45:00+00:00,49618.7,49676.2,49588.2,49621.2,15647
2026-02-12T19:00:00+00:00,49621.2,49658.7,49582.7,49645.7,16186
2026-02-12T19:15:00+00:00,49645.7,49723.7,49626.2,49649.7,14945
2026-02-12T19:30:00+00:00,49649.7,49735.2,49645.2,49704.7,12985
2026-02-12T19:45:00+00:00,49704.7,49788.7,49704.7,49754.7,13929
2026-02-12T20:00:00+00:00,49754.7,49808.2,49720.7,49739.7,13093
2026-02-12T20:15:00+00:00,49739.7,49748.2,49653.7,49657.2,12377
2026-02-12T20:30:00+00:00,49657.2,49669.2,49581.7,49599.2,13906
2026-02-12T20:45:00+00:00,49599.2,49606.2,49432.7,49463.7,18079
2026-02-12T21:00:00+00:00,49463.7,49483.96,49435.96,49466.96,4732
2026-02-12T21:15:00+00:00,49466.96,49487.46,49457.96,49486.46,1995
2026-02-12T21:30:00+00:00,49486.46,49513.46,49484.96,49488.46,1981
2026-02-12T21:45:00+00:00,49488.46,49514.96,49479.96,49495.6,1773
2026-02-12T23:00:00+00:00,49495.6,49496.13,49435.63,49470.63,2415
2026-02-12T23:15:00+00:00,49470.63,49497.63,49467.13,49485.63,1558
2026-02-12T23:30:00+00:00,49485.63,49494.63,49424.13,49432.63,3744
2026-02-12T23:45:00+00:00,49432.63,49486.63,49422.63,49470.63,2355
2026-02-13T00:00:00+00:00,49470.63,49511.13,49449.63,49495.63,3766
2026-02-13T00:15:00+00:00,49495.63,49499.63,49434.13,49443.13,3645
2026-02-13T00:30:00+00:00,49443.13,49447.13,49408.63,49417.13,2855
2026-02-13T00:45:00+00:00,49417.13,49433.63,49396.13,49422.13,3790
2026-02-13T01:00:00+00:00,49422.13,49480.13,49420.63,49473.13,3228
2026-02-13T01:15:00+00:00,49473.13,49484.63,49459.13,49473.13,2744
2026-02-13T01:30:00+00:00,49473.13,49487.63,49463.13,49477.13,2297
2026-02-13T01:45:00+00:00,49477.13,49487.13,49437.13,49451.13,2167
2026-02-13T02:00:00+00:00,49451.13,49489.13,49450.13,49485.13,2183
2026-02-13T02:15:00+00:00,49485.13,49485.13,49454.63,49472.13,1605
2026-02-13T02:30:00+00:00,49472.13,49493.63,49470.63,49474.13,1053
2026-02-13T02:45:00+00:00,49474.13,49484.13,49468.13,49471.13,998
2026-02-13T03:00:00+00:00,49471.13,49485.63,49468.13,49470.13,863
2026-02-13T03:15:00+00:00,49470.13,49474.13,49452.13,49460.13,1019
2026-02-13T03:30:00+00:00,49460.13,49481.13,49455.63,49461.63,1364
2026-02-13T03:45:00+00:00,49461.63,49463.13,49416.63,49421.63,1307
2026-02-13T04:00:00+00:00,49421.63,49435.13,49413.13,49435.13,1316
2026-02-13T04:15:00+00:00,49435.13,49468.63,49434.13,49454.13,1448
2026-02-13T04:30:00+00:00,49454.13,49456.13,49422.13,49430.13,1348
2026-02-13T04:45:00+00:00,49430.13,49436.63,49415.63,49422.13,1106
2026-02-13T05:00:00+00:00,49422.13,49426.63,49401.63,49402.13,1582
2026-02-13T05:15:00+00:00,49402.13,49405.13,49343.13,49347.13,2218
2026-02-13T05:30:00+00:00,49347.13,49370.13,49337.13,49357.13,2869
2026-02-13T05:45:00+00:00,49357.13,49369.63,49349.13,49354.63,2101
2026-02-13T06:00:00+00:00,49354.63,49366.63,49344.13,49354.13,1907
2026-02-13T06:15:00+00:00,49354.13,49367.63,49302.63,49315.13,2446
2026-02-13T06:30:00+00:00,49315.13,49319.63,49283.13,49313.13,3047
2026-02-13T06:45:00+00:00,49313.13,49361.63,49307.13,49352.63,1743
2026-02-13T07:00:00+00:00,49352.63,49388.64,49352.63,49377.64,2385
2026-02-13T07:15:00+00:00,49377.64,49402.14,49374.64,49376.64,1386
2026-02-13T07:30:00+00:00,49376.64,49382.64,49349.14,49353.14,1629
2026-02-13T07:45:00+00:00,49353.14,49378.64,49335.64,49374.14,1875
2026-02-13T08:00:00+00:00,49374.14,49413.14,49347.64,49357.64,5356
2026-02-13T08:15:00+00:00,49357.64,49381.64,49283.64,49369.64,6087
2026-02-13T08:30:00+00:00,49369.64,49387.14,49339.64,49385.64,4583
2026-02-13T08:45:00+00:00,49385.64,49402.64,49349.14,49357.64,3930
2026-02-13T09:00:00+00:00,49357.64,49368.64,49307.14,49344.14,4591
2026-02-13T09:15:00+00:00,49344.14,49407.14,49341.64,49386.64,3137
2026-02-13T09:30:00+00:00,49386.64,49396.64,49368.64,49374.64,2727
2026-02-13T09:45:00+00:00,49374.64,49395.64,49341.64,49350.14,2470
2026-02-13T10:00:00+00:00,49350.14,49367.14,49339.64,49366.64,2856
2026-02-13T10:15:00+00:00,49366.64,49396.64,49363.14,49374.14,2132
2026-02-13T10:30:00+00:00,49374.14,49380.64,49343.14,49347.64,2135
2026-02-13T10:45:00+00:00,49347.64,49353.64,49293.64,49298.64,2994
2026-02-13T11:00:00+00:00,49298.64,49308.64,49249.14,49263.64,4141
2026-02-13T11:15:00+00:00,49263.64,49287.64,49249.14,49268.14,4851
2026-02-13T11:30:00+00:00,49268.14,49307.14,49224.64,49260.64,4990
2026-02-13T11:45:00+00:00,49260.64,49309.64,49239.64,49308.64,4543
2026-02-13T12:00:00+00:00,49308.64,49339.64,49280.64,49295.64,4571
2026-02-13T12:15:00+00:00,49295.64,49346.14,49288.64,49334.64,3941
2026-02-13T12:30:00+00:00,49334.64,49361.64,49329.14,49346.64,3233
2026-02-13T12:45:00+00:00,49346.64,49386.64,49306.64,49338.14,5781
2026-02-13T13:00:00+00:00,49338.14,49378.64,49280.64,49281.64,5760
2026-02-13T13:15:00+00:00,49281.64,49387.64,49275.64,49366.14,5691
2026-02-13T13:30:00+00:00,49366.14,49519.14,49365.28,49450.14,14661
2026-02-13T13:45:00+00:00,49450.14,49499.64,49391.14,49468.64,8887
2026-02-13T14:00:00+00:00,49468.64,49507.64,49427.64,49450.64,6217
2026-02-13T14:15:00+00:00,49450.64,49488.14,49412.14,49471.14,4574
2026-02-13T14:30:00+00:00,49471.14,49478.38,49081.38,49310.38,57216
2026-02-13T14:45:00+00:00,49310.38,49454.38,49260.88,49326.88,58383
2026-02-13T15:00:00+00:00,49326.88,49532.38,49305.88,49406.88,48478
2026-02-13T15:15:00+00:00,49406.88,49514.88,49332.88,49499.38,40943
2026-02-13T15:30:00+00:00,49499.38,49612.38,49433.88,49441.38,27631
2026-02-13T15:45:00+00:00,49441.38,49561.88,49407.38,49488.38,30565
2026-02-13T16:00:00+00:00,49488.38,49602.38,49477.88,49542.88,22585
2026-02-13T16:15:00+00:00,49542.88,49624.38,49466.38,49592.88,22929
2026-02-13T16:30:00+00:00,49592.88,49638.38,49532.38,49606.38,17183
2026-02-13T16:45:00+00:00,49606.38,49692.38,49593.88,49638.38,13319
2026-02-13T17:00:00+00:00,49638.38,49719.38,49623.88,49717.38,10362
2026-02-13T17:15:00+00:00,49717.38,49718.38,49635.38,49642.38,11785
2026-02-13T17:30:00+00:00,49642.38,49704.88,49637.38,49674.38,10046
2026-02-13T17:45:00+00:00,49674.38,49703.38,49638.88,49657.38,11621
2026-02-13T18:00:00+00:00,49657.38,49700.38,49590.38,49686.38,13822
2026-02-13T18:15:00+00:00,49686.38,49743.38,49638.38,49671.88,12693
2026-02-13T18:30:00+00:00,49671.88,49704.38,49616.38,49623.88,11941
2026-02-13T18:45:00+00:00,49623.88,49658.38,49556.38,49578.38,11708
2026-02-13T19:00:00+00:00,49578.38,49665.88,49564.88,49641.88,11590
2026-02-13T19:15:00+00:00,49641.88,49645.38,49560.38,49585.88,11160
2026-02-13T19:30:00+00:00,49585.88,49624.38,49505.88,49535.38,13847
2026-02-13T19:45:00+00:00,49535.38,49577.88,49474.88,49482.88,13289
2026-02-13T20:00:00+00:00,49482.88,49562.38,49481.38,49503.38,12298
2026-02-13T20:15:00+00:00,49503.38,49535.38,49377.38,49397.38,13512
2026-02-13T20:30:00+00:00,49397.38,49445.88,49354.38,49371.88,17559
2026-02-13T20:45:00+00:00,49371.88,49511.88,49365.38,49492.38,20505
2026-02-13T21:00:00+00:00,49492.38,49514.14,49452.14,49497.14,3202
2026-02-13T21:15:00+00:00,49497.14,49502.14,49457.14,49463.14,828
2026-02-13T21:30:00+00:00,49463.14,49474.14,49454.14,49455.64,501
2026-02-15T23:00:00+00:00,49455.64,49561.18,49444.68,49502.18,2083
2026-02-15T23:15:00+00:00,49502.18,49525.18,49498.18,49516.18,1434
2026-02-15T23:30:00+00:00,49516.18,49529.68,49501.68,49520.68,1296
2026-02-15T23:45:00+00:00,49520.68,49537.18,49477.68,49532.68,1936
2026-02-16T00:00:00+00:00,49532.68,49552.68,49506.18,49541.68,3049
2026-02-16T00:15:00+00:00,49541.68,49553.18,49536.18,49547.18,1232
2026-02-16T00:30:00+00:00,49547.18,49550.68,49537.18,49541.68,941
2026-02-16T00:45:00+00:00,49541.68,49561.68,49541.18,49556.18,802
2026-02-16T01:00:00+00:00,49556.18,49586.18,49547.68,49566.68,898
2026-02-16T01:15:00+00:00,49566.68,49573.68,49558.18,49566.18,696
2026-02-16T01:30:00+00:00,49566.18,49577.18,49562.18,49577.18,723
2026-02-16T01:45:00+00:00,49577.18,49615.18,49573.18,49612.18,1044
2026-02-16T02:00:00+00:00,49612.18,49622.68,49577.18,49582.68,1257
2026-02-16T02:15:00+00:00,49582.68,49593.18,49580.18,49583.18,993
2026-02-16T02:30:00+00:00,49583.18,49596.18,49581.68,49591.18,599
2026-02-16T02:45:00+00:00,49591.18,49594.68,49581.18,49585.68,648
2026-02-16T03:00:00+00:00,49585.68,49590.18,49572.18,49574.18,645
2026-02-16T03:15:00+00:00,49574.18,49587.68,49562.68,49563.68,535
2026-02-16T03:30:00+00:00,49563.68,49564.68,49552.68,49558.18,933
2026-02-16T03:45:00+00:00,49558.18,49577.18,49556.18,49576.18,729
2026-02-16T04:00:00+00:00,49576.18,49603.18,49574.68,49591.18,865
2026-02-16T04:15:00+00:00,49591.18,49596.68,49576.18,49593.18,777
2026-02-16T04:30:00+00:00,49593.18,49599.18,49578.68,49582.18,492
2026-02-16T04:45:00+00:00,49582.18,49588.68,49574.68,49579.68,475
2026-02-16T05:00:00+00:00,49579.68,49583.18,49568.18,49582.18,598
2026-02-16T05:15:00+00:00,49582.18,49588.68,49575.68,49587.18,508
2026-02-16T05:30:00+00:00,49587.18,49587.18,49550.18,49552.18,523
2026-02-16T05:45:00+00:00,49552.18,49560.18,49548.68,49554.18,427
2026-02-16T06:00:00+00:00,49554.18,49564.18,49551.18,49562.68,441
2026-02-16T06:15:00+00:00,49562.68,49580.68,49553.68,49576.18,582
2026-02-16T06:30:00+00:00,49576.18,49588.68,49560.68,49588.18,777
2026-02-16T06:45:00+00:00,49588.18,49596.18,49587.18,49589.68,493
2026-02-16T07:00:00+00:00,49589.68,49622.19,49584.19,49620.69,889
2026-02-16T07:15:00+00:00,49620.69,49623.19,49606.19,49614.69,640
2026-02-16T07:30:00+00:00,49614.69,49643.69,49611.19,49641.69,744
2026-02-16T07:45:00+00:00,49641.69,49646.19,49631.69,49644.69,791
2026-02-16T08:00:00+00:00,49644.69,49687.19,49617.19,49676.69,2234
2026-02-16T08:15:00+00:00,49676.69,49705.69,49648.69,49663.69,1989
2026-02-16T08:30:00+00:00,49663.69,49676.69,49639.19,49668.19,1953
2026-02-16T08:45:00+00:00,49668.19,49704.69,49666.19,49696.69,1837
2026-02-16T09:00:00+00:00,49696.69,49736.19,49689.69,49731.69,1268
2026-02-16T09:15:00+00:00,49731.69,49759.69,49723.69,49752.19,1328
2026-02-16T09:30:00+00:00,49752.19,49758.19,49738.69,49740.69,1067
2026-02-16T09:45:00+00:00,49740.69,49749.69,49733.19,49739.19,939
2026-02-16T10:00:00+00:00,49739.19,49743.69,49705.69,49711.69,1285
2026-02-16T10:15:00+00:00,49711.69,49722.19,49703.19,49710.69,928
2026-02-16T10:30:00+00:00,49710.69,49727.69,49696.19,49725.69,1047
2026-02-16T10:45:00+00:00,49725.69,49733.19,49704.19,49712.19,1047
2026-02-16T11:00:00+00:00,49712.19,49713.69,49680.19,49698.69,1140
2026-02-16T11:15:00+00:00,49698.69,49731.69,49693.69,49725.69,1015
2026-02-16T11:30:00+00:00,49725.69,49729.69,49703.69,49726.19,897
2026-02-16T11:45:00+00:00,49726.19,49730.69,49710.69,49713.69,1002
2026-02-16T12:00:00+00:00,49713.69,49719.69,49696.69,49717.69,1183
2026-02-16T12:15:00+00:00,49717.69,49745.69,49705.69,49737.69,1019
2026-02-16T12:30:00+00:00,49737.69,49739.69,49687.19,49687.69,1384
2026-02-16T12:45:00+00:00,49687.69,49704.69,49683.19,49692.69,1111
2026-02-16T13:00:00+00:00,49692.69,49696.69,49671.69,49672.69,1160
2026-02-16T13:15:00+00:00,49672.69,49710.69,49664.69,49708.19,1355
2026-02-16T13:30:00+00:00,49708.19,49721.69,49695.69,49713.19,1358
2026-02-16T13:45:00+00:00,49713.19,49723.19,49707.19,49709.19,1353
2026-02-16T14:00:00+00:00,49709.19,49712.19,49656.19,49660.69,2461
2026-02-16T14:15:00+00:00,49660.69,49674.19,49623.69,49633.69,3243
2026-02-16T14:30:00+00:00,49633.69,49657.43,49575.43,49592.43,7238
2026-02-16T14:45:00+00:00,49592.43,49667.93,49563.93,49646.43,5328
2026-02-16T15:00:00+00:00,49646.43,49678.93,49630.43,49632.43,3945
2026-02-16T15:15:00+00:00,49632.43,49640.43,49572.93,49573.43,4033
2026-02-16T15:30:00+00:00,49573.43,49587.43,49514.43,49519.43,4731
2026-02-16T15:45:00+00:00,49519.43,49582.43,49513.43,49517.43,4275
2026-02-16T16:00:00+00:00,49517.43,49596.43,49497.43,49596.43,4426
2026-02-16T16:15:00+00:00,49596.43,49604.93,49505.43,49568.43,4589
2026-02-16T16:30:00+00:00,49568.43,49591.43,49519.43,49562.43,4656
2026-02-16T16:45:00+00:00,49562.43,49574.43,49544.43,49553.43,2861
2026-02-16T17:00:00+00:00,49553.43,49569.93,49541.93,49558.43,2269
2026-02-16T17:15:00+00:00,49558.43,49559.43,49534.43,49558.43,1240
2026-02-16T17:30:00+00:00,49558.43,49583.43,49549.93,49567.93,1848
2026-02-16T17:45:00+00:00,49567.93,49573.43,49528.93,49545.43,2510
2026-02-16T18:00:00+00:00,49545.43,49546.229999999996,49517.31,49517.31,83.52239336523384
2026-02-16T18:15:00+00:00,49517.21,49517.61,49517.01,49517.409999999996,38.831734914483846
2026-02-16T18:30:00+00:00,49517.51,49517.909999999996,49515.01,49515.51,31.473070821100205
2026-02-16T18:45:00+00:00,49515.51,49518.509999999995,49510.51,49510.51,55.357813983181074
2026-02-16T19:00:00+00:00,49510.51,49513.41,49508.01,49508.11,32.5212897496847
2026-02-16T19:15:00+00:00,49508.31,49508.31,49503.01,49505.409999999996,37.14258650749403
2026-02-16T19:30:00+00:00,49505.409999999996,49509.51,49504.01,49509.51,74.66198412784479
2026-02-16T19:45:00+00:00,49509.51,49509.51,49504.61,49505.01,22.232851408562098
2026-02-16T20:00:00+00:00,49506.51,49508.409999999996,49503.51,49503.51,109.63705176847748
2026-02-16T20:15:00+00:00,49503.51,49509.01,49503.51,49509.01,43.83789829629961
2026-02-16T20:30:00+00:00,49509.01,49509.11,49504.31,49504.31,23.641107398737084
2026-02-16T20:45:00+00:00,49501.409999999996,49508.31,49499.01,49508.009999999995,106.1919931997974
2026-02-16T21:00:00+00:00,49543.43,49543.43,49542.69,49542.69,1
2026-02-16T23:00:00+00:00,49542.69,49608.69,49539.34,49605.69,585
2026-02-16T23:15:00+00:00,49605.69,49613.69,49578.69,49603.69,805
2026-02-16T23:30:00+00:00,49603.69,49617.69,49599.69,49611.69,834
2026-02-16T23:45:00+00:00,49611.69,49625.19,49589.19,49596.19,845
2026-02-17T00:00:00+00:00,49596.19,49600.19,49552.69,49582.69,2015
2026-02-17T00:15:00+00:00,49582.69,49602.69,49560.19,49576.19,1779
2026-02-17T00:30:00+00:00,49576.19,49580.19,49535.19,49544.19,1192
2026-02-17T00:45:00+00:00,49544.19,49547.69,49514.19,49521.19,1359
2026-02-17T01:00:00+00:00,49521.19,49550.69,49521.19,49545.19,2153
2026-02-17T01:15:00+00:00,49545.19,49548.19,49482.19,49485.19,1651
2026-02-17T01:30:00+00:00,49485.19,49508.69,49480.19,49487.19,2037
2026-02-17T01:45:00+00:00,49487.19,49495.19,49355.19,49377.19,4850
2026-02-17T02:00:00+00:00,49377.19,49393.19,49332.69,49375.19,5630
2026-02-17T02:15:00+00:00,49375.19,49411.69,49372.19,49401.19,2361
2026-02-17T02:30:00+00:00,49401.19,49420.19,49391.69,49413.19,1617
2026-02-17T02:45:00+00:00,49413.19,49427.19,49393.19,49409.19,1914
2026-02-17T03:00:00+00:00,49409.19,49411.69,49350.19,49374.69,3056
2026-02-17T03:15:00+00:00,49374.69,49398.69,49370.69,49370.69,1622
2026-02-17T03:30:00+00:00,49370.69,49372.69,49320.69,49348.19,2925
2026-02-17T03:45:00+00:00,49348.19,49356.19,49331.19,49351.69,1694
2026-02-17T04:00:00+00:00,49351.69,49369.19,49346.19,49362.19,1377
2026-02-17T04:15:00+00:00,49362.19,49373.69,49348.19,49367.19,962
2026-02-17T04:30:00+00:00,49367.19,49368.19,49339.69,49352.19,1301
2026-02-17T04:45:00+00:00,49352.19,49366.19,49351.19,49360.19,760
2026-02-17T05:00:00+00:00,49360.19,49362.19,49340.19,49342.19,920
2026-02-17T05:15:00+00:00,49342.19,49347.69,49303.19,49342.19,2040
2026-02-17T05:30:00+00:00,49342.19,49345.19,49292.69,49329.19,2778
2026-02-17T05:45:00+00:00,49329.19,49342.19,49301.19,49312.19,1892
2026-02-17T06:00:00+00:00,49312.19,49373.19,49311.19,49357.19,1692
2026-02-17T06:15:00+00:00,49357.19,49367.19,49349.19,49357.19,911
2026-02-17T06:30:00+00:00,49357.19,49374.69,49339.69,49361.19,1213
2026-02-17T06:45:00+00:00,49361.19,49368.69,49358.19,49365.19,686
2026-02-17T07:00:00+00:00,49365.19,49367.7,49334.7,49334.7,1752
2026-02-17T07:15:00+00:00,49334.7,49344.2,49304.7,49317.7,1411
2026-02-17T07:30:00+00:00,49317.7,49367.2,49308.7,49362.7,1848
2026-02-17T07:45:00+00:00,49362.7,49411.7,49361.7,49406.7,1672
2026-02-17T08:00:00+00:00,49406.7,49538.7,49401.7,49504.7,4253
2026-02-17T08:15:00+00:00,49504.7,49504.7,49469.2,49489.7,3787
2026-02-17T08:30:00+00:00,49489.7,49500.7,49443.2,49449.7,3639
2026-02-17T08:45:00+00:00,49449.7,49484.7,49441.7,49471.2,3635
2026-02-17T09:00:00+00:00,49471.2,49494.7,49440.7,49440.7,3812
2026-02-17T09:15:00+00:00,49440.7,49474.7,49436.2,49473.2,2604
2026-02-17T09:30:00+00:00,49473.2,49508.7,49473.2,49500.2,2227
2026-02-17T09:45:00+00:00,49500.2,49525.7,49497.7,49514.2,1744
2026-02-17T10:00:00+00:00,49514.2,49530.2,49483.2,49487.7,1724
2026-02-17T10:15:00+00:00,49487.7,49507.7,49477.7,49482.2,1659
2026-02-17T10:30:00+00:00,49482.2,49485.2,49425.7,49428.2,2362
2026-02-17T10:45:00+00:00,49428.2,49450.7,49408.2,49411.2,2287
2026-02-17T11:00:00+00:00,49411.2,49428.2,49398.7,49418.7,2518
2026-02-17T11:15:00+00:00,49418.7,49445.2,49402.7,49444.2,2493
2026-02-17T11:30:00+00:00,49444.2,49457.7,49424.7,49438.7,2418
2026-02-17T11:45:00+00:00,49438.7,49486.7,49433.7,49473.2,2209
2026-02-17T12:00:00+00:00,49473.2,49503.7,49458.7,49491.7,2998
2026-02-17T12:15:00+00:00,49491.7,49498.7,49425.7,49429.7,2763
2026-02-17T12:30:00+00:00,49429.7,49430.7,49392.7,49408.2,2924
2026-02-17T12:45:00+00:00,49408.2,49411.7,49363.7,49379.7,3555
2026-02-17T13:00:00+00:00,49379.7,49384.7,49279.2,49317.7,5471
2026-02-17T13:15:00+00:00,49317.7,49453.7,49308.7,49436.2,6440
2026-02-17T13:30:00+00:00,49436.2,49439.2,49398.2,49411.2,4014
2026-02-17T13:45:00+00:00,49411.2,49525.2,49377.2,49415.7,11892
2026-02-17T14:00:00+00:00,49415.7,49491.7,49412.7,49457.7,5871
2026-02-17T14:15:00+00:00,49457.7,49503.7,49442.2,49503.7,4524
2026-02-17T14:30:00+00:00,49503.7,49728.44,49493.44,49528.94,59099
2026-02-17T14:45:00+00:00,49528.94,49639.94,49326.44,49335.44,47910
2026-02-17T15:00:00+00:00,49335.44,49421.44,49248.94,49257.44,43849
2026-02-17T15:15:00+00:00,49257.44,49416.94,49232.44,49280.94,41969
2026-02-17T15:30:00+00:00,49280.94,49303.44,49174.94,49223.94,33888
2026-02-17T15:45:00+00:00,49223.94,49343.94,49213.94,49340.44,33812
2026-02-17T16:00:00+00:00,49340.44,49594.44,49323.94,49580.44,25568
2026-02-17T16:15:00+00:00,49580.44,49657.94,49541.44,49547.94,22994
2026-02-17T16:30:00+00:00,49547.94,49587.44,49489.44,49539.94,22868
2026-02-17T16:45:00+00:00,49539.94,49624.94,49519.44,49582.94,21205
2026-02-17T17:00:00+00:00,49582.94,49593.94,49479.34,49507.44,19334
2026-02-17T17:15:00+00:00,49507.44,49554.44,49451.44,49554.44,18574
2026-02-17T17:30:00+00:00,49554.44,49572.44,49407.94,49409.44,18117
2026-02-17T17:45:00+00:00,49409.44,49481.44,49343.44,49471.94,23252
2026-02-17T18:00:00+00:00,49471.94,49488.44,49386.94,49411.44,19472
2026-02-17T18:15:00+00:00,49411.44,49538.44,49382.44,49529.94,20319
2026-02-17T18:30:00+00:00,49529.94,49645.94,49500.94,49625.94,15637
2026-02-17T18:45:00+00:00,49625.94,49696.44,49622.44,49653.44,12788
2026-02-17T19:00:00+00:00,49653.44,49668.44,49594.44,49639.94,14220
2026-02-17T19:15:00+00:00,49639.94,49663.44,49601.94,49614.44,11428
2026-02-17T19:30:00+00:00,49614.44,49657.44,49596.94,49646.94,9339
2026-02-17T19:45:00+00:00,49646.94,49654.44,49574.44,49595.94,9473
2026-02-17T20:00:00+00:00,49595.94,49620.94,49567.94,49586.94,8435
2026-02-17T20:15:00+00:00,49586.94,49610.44,49550.44,49562.44,7258
2026-02-17T20:30:00+00:00,49562.44,49573.44,49493.44,49557.44,9165
2026-02-17T20:45:00+00:00,49557.44,49588.44,49508.44,49556.94,12183
2026-02-17T21:00:00+00:00,49556.94,49576.7,49522.2,49548.7,2940
2026-02-17T21:15:00+00:00,49548.7,49582.7,49538.7,49569.2,2662
2026-02-17T21:30:00+00:00,49569.2,49569.2,49541.7,49555.7,1047
2026-02-17T21:45:00+00:00,49555.7,49566.7,49541.7,49555.84,945
2026-02-17T23:00:00+00:00,49555.84,49568.95,49501.45,49516.95,1522
2026-02-17T23:15:00+00:00,49516.95,49542.45,49510.45,49535.45,979
2026-02-17T23:30:00+00:00,49535.45,49545.45,49507.45,49510.95,1119
2026-02-17T23:45:00+00:00,49510.95,49510.95,49480.45,49485.45,992
2026-02-18T00:00:00+00:00,49485.45,49532.95,49481.45,49530.95,1443
2026-02-18T00:15:00+00:00,49530.95,49537.95,49492.95,49511.95,1427
2026-02-18T00:30:00+00:00,49511.95,49525.95,49503.95,49508.95,1134
2026-02-18T00:45:00+00:00,49508.95,49511.45,49488.95,49498.95,1025
2026-02-18T01:00:00+00:00,49498.95,49510.95,49489.95,49503.95,1855
2026-02-18T01:15:00+00:00,49503.95,49524.95,49497.95,49503.45,1085
2026-02-18T01:30:00+00:00,49503.45,49520.95,49495.45,49515.95,1109
2026-02-18T01:45:00+00:00,49515.95,49528.95,49501.45,49526.95,886
2026-02-18T02:00:00+00:00,49526.95,49545.45,49521.95,49537.95,1058
2026-02-18T02:15:00+00:00,49537.95,49537.95,49510.95,49516.95,755
2026-02-18T02:30:00+00:00,49516.95,49535.95,49516.95,49534.95,642
2026-02-18T02:45:00+00:00,49534.95,49540.95,49520.95,49522.95,600
2026-02-18T03:00:00+00:00,49522.95,49541.95,49516.95,49518.95,596
2026-02-18T03:15:00+00:00,49518.95,49521.45,49507.95,49517.95,608
2026-02-18T03:30:00+00:00,49517.95,49547.95,49517.95,49539.45,986
2026-02-18T03:45:00+00:00,49539.45,49573.45,49537.45,49563.95,746
2026-02-18T04:00:00+00:00,49563.95,49573.95,49555.95,49563.45,766
2026-02-18T04:15:00+00:00,49563.45,49578.45,49556.45,49573.45,525
2026-02-18T04:30:00+00:00,49573.45,49593.95,49570.45,49589.95,770
2026-02-18T04:45:00+00:00,49589.95,49592.45,49580.95,49588.45,565
2026-02-18T05:00:00+00:00,49588.45,49592.45,49579.45,49591.95,541
2026-02-18T05:15:00+00:00,49591.95,49597.95,49589.45,49592.45,459
2026-02-18T05:30:00+00:00,49592.45,49607.45,49589.45,49592.45,266
2026-02-18T05:45:00+00:00,49592.45,49598.95,49584.95,49590.45,437
2026-02-18T06:00:00+00:00,49590.45,49598.45,49580.95,49590.45,662
2026-02-18T06:15:00+00:00,49590.45,49607.95,49587.95,49599.45,577
2026-02-18T06:30:00+00:00,49599.45,49610.95,49581.45,49607.95,650
2026-02-18T06:45:00+00:00,49607.95,49623.45,49596.95,49596.95,532
2026-02-18T07:00:00+00:00,49596.95,49609.46,49582.96,49589.96,1005
2026-02-18T07:15:00+00:00,49589.96,49608.46,49588.46,49607.46,944
2026-02-18T07:30:00+00:00,49607.46,49631.46,49600.96,49631.46,752
2026-02-18T07:45:00+00:00,49631.46,49631.96,49614.96,49617.96,789
2026-02-18T08:00:00+00:00,49617.96,49672.96,49616.96,49652.96,2068
2026-02-18T08:15:00+00:00,49652.96,49706.46,49652.96,49680.96,2076
2026-02-18T08:30:00+00:00,49680.96,49745.46,49679.46,49732.46,1852
2026-02-18T08:45:00+00:00,49732.46,49756.96,49716.46,49750.96,1397
2026-02-18T09:00:00+00:00,49750.96,49783.46,49740.46,49776.46,1938
2026-02-18T09:15:00+00:00,49776.46,49787.96,49755.46,49778.46,1379
2026-02-18T09:30:00+00:00,49778.46,49811.96,49772.96,49807.46,1248
2026-02-18T09:45:00+00:00,49807.46,49810.96,49764.46,49766.46,1596
2026-02-18T10:00:00+00:00,49766.46,49803.46,49763.46,49796.46,1441
2026-02-18T10:15:00+00:00,49796.46,49813.46,49790.46,49807.96,875
2026-02-18T10:30:00+00:00,49807.96,49811.96,49785.96,49794.46,1133
2026-02-18T10:45:00+00:00,49794.46,49802.96,49779.96,49800.46,942
2026-02-18T11:00:00+00:00,49800.46,49804.46,49762.46,49767.46,1238
2026-02-18T11:15:00+00:00,49767.46,49787.46,49757.96,49760.46,983
2026-02-18T11:30:00+00:00,49760.46,49762.96,49722.46,49728.46,1548
2026-02-18T11:45:00+00:00,49728.46,49735.46,49712.46,49723.46,979
2026-02-18T12:00:00+00:00,49723.46,49744.46,49698.96,49735.46,3383
2026-02-18T12:15:00+00:00,49735.46,49738.46,49660.96,49662.46,2040
2026-02-18T12:30:00+00:00,49662.46,49662.96,49576.96,49632.46,3774
2026-02-18T12:45:00+00:00,49632.46,49649.46,49605.96,49644.46,2206
2026-02-18T13:00:00+00:00,49644.46,49674.96,49631.46,49656.96,2042
2026-02-18T13:15:00+00:00,49656.96,49688.96,49644.46,49688.96,2190
2026-02-18T13:30:00+00:00,49688.96,49702.46,49618.96,49630.46,2833
2026-02-18T13:45:00+00:00,49630.46,49631.96,49561.46,49579.46,3567
2026-02-18T14:00:00+00:00,49579.46,49618.46,49569.96,49607.96,3533
2026-02-18T14:15:00+00:00,49607.96,49656.96,49600.46,49653.46,3916
2026-02-18T14:30:00+00:00,49653.46,49813.2,49429.2,49774.7,43530
2026-02-18T14:45:00+00:00,49774.7,49796.2,49613.2,49755.7,25207
2026-02-18T15:00:00+00:00,49755.7,49858.7,49750.7,49845.2,16137
2026-02-18T15:15:00+00:00,49845.2,49906.2,49808.2,49821.2,12520
2026-02-18T15:30:00+00:00,49821.2,49892.7,49800.2,49874.2,12119
2026-02-18T15:45:00+00:00,49874.2,49886.7,49838.7,49863.7,9269
2026-02-18T16:00:00+00:00,49863.7,49893.2,49818.7,49843.7,8391
2026-02-18T16:15:00+00:00,49843.7,49863.7,49794.2,49821.2,6736
2026-02-18T16:30:00+00:00,49821.2,49840.7,49800.7,49801.2,6414
2026-02-18T16:45:00+00:00,49801.2,49827.7,49782.2,49800.2,7404
2026-02-18T17:00:00+00:00,49800.2,49891.2,49783.7,49851.7,7966
2026-02-18T17:15:00+00:00,49851.7,49863.2,49832.2,49846.2,5431
2026-02-18T17:30:00+00:00,49846.2,49861.2,49809.7,49816.2,5186
2026-02-18T17:45:00+00:00,49816.2,49856.7,49806.7,49838.2,4667
2026-02-18T18:00:00+00:00,49838.2,49869.2,49827.7,49846.2,4461
2026-02-18T18:15:00+00:00,49846.2,49868.7,49748.2,49778.2,6319
2026-02-18T18:30:00+00:00,49778.2,49805.7,49701.7,49736.7,8144
2026-02-18T18:45:00+00:00,49736.7,49767.2,49647.2,49701.7,9075
2026-02-18T19:00:00+00:00,49701.7,49744.2,49649.2,49653.2,9966
2026-02-18T19:15:00+00:00,49653.2,49701.7,49625.7,49681.2,10412
2026-02-18T19:30:00+00:00,49681.2,49694.2,49580.7,49595.2,14259
2026-02-18T19:45:00+00:00,49595.2,49641.2,49536.7,49585.2,12670
2026-02-18T20:00:00+00:00,49585.2,49629.2,49547.2,49568.2,10379
2026-02-18T20:15:00+00:00,49568.2,49583.2,49531.2,49548.2,8966
2026-02-18T20:30:00+00:00,49548.2,49655.7,49541.7,49636.2,8195
2026-02-18T20:45:00+00:00,49636.2,49731.7,49618.7,49665.2,10686
2026-02-18T21:00:00+00:00,49665.2,49673.96,49641.96,49666.46,2224
2026-02-18T21:15:00+00:00,49666.46,49667.46,49641.46,49653.96,804
2026-02-18T21:30:00+00:00,49653.96,49656.46,49641.46,49650.46,545
2026-02-18T21:45:00+00:00,49650.46,49658.46,49629.96,49652.6,601
2026-02-18T23:00:00+00:00,49652.6,49692.64,49618.64,49686.14,792
2026-02-18T23:15:00+00:00,49686.14,49686.14,49659.14,49673.64,611
2026-02-18T23:30:00+00:00,49673.64,49681.14,49662.64,49667.14,593
2026-02-18T23:45:00+00:00,49667.14,49674.64,49648.14,49653.14,778
2026-02-19T00:00:00+00:00,49653.14,49659.14,49630.14,49644.64,1239
2026-02-19T00:15:00+00:00,49644.64,49646.64,49616.14,49618.64,1127
2026-02-19T00:30:00+00:00,49618.64,49637.64,49614.64,49618.64,1248
2026-02-19T00:45:00+00:00,49618.64,49628.14,49614.64,49620.14,1136
2026-02-19T01:00:00+00:00,49620.14,49679.64,49610.64,49674.64,1867
2026-02-19T01:15:00+00:00,49674.64,49678.14,49649.14,49652.64,1253
2026-02-19T01:30:00+00:00,49652.64,49662.14,49625.64,49647.64,1595
2026-02-19T01:45:00+00:00,49647.64,49665.14,49636.14,49664.64,1219
2026-02-19T02:00:00+00:00,49664.64,49675.14,49648.14,49670.64,1438
2026-02-19T02:15:00+00:00,49670.64,49679.14,49657.64,49677.64,963
2026-02-19T02:30:00+00:00,49677.64,49682.64,49668.14,49680.64,534
2026-02-19T02:45:00+00:00,49680.64,49688.14,49664.64,49673.64,641
2026-02-19T03:00:00+00:00,49673.64,49682.14,49670.64,49674.64,465
2026-02-19T03:15:00+00:00,49674.64,49685.64,49667.64,49683.64,571
2026-02-19T03:30:00+00:00,49683.64,49689.64,49656.64,49663.64,792
2026-02-19T03:45:00+00:00,49663.64,49663.64,49641.64,49659.64,655
2026-02-19T04:00:00+00:00,49659.64,49670.64,49658.14,49663.64,643
2026-02-19T04:15:00+00:00,49663.64,49671.64,49647.64,49650.14,498
2026-02-19T04:30:00+00:00,49650.14,49660.14,49646.64,49650.64,668
2026-02-19T04:45:00+00:00,49650.64,49654.64,49633.14,49635.64,598
2026-02-19T05:00:00+00:00,49635.64,49638.64,49614.64,49633.14,904
2026-02-19T05:15:00+00:00,49633.14,49654.64,49630.64,49652.64,779
2026-02-19T05:30:00+00:00,49652.64,49666.64,49652.14,49660.64,652
2026-02-19T05:45:00+00:00,49660.64,49685.64,49660.64,49676.14,791
2026-02-19T06:00:00+00:00,49676.14,49684.64,49663.14,49668.64,773
2026-02-19T06:15:00+00:00,49668.64,49672.64,49659.64,49671.64,634
2026-02-19T06:30:00+00:00,49671.64,49692.64,49671.14,49680.64,1137
2026-02-19T06:45:00+00:00,49680.64,49703.64,49675.64,49703.64,568
2026-02-19T07:00:00+00:00,49703.64,49716.65,49686.15,49712.15,933
2026-02-19T07:15:00+00:00,49712.15,49723.65,49703.15,49716.15,761
2026-02-19T07:30:00+00:00,49716.15,49726.65,49704.65,49710.65,788
2026-02-19T07:45:00+00:00,49710.65,49715.15,49676.65,49680.15,878
2026-02-19T08:00:00+00:00,49680.15,49702.15,49665.15,49697.15,2615
2026-02-19T08:15:00+00:00,49697.15,49724.65,49694.65,49707.15,1735
2026-02-19T08:30:00+00:00,49707.15,49720.15,49667.65,49676.15,2013
2026-02-19T08:45:00+00:00,49676.15,49677.65,49596.65,49608.65,2761
2026-02-19T09:00:00+00:00,49608.65,49630.15,49592.65,49623.15,2922
2026-02-19T09:15:00+00:00,49623.15,49632.15,49589.65,49596.15,2652
2026-02-19T09:30:00+00:00,49596.15,49612.65,49567.65,49570.65,3022
2026-02-19T09:45:00+00:00,49570.65,49572.65,49523.65,49567.15,2673
2026-02-19T10:00:00+00:00,49567.15,49567.15,49455.15,49457.65,4901
2026-02-19T10:15:00+00:00,49457.65,49498.15,49456.15,49467.65,2390
2026-02-19T10:30:00+00:00,49467.65,49492.15,49457.65,49485.65,2496
2026-02-19T10:45:00+00:00,49485.65,49499.15,49462.15,49480.65,2126
2026-02-19T11:00:00+00:00,49480.65,49510.15,49461.65,49495.15,2127
2026-02-19T11:15:00+00:00,49495.15,49519.15,49480.15,49506.65,1462
2026-02-19T11:30:00+00:00,49506.65,49523.65,49499.65,49506.65,1341
2026-02-19T11:45:00+00:00,49506.65,49527.15,49482.65,49521.65,1801
2026-02-19T12:00:00+00:00,49521.65,49531.15,49459.15,49524.15,3877
2026-02-19T12:15:00+00:00,49524.15,49570.65,49520.15,49553.15,2293
2026-02-19T12:30:00+00:00,49553.15,49576.15,49528.15,49569.15,2164
2026-02-19T12:45:00+00:00,49569.15,49572.15,49541.65,49549.15,1858
2026-02-19T13:00:00+00:00,49549.15,49554.65,49518.15,49530.15,2619
2026-02-19T13:15:00+00:00,49530.15,49537.15,49478.65,49496.65,3177
2026-02-19T13:30:00+00:00,49496.65,49539.65,49458.15,49505.15,4783
2026-02-19T13:45:00+00:00,49505.15,49528.65,49486.65,49488.65,2866
2026-02-19T14:00:00+00:00,49488.65,49501.15,49458.65,49483.15,3244
2026-02-19T14:15:00+00:00,49483.15,49517.65,49474.65,49513.65,3647
2026-02-19T14:30:00+00:00,49513.65,49561.89,49342.39,49519.89,45119
2026-02-19T14:45:00+00:00,49519.89,49554.89,49424.89,49481.39,35331
2026-02-19T15:00:00+00:00,49481.39,49548.89,49390.89,49426.89,30564
2026-02-19T15:15:00+00:00,49426.89,49562.89,49422.89,49466.89,26931
2026-02-19T15:30:00+00:00,49466.89,49611.39,49452.89,49584.89,19835
2026-02-19T15:45:00+00:00,49584.89,49604.89,49470.89,49528.89,17650
2026-02-19T16:00:00+00:00,49528.89,49542.89,49434.89,49467.89,15034
2026-02-19T16:15:00+00:00,49467.89,49529.89,49391.89,49399.89,12513
2026-02-19T16:30:00+00:00,49399.89,49481.39,49375.39,49380.39,13607
2026-02-19T16:45:00+00:00,49380.39,49407.89,49315.39,49378.89,15768
2026-02-19T17:00:00+00:00,49378.89,49389.39,49290.89,49364.89,14171
2026-02-19T17:15:00+00:00,49364.89,49463.89,49349.89,49408.39,13359
2026-02-19T17:30:00+00:00,49408.39,49428.39,49370.39,49394.89,11137
2026-02-19T17:45:00+00:00,49394.89,49398.39,49268.89,49291.89,14434
2026-02-19T18:00:00+00:00,49291.89,49322.89,49239.89,49313.39,11416
2026-02-19T18:15:00+00:00,49313.39,49314.89,49196.39,49240.89,10838
2026-02-19T18:30:00+00:00,49240.89,49288.39,49218.39,49285.39,9105
2026-02-19T18:45:00+00:00,49285.39,49353.89,49283.89,49342.89,8755
2026-02-19T19:00:00+00:00,49342.89,49391.89,49333.39,49358.89,9090
2026-02-19T19:15:00+00:00,49358.89,49383.39,49319.89,49337.39,7748
2026-02-19T19:30:00+00:00,49337.39,49347.39,49227.89,49275.89,10672
2026-02-19T19:45:00+00:00,49275.89,49304.39,49256.89,49271.89,9968
2026-02-19T20:00:00+00:00,49271.89,49365.39,49270.89,49362.39,8052
2026-02-19T20:15:00+00:00,49362.39,49367.89,49319.89,49334.89,8138
2026-02-19T20:30:00+00:00,49334.89,49372.89,49322.39,49351.89,7488
2026-02-19T20:45:00+00:00,49351.89,49403.39,49343.89,49400.89,8800
2026-02-19T21:00:00+00:00,49400.89,49406.15,49372.65,49396.65,2121
2026-02-19T21:15:00+00:00,49396.65,49431.65,49373.65,49404.15,1441
2026-02-19T21:30:00+00:00,49404.15,49405.15,49365.15,49367.65,891
2026-02-19T21:45:00+00:00,49367.65,49371.65,49355.65,49360.29,812
2026-02-19T23:00:00+00:00,49360.29,49401.65,49360.29,49389.15,1317
2026-02-19T23:15:00+00:00,49389.15,49412.15,49389.15,49403.65,562
2026-02-19T23:30:00+00:00,49403.65,49426.15,49403.65,49412.65,598
2026-02-19T23:45:00+00:00,49412.65,49421.15,49399.65,49409.15,628
2026-02-20T00:00:00+00:00,49409.15,49422.65,49387.65,49413.15,1556
2026-02-20T00:15:00+00:00,49413.15,49417.65,49385.15,49411.65,1386
2026-02-20T00:30:00+00:00,49411.65,49436.15,49411.65,49433.15,842
2026-02-20T00:45:00+00:00,49433.15,49439.65,49428.15,49434.15,444
2026-02-20T01:00:00+00:00,49434.15,49470.15,49431.15,49462.65,931
2026-02-20T01:15:00+00:00,49462.65,49462.65,49442.15,49454.15,1087
2026-02-20T01:30:00+00:00,49454.15,49454.15,49438.65,49444.15,974
2026-02-20T01:45:00+00:00,49444.15,49447.15,49431.65,49441.15,817
2026-02-20T02:00:00+00:00,49441.15,49471.65,49441.15,49444.65,1389
2026-02-20T02:15:00+00:00,49444.65,49449.15,49431.15,49434.15,1140
2026-02-20T02:30:00+00:00,49434.15,49450.65,49434.15,49439.65,838
2026-02-20T02:45:00+00:00,49439.65,49456.15,49428.15,49456.15,838
2026-02-20T03:00:00+00:00,49456.15,49466.15,49452.15,49459.15,727
2026-02-20T03:15:00+00:00,49459.15,49462.15,49450.65,49452.65,447
2026-02-20T03:30:00+00:00,49452.65,49457.15,49442.65,49445.15,568
2026-02-20T03:45:00+00:00,49445.15,49456.15,49443.15,49447.15,488
2026-02-20T04:00:00+00:00,49447.15,49468.15,49444.15,49466.65,571
2026-02-20T04:15:00+00:00,49466.65,49469.15,49452.15,49462.15,522
2026-02-20T04:30:00+00:00,49462.15,49465.15,49458.15,49464.65,359
2026-02-20T04:45:00+00:00,49464.65,49468.15,49458.65,49461.15,360
2026-02-20T05:00:00+00:00,49461.15,49480.15,49461.15,49463.15,659
2026-02-20T05:15:00+00:00,49463.15,49483.65,49461.15,49482.15,523
2026-02-20T05:30:00+00:00,49482.15,49497.15,49470.15,49479.15,687
2026-02-20T05:45:00+00:00,49479.15,49494.15,49474.15,49493.15,507
2026-02-20T06:00:00+00:00,49493.15,49506.15,49485.15,49505.15,566
2026-02-20T06:15:00+00:00,49505.15,49507.15,49493.65,49496.15,536
2026-02-20T06:30:00+00:00,49496.15,49501.15,49479.15,49489.65,766
2026-02-20T06:45:00+00:00,49489.65,49492.15,49477.15,49488.65,442
2026-02-20T07:00:00+00:00,49488.65,49492.66,49478.16,49486.66,792
2026-02-20T07:15:00+00:00,49486.66,49488.66,49471.66,49472.66,655
2026-02-20T07:30:00+00:00,49472.66,49483.66,49461.66,49473.16,863
2026-02-20T07:45:00+00:00,49473.16,49476.66,49451.66,49470.66,954
2026-02-20T08:00:00+00:00,49470.66,49487.66,49451.16,49469.16,2533
2026-02-20T08:15:00+00:00,49469.16,49486.16,49449.66,49484.66,1868
2026-02-20T08:30:00+00:00,49484.66,49489.16,49454.66,49479.66,1952
2026-02-20T08:45:00+00:00,49479.66,49511.66,49475.66,49502.66,1278
2026-02-20T09:00:00+00:00,49502.66,49523.66,49500.66,49519.16,1672
2026-02-20T09:15:00+00:00,49519.16,49547.66,49510.66,49515.66,1428
2026-02-20T09:30:00+00:00,49515.66,49516.16,49489.66,49496.66,1457
2026-02-20T09:45:00+00:00,49496.66,49502.66,49461.66,49466.66,1409
2026-02-20T10:00:00+00:00,49466.66,49481.66,49453.16,49474.66,1471
2026-02-20T10:15:00+00:00,49474.66,49481.66,49452.16,49456.16,1174
2026-02-20T10:30:00+00:00,49456.16,49464.66,49439.66,49444.16,1165
2026-02-20T10:45:00+00:00,49444.16,49448.66,49404.16,49404.66,1993
2026-02-20T11:00:00+00:00,49404.66,49405.16,49336.66,49371.16,4039
2026-02-20T11:15:00+00:00,49371.16,49387.66,49351.16,49377.66,2161
2026-02-20T11:30:00+00:00,49377.66,49395.66,49362.66,49380.66,1927
2026-02-20T11:45:00+00:00,49380.66,49384.16,49336.66,49346.66,2766
2026-02-20T12:00:00+00:00,49346.66,49357.16,49319.66,49353.66,3203
2026-02-20T12:15:00+00:00,49353.66,49368.66,49307.66,49322.16,2898
2026-02-20T12:30:00+00:00,49322.16,49339.66,49311.16,49316.66,2934
2026-02-20T12:45:00+00:00,49316.66,49337.66,49296.66,49337.16,2573
2026-02-20T13:00:00+00:00,49337.16,49352.16,49328.66,49350.16,1823
2026-02-20T13:15:00+00:00,49350.16,49398.16,49350.16,49385.3,2181
2026-02-20T13:30:00+00:00,49385.3,49394.66,49273.16,49285.66,9186
2026-02-20T13:45:00+00:00,49285.66,49316.66,49256.66,49314.16,5138
2026-02-20T14:00:00+00:00,49314.16,49329.16,49263.66,49274.16,4724
2026-02-20T14:15:00+00:00,49274.16,49276.66,49232.16,49267.16,6602
2026-02-20T14:30:00+00:00,49267.16,49299.4,49148.4,49237.9,51326
2026-02-20T14:45:00+00:00,49237.9,49358.4,49179.9,49348.4,27560
2026-02-20T15:00:00+00:00,49348.4,49714.9,49346.4,49388.4,37178
2026-02-20T15:15:00+00:00,49388.4,49602.9,49312.9,49514.9,35132
2026-02-20T15:30:00+00:00,49514.9,49548.4,49396.9,49513.4,31757
2026-02-20T15:45:00+00:00,49513.4,49553.9,49439.4,49520.9,22986
2026-02-20T16:00:00+00:00,49520.9,49542.4,49461.4,49497.9,21761
2026-02-20T16:15:00+00:00,49497.9,49513.4,49370.4,49372.4,23704
2026-02-20T16:30:00+00:00,49372.4,49543.9,49349.9,49508.9,19970
2026-02-20T16:45:00+00:00,49508.9,49542.9,49488.9,49499.4,11885
2026-02-20T17:00:00+00:00,49499.4,49521.4,49314.9,49328.9,17573
2026-02-20T17:15:00+00:00,49328.9,49328.9,49214.4,49259.4,24069
2026-02-20T17:30:00+00:00,49259.4,49330.9,49244.9,49326.9,20650
2026-02-20T17:45:00+00:00,49326.9,49452.4,49319.9,49430.4,17809
2026-02-20T18:00:00+00:00,49430.4,49452.4,49360.4,49397.4,15870
2026-02-20T18:15:00+00:00,49397.4,49402.4,49324.9,49365.9,17920
2026-02-20T18:30:00+00:00,49365.9,49553.9,49316.4,49523.9,26083
2026-02-20T18:45:00+00:00,49523.9,49620.4,49521.4,49596.9,16757
2026-02-20T19:00:00+00:00,49596.9,49626.4,49527.4,49533.4,11431
2026-02-20T19:15:00+00:00,49533.4,49561.4,49503.9,49549.4,10268
2026-02-20T19:30:00+00:00,49549.4,49579.4,49505.4,49506.4,8991
2026-02-20T19:45:00+00:00,49506.4,49541.9,49491.9,49522.4,9347
2026-02-20T20:00:00+00:00,49522.4,49614.9,49522.4,49609.9,8930
2026-02-20T20:15:00+00:00,49609.9,49610.9,49558.9,49578.9,7251
2026-02-20T20:30:00+00:00,49578.9,49603.4,49564.9,49601.9,7455
2026-02-20T20:45:00+00:00,49601.9,49629.4,49552.9,49627.4,9503
2026-02-20T21:00:00+00:00,49627.4,49663.66,49607.16,49662.16,3416
2026-02-20T21:15:00+00:00,49662.16,49662.16,49622.66,49622.66,1032
2026-02-20T21:30:00+00:00,49622.66,49632.16,49619.16,49623.3,721
2026-02-22T23:00:00+00:00,49623.3,49627.61,49568.11,49600.61,2083
2026-02-22T23:15:00+00:00,49600.61,49606.11,49527.61,49538.11,2055
2026-02-22T23:30:00+00:00,49538.11,49547.61,49495.61,49507.61,1974
2026-02-22T23:45:00+00:00,49507.61,49542.61,49503.61,49537.61,1737
2026-02-23T00:00:00+00:00,49537.61,49538.61,49493.11,49500.61,2138
2026-02-23T00:15:00+00:00,49500.61,49507.61,49423.11,49442.61,2369
2026-02-23T00:30:00+00:00,49442.61,49449.61,49410.61,49419.61,1864
2026-02-23T00:45:00+00:00,49419.61,49432.11,49378.61,49382.11,2634
2026-02-23T01:00:00+00:00,49382.11,49396.61,49355.61,49367.61,4067
2026-02-23T01:15:00+00:00,49367.61,49401.61,49360.61,49386.61,2763
2026-02-23T01:30:00+00:00,49386.61,49393.11,49371.61,49380.61,2218
2026-02-23T01:45:00+00:00,49380.61,49391.11,49342.61,49346.61,2363
2026-02-23T02:00:00+00:00,49346.61,49369.11,49324.61,49326.61,2392
2026-02-23T02:15:00+00:00,49326.61,49352.61,49320.61,49345.61,1519
2026-02-23T02:30:00+00:00,49345.61,49352.11,49330.61,49342.61,1056
2026-02-23T02:45:00+00:00,49342.61,49345.11,49326.61,49330.61,880
2026-02-23T03:00:00+00:00,49330.61,49341.11,49317.11,49323.61,1082
2026-02-23T03:15:00+00:00,49323.61,49323.61,49300.61,49317.61,1193
2026-02-23T03:30:00+00:00,49317.61,49320.61,49302.61,49317.61,942
2026-02-23T03:45:00+00:00,49317.61,49317.61,49301.61,49303.61,570
2026-02-23T04:00:00+00:00,49303.61,49326.11,49298.61,49311.61,666
2026-02-23T04:15:00+00:00,49311.61,49321.61,49305.11,49315.11,489
2026-02-23T04:30:00+00:00,49315.11,49319.61,49299.61,49308.61,554
2026-02-23T04:45:00+00:00,49308.61,49316.11,49304.61,49313.61,551
2026-02-23T05:00:00+00:00,49313.61,49314.61,49299.11,49306.61,709
2026-02-23T05:15:00+00:00,49306.61,49317.61,49302.61,49316.61,596
2026-02-23T05:30:00+00:00,49316.61,49334.61,49313.61,49327.61,577
2026-02-23T05:45:00+00:00,49327.61,49338.61,49324.61,49335.61,523
2026-02-23T06:00:00+00:00,49335.61,49339.61,49329.61,49338.61,610
2026-02-23T06:15:00+00:00,49338.61,49345.11,49329.61,49333.61,503
2026-02-23T06:30:00+00:00,49333.61,49364.11,49331.11,49352.61,684
2026-02-23T06:45:00+00:00,49352.61,49366.11,49348.61,49359.61,515
2026-02-23T07:00:00+00:00,49359.61,49416.62,49358.12,49416.62,1433
2026-02-23T07:15:00+00:00,49416.62,49418.62,49397.12,49404.12,1202
2026-02-23T07:30:00+00:00,49404.12,49415.12,49390.62,49413.12,965
2026-02-23T07:45:00+00:00,49413.12,49429.12,49411.62,49419.12,814
2026-02-23T08:00:00+00:00,49419.12,49437.62,49402.62,49419.62,2508
2026-02-23T08:15:00+00:00,49419.62,49421.62,49401.12,49414.62,1631
2026-02-23T08:30:00+00:00,49414.62,49423.62,49381.62,49386.62,1325
2026-02-23T08:45:00+00:00,49386.62,49441.62,49386.62,49437.62,1500
2026-02-23T09:00:00+00:00,49437.62,49495.62,49436.12,49490.62,2112
2026-02-23T09:15:00+00:00,49490.62,49500.62,49478.12,49486.62,1561
2026-02-23T09:30:00+00:00,49486.62,49504.62,49462.62,49499.12,1771
2026-02-23T09:45:00+00:00,49499.12,49512.12,49488.62,49499.12,1219
2026-02-23T10:00:00+00:00,49499.12,49530.62,49497.62,49520.62,1181
2026-02-23T10:15:00+00:00,49520.62,49528.62,49465.12,49500.62,2281
2026-02-23T10:30:00+00:00,49500.62,49525.12,49494.62,49517.62,1206
2026-02-23T10:45:00+00:00,49517.62,49518.62,49497.12,49505.62,847
2026-02-23T11:00:00+00:00,49505.62,49535.12,49494.62,49533.12,923
2026-02-23T11:15:00+00:00,49533.12,49545.62,49499.62,49504.62,821
2026-02-23T11:30:00+00:00,49504.62,49511.12,49488.62,49496.62,1164
2026-02-23T11:45:00+00:00,49496.62,49499.62,49440.62,49465.62,1850
2026-02-23T12:00:00+00:00,49465.62,49486.62,49440.62,49442.62,2568
2026-02-23T12:15:00+00:00,49442.62,49442.62,49397.62,49401.62,1953
2026-02-23T12:30:00+00:00,49401.62,49405.62,49369.62,49397.62,2478
2026-02-23T12:45:00+00:00,49397.62,49403.62,49358.62,49366.12,2026
2026-02-23T13:00:00+00:00,49366.12,49403.62,49344.62,49384.12,2804
2026-02-23T13:15:00+00:00,49384.12,49421.12,49382.62,49407.12,2218
2026-02-23T13:30:00+00:00,49407.12,49440.62,49396.62,49439.12,2940
2026-02-23T13:45:00+00:00,49439.12,49457.62,49421.62,49434.62,2600
2026-02-23T14:00:00+00:00,49434.62,49480.62,49431.62,49478.62,2703
2026-02-23T14:15:00+00:00,49478.62,49478.62,49441.62,49469.62,3739
2026-02-23T14:30:00+00:00,49469.62,49722.86,49458.86,49507.86,37912
2026-02-23T14:45:00+00:00,49507.86,49527.36,49222.36,49232.86,33715
2026-02-23T15:00:00+00:00,49232.86,49265.36,49008.36,49019.36,31521
2026-02-23T15:15:00+00:00,49019.36,49026.36,48928.36,48976.36,26000
2026-02-23T15:30:00+00:00,48976.36,49015.36,48942.86,48967.86,20094
2026-02-23T15:45:00+00:00,48967.86,48978.36,48903.86,48940.36,16140
2026-02-23T16:00:00+00:00,48940.36,48951.36,48796.36,48800.36,20822
2026-02-23T16:15:00+00:00,48800.36,48941.86,48786.36,48937.36,22159
2026-02-23T16:30:00+00:00,48937.36,48968.36,48895.36,48905.36,18241
2026-02-23T16:45:00+00:00,48905.36,48935.36,48882.86,48900.36,16496
2026-02-23T17:00:00+00:00,48900.36,48925.36,48864.36,48879.36,14443
2026-02-23T17:15:00+00:00,48879.36,48896.36,48827.36,48830.36,12549
2026-02-23T17:30:00+00:00,48830.36,48852.36,48774.36,48810.36,11867
2026-02-23T17:45:00+00:00,48810.36,48902.36,48800.36,48880.36,13284
2026-02-23T18:00:00+00:00,48880.36,48952.36,48875.36,48942.36,11221
2026-02-23T18:15:00+00:00,48942.36,49009.36,48935.36,49007.36,9858
2026-02-23T18:30:00+00:00,49007.36,49023.36,48937.36,48947.36,9854
2026-02-23T18:45:00+00:00,48947.36,48974.36,48880.36,48883.86,10937
2026-02-23T19:00:00+00:00,48883.86,48908.36,48821.36,48836.36,12996
2026-02-23T19:15:00+00:00,48836.36,48853.36,48782.36,48790.36,10078
2026-02-23T19:30:00+00:00,48790.36,48820.36,48762.36,48787.36,10578
2026-02-23T19:45:00+00:00,48787.36,48842.36,48779.36,48826.36,11902
2026-02-23T20:00:00+00:00,48826.36,48847.36,48763.36,48764.36,9562
2026-02-23T20:15:00+00:00,48764.36,48821.36,48763.36,48811.36,10292
2026-02-23T20:30:00+00:00,48811.36,48862.36,48787.36,48812.36,10553
2026-02-23T20:45:00+00:00,48812.36,48841.36,48737.36,48822.36,15417
2026-02-23T21:00:00+00:00,48822.36,48847.62,48796.62,48844.62,4335
2026-02-23T21:15:00+00:00,48844.62,48845.12,48828.62,48841.62,1003
2026-02-23T21:30:00+00:00,48841.62,48853.62,48837.12,48844.62,633
2026-02-23T21:45:00+00:00,48844.62,48850.26,48834.12,48850.26,830
2026-02-23T23:00:00+00:00,48850.26,48875.4,48837.4,48858.4,2940
2026-02-23T23:15:00+00:00,48858.4,48862.9,48836.9,48858.4,908
2026-02-23T23:30:00+00:00,48858.4,48880.4,48856.4,48868.4,1144
2026-02-23T23:45:00+00:00,48868.4,48868.9,48846.4,48847.9,834
2026-02-24T00:00:00+00:00,48847.9,48862.4,48832.4,48857.4,2009
2026-02-24T00:15:00+00:00,48857.4,48866.9,48827.4,48835.9,1368
2026-02-24T00:30:00+00:00,48835.9,48857.4,48826.4,48854.4,1052
2026-02-24T00:45:00+00:00,48854.4,48869.4,48847.4,48859.4,1050
2026-02-24T01:00:00+00:00,48859.4,48863.4,48833.4,48842.4,1624
2026-02-24T01:15:00+00:00,48842.4,48862.9,48831.4,48849.4,1771
2026-02-24T01:30:00+00:00,48849.4,48861.4,48829.4,48856.4,1866
2026-02-24T01:45:00+00:00,48856.4,48856.4,48838.4,48850.4,1329
2026-02-24T02:00:00+00:00,48850.4,48870.9,48844.4,48866.4,1257
2026-02-24T02:15:00+00:00,48866.4,48892.4,48858.4,48888.4,1196
2026-02-24T02:30:00+00:00,48888.4,48890.4,48878.4,48880.9,813
2026-02-24T02:45:00+00:00,48880.9,48883.4,48872.4,48881.4,578
2026-02-24T03:00:00+00:00,48881.4,48889.9,48873.4,48881.4,611
2026-02-24T03:15:00+00:00,48881.4,48884.9,48875.4,48879.4,615
2026-02-24T03:30:00+00:00,48879.4,48888.4,48873.4,48881.4,513
2026-02-24T03:45:00+00:00,48881.4,48885.4,48879.4,48882.4,448
2026-02-24T04:00:00+00:00,48882.4,48888.9,48879.9,48881.4,480
2026-02-24T04:15:00+00:00,48881.4,48892.9,48872.9,48884.9,575
2026-02-24T04:30:00+00:00,48884.9,48893.4,48871.9,48884.4,666
2026-02-24T04:45:00+00:00,48884.4,48897.4,48884.4,48894.4,506
2026-02-24T05:00:00+00:00,48894.4,48910.9,48884.4,48906.4,607
2026-02-24T05:15:00+00:00,48906.4,48907.4,48882.4,48888.9,859
2026-02-24T05:30:00+00:00,48888.9,48888.9,48867.9,48876.4,979
2026-02-24T05:45:00+00:00,48876.4,48876.4,48854.4,48866.9,860
2026-02-24T06:00:00+00:00,48866.9,48873.9,48861.4,48864.4,741
2026-02-24T06:15:00+00:00,48864.4,48873.4,48845.4,48857.4,914
2026-02-24T06:30:00+00:00,48857.4,48883.9,48846.4,48881.4,946
2026-02-24T06:45:00+00:00,48881.4,48890.4,48878.9,48886.4,590
2026-02-24T07:00:00+00:00,48886.4,48916.91,48879.91,48915.91,1486
2026-02-24T07:15:00+00:00,48915.91,48916.41,48897.91,48907.91,1102
2026-02-24T07:30:00+00:00,48907.91,48914.41,48888.91,48892.91,1114
2026-02-24T07:45:00+00:00,48892.91,48894.91,48876.91,48880.91,990
2026-02-24T08:00:00+00:00,48880.91,48881.91,48814.91,48833.91,4379
2026-02-24T08:15:00+00:00,48833.91,48879.91,48809.91,48847.91,4108
2026-02-24T08:30:00+00:00,48847.91,48872.91,48808.91,48819.41,2746
2026-02-24T08:45:00+00:00,48819.41,48835.91,48783.41,48815.91,2945
2026-02-24T09:00:00+00:00,48815.91,48884.41,48815.91,48881.91,3134
2026-02-24T09:15:00+00:00,48881.91,48890.91,48853.91,48859.91,1921
2026-02-24T09:30:00+00:00,48859.91,48870.91,48826.91,48865.41,1805
2026-02-24T09:45:00+00:00,48865.41,48896.91,48860.91,48893.91,1274
2026-02-24T10:00:00+00:00,48893.91,48908.91,48880.91,48880.91,1338
2026-02-24T10:15:00+00:00,48880.91,48892.41,48871.91,48881.91,1006
2026-02-24T10:30:00+00:00,48881.91,48886.91,48865.91,48882.41,1105
2026-02-24T10:45:00+00:00,48882.41,48883.91,48860.91,48878.91,1158
2026-02-24T11:00:00+00:00,48878.91,48974.41,48878.91,48958.91,3333
2026-02-24T11:15:00+00:00,48958.91,48965.91,48925.91,48930.91,1529
2026-02-24T11:30:00+00:00,48930.91,48943.91,48916.91,48926.91,1392
2026-02-24T11:45:00+00:00,48926.91,48943.91,48925.41,48941.91,1369
2026-02-24T12:00:00+00:00,48941.91,48968.91,48923.91,48941.91,3930
2026-02-24T12:15:00+00:00,48941.91,48948.91,48911.91,48912.41,1878
2026-02-24T12:30:00+00:00,48912.41,48923.41,48854.41,48869.91,3369
2026-02-24T12:45:00+00:00,48869.91,48877.91,48834.91,48867.91,3191
2026-02-24T13:00:00+00:00,48867.91,48887.91,48856.91,48859.91,3168
2026-02-24T13:15:00+00:00,48859.91,48907.91,48845.91,48906.91,2462
2026-02-24T13:30:00+00:00,48906.91,48937.41,48874.91,48933.91,3307
2026-02-24T13:45:00+00:00,48933.91,48980.91,48932.91,48967.91,2733
2026-02-24T14:00:00+00:00,48967.91,48969.41,48877.91,48895.91,3140
2026-02-24T14:15:00+00:00,48895.91,48899.91,48837.91,48857.41,4554
2026-02-24T14:30:00+00:00,48857.41,49210.65,48763.65,49203.65,54817
2026-02-24T14:45:00+00:00,49203.65,49272.65,49018.15,49057.65,25325
2026-02-24T15:00:00+00:00,49057.65,49114.65,48963.15,49068.65,28815
2026-02-24T15:15:00+00:00,49068.65,49259.65,49059.15,49252.65,20420
2026-02-24T15:30:00+00:00,49252.65,49261.15,49164.15,49208.15,13280
2026-02-24T15:45:00+00:00,49208.15,49209.15,49154.65,49173.15,11078
2026-02-24T16:00:00+00:00,49173.15,49248.65,49156.15,49239.65,10713
2026-02-24T16:15:00+00:00,49239.65,49245.65,49161.65,49175.15,8228
2026-02-24T16:30:00+00:00,49175.15,49175.65,49087.65,49112.65,10318
2026-02-24T16:45:00+00:00,49112.65,49174.65,49105.65,49161.65,7297
2026-02-24T17:00:00+00:00,49161.65,49228.15,49156.15,49215.15,6893
2026-02-24T17:15:00+00:00,49215.15,49250.15,49205.65,49229.15,5234
2026-02-24T17:30:00+00:00,49229.15,49231.65,49200.15,49202.15,4561
2026-02-24T17:45:00+00:00,49202.15,49243.15,49193.15,49233.15,4045
2026-02-24T18:00:00+00:00,49233.15,49280.65,49230.15,49240.65,4607
2026-02-24T18:15:00+00:00,49240.65,49247.15,49212.15,49223.15,4690
2026-02-24T18:30:00+00:00,49223.15,49292.65,49216.65,49288.15,4418
2026-02-24T18:45:00+00:00,49288.15,49304.65,49261.15,49262.15,3656
2026-02-24T19:00:00+00:00,49262.15,49278.15,49221.65,49242.15,4796
2026-02-24T19:15:00+00:00,49242.15,49244.15,49182.15,49201.15,5950
2026-02-24T19:30:00+00:00,49201.15,49212.15,49175.15,49209.15,4374
2026-02-24T19:45:00+00:00,49209.15,49245.15,49195.15,49213.15,3719
2026-02-24T20:00:00+00:00,49213.15,49225.15,49163.65,49173.15,4361
2026-02-24T20:15:00+00:00,49173.15,49187.65,49150.15,49157.15,4433
2026-02-24T20:30:00+00:00,49157.15,49200.15,49155.15,49189.15,4711
2026-02-24T20:45:00+00:00,49189.15,49258.15,49186.15,49194.15,7780
2026-02-24T21:00:00+00:00,49194.15,49200.41,49176.41,49189.41,1784
2026-02-24T21:15:00+00:00,49189.41,49191.41,49174.41,49176.91,456
2026-02-24T21:30:00+00:00,49176.91,49183.91,49169.41,49175.91,396
2026-02-24T21:45:00+00:00,49175.91,49181.41,49159.91,49163.05,496
2026-02-24T23:00:00+00:00,49163.05,49186.07,49151.57,49181.07,1224
2026-02-24T23:15:00+00:00,49181.07,49186.57,49171.07,49183.07,455
2026-02-24T23:30:00+00:00,49183.07,49195.07,49169.57,49183.57,575
2026-02-24T23:45:00+00:00,49183.57,49197.07,49177.57,49189.07,573
2026-02-25T00:00:00+00:00,49189.07,49189.07,49168.07,49172.07,957
2026-02-25T00:15:00+00:00,49172.07,49184.07,49164.07,49168.07,599
2026-02-25T00:30:00+00:00,49168.07,49201.07,49161.07,49201.07,864
2026-02-25T00:45:00+00:00,49201.07,49213.07,49189.07,49204.57,799
2026-02-25T01:00:00+00:00,49204.57,49220.07,49197.57,49216.07,1249
2026-02-25T01:15:00+00:00,49216.07,49227.57,49205.07,49217.07,1477
2026-02-25T01:30:00+00:00,49217.07,49232.07,49209.57,49232.07,1061
2026-02-25T01:45:00+00:00,49232.07,49241.57,49229.57,49237.07,1134
2026-02-25T02:00:00+00:00,49237.07,49243.07,49222.07,49230.07,1168
2026-02-25T02:15:00+00:00,49230.07,49246.07,49224.07,49241.07,992
2026-02-25T02:30:00+00:00,49241.07,49254.07,49232.07,49235.57,923
2026-02-25T02:45:00+00:00,49235.57,49241.07,49225.07,49239.57,823
2026-02-25T03:00:00+00:00,49239.57,49241.07,49198.07,49200.07,1091
2026-02-25T03:15:00+00:00,49200.07,49204.07,49173.07,49179.07,1408
2026-02-25T03:30:00+00:00,49179.07,49187.07,49093.07,49175.07,4038
2026-02-25T03:45:00+00:00,49175.07,49223.07,49175.07,49211.57,1550
2026-02-25T04:00:00+00:00,49211.57,49212.07,49172.07,49180.57,1354
2026-02-25T04:15:00+00:00,49180.57,49200.07,49174.07,49200.07,1049
2026-02-25T04:30:00+00:00,49200.07,49212.07,49200.07,49207.07,790
2026-02-25T04:45:00+00:00,49207.07,49213.07,49193.07,49195.57,814
2026-02-25T05:00:00+00:00,49195.57,49218.57,49193.07,49199.07,912
2026-02-25T05:15:00+00:00,49199.07,49202.07,49184.57,49186.57,753
2026-02-25T05:30:00+00:00,49186.57,49194.57,49178.07,49188.57,730
2026-02-25T05:45:00+00:00,49188.57,49202.57,49177.07,49183.07,639
2026-02-25T06:00:00+00:00,49183.07,49194.57,49174.57,49193.07,789
2026-02-25T06:15:00+00:00,49193.07,49218.57,49187.07,49197.07,742
2026-02-25T06:30:00+00:00,49197.07,49212.07,49187.07,49203.57,860
2026-02-25T06:45:00+00:00,49203.57,49203.57,49189.57,49192.07,498
2026-02-25T07:00:00+00:00,49192.07,49205.58,49186.58,49192.58,1112
2026-02-25T07:15:00+00:00,49192.58,49200.58,49181.58,49193.58,862
2026-02-25T07:30:00+00:00,49193.58,49194.58,49173.58,49176.58,1089
2026-02-25T07:45:00+00:00,49176.58,49192.58,49175.08,49181.58,1058
2026-02-25T08:00:00+00:00,49181.58,49237.58,49181.58,49215.58,3349
2026-02-25T08:15:00+00:00,49215.58,49259.58,49206.58,49248.08,2170
2026-02-25T08:30:00+00:00,49248.08,49256.58,49228.58,49248.58,1373
2026-02-25T08:45:00+00:00,49248.58,49263.08,49234.58,49240.58,1310
2026-02-25T09:00:00+00:00,49240.58,49260.08,49224.58,49255.58,1838
2026-02-25T09:15:00+00:00,49255.58,49262.08,49241.08,49253.58,1266
2026-02-25T09:30:00+00:00,49253.58,49274.58,49249.58,49274.58,1072
2026-02-25T09:45:00+00:00,49274.58,49274.58,49252.58,49268.08,1095
2026-02-25T10:00:00+00:00,49268.08,49273.08,49233.58,49248.58,982
2026-02-25T10:15:00+00:00,49248.58,49265.08,49239.58,49258.58,983
2026-02-25T10:30:00+00:00,49258.58,49284.58,49255.58,49284.58,744
2026-02-25T10:45:00+00:00,49284.58,49284.58,49249.08,49254.58,916
2026-02-25T11:00:00+00:00,49254.58,49261.58,49249.58,49256.58,905
2026-02-25T11:15:00+00:00,49256.58,49275.58,49254.08,49271.58,638
2026-02-25T11:30:00+00:00,49271.58,49300.58,49271.58,49297.58,952
2026-02-25T11:45:00+00:00,49297.58,49335.08,49294.58,49333.58,1078
2026-02-25T12:00:00+00:00,49333.58,49337.58,49315.58,49327.58,1573
2026-02-25T12:15:00+00:00,49327.58,49362.58,49323.58,49337.08,1704
2026-02-25T12:30:00+00:00,49337.08,49347.58,49324.58,49334.58,1326
2026-02-25T12:45:00+00:00,49334.58,49363.08,49333.58,49346.58,1431
2026-02-25T13:00:00+00:00,49346.58,49372.58,49341.08,49363.58,1447
2026-02-25T13:15:00+00:00,49363.58,49368.58,49346.58,49352.08,1242
2026-02-25T13:30:00+00:00,49352.08,49352.58,49329.58,49343.58,2068
2026-02-25T13:45:00+00:00,49343.58,49381.08,49334.58,49373.58,1794
2026-02-25T14:00:00+00:00,49373.58,49455.08,49373.58,49417.08,3628
2026-02-25T14:15:00+00:00,49417.08,49418.08,49362.58,49381.58,3979
2026-02-25T14:30:00+00:00,49381.58,49446.32,49295.32,49341.32,34732
2026-02-25T14:45:00+00:00,49341.32,49421.82,49282.32,49295.32,18334
2026-02-25T15:00:00+00:00,49295.32,49324.82,49229.32,49251.82,15771
2026-02-25T15:15:00+00:00,49251.82,49292.32,49240.32,49261.82,13894
2026-02-25T15:30:00+00:00,49261.82,49309.32,49206.32,49294.32,12110
2026-02-25T15:45:00+00:00,49294.32,49320.82,49259.32,49303.82,10426
2026-02-25T16:00:00+00:00,49303.82,49372.32,49302.32,49336.32,8637
2026-02-25T16:15:00+00:00,49336.32,49396.82,49288.32,49373.32,7307
2026-02-25T16:30:00+00:00,49373.32,49405.82,49358.32,49394.82,5953
2026-02-25T16:45:00+00:00,49394.82,49454.32,49390.32,49430.32,5731
2026-02-25T17:00:00+00:00,49430.32,49442.32,49383.32,49414.82,5022
2026-02-25T17:15:00+00:00,49414.82,49448.32,49408.82,49413.82,3783
2026-02-25T17:30:00+00:00,49413.82,49497.82,49405.82,49487.82,3937
2026-02-25T17:45:00+00:00,49487.82,49496.82,49472.82,49489.82,3333
2026-02-25T18:00:00+00:00,49489.82,49507.82,49473.32,49487.82,3197
2026-02-25T18:15:00+00:00,49487.82,49498.82,49455.32,49467.82,3119
2026-02-25T18:30:00+00:00,49467.82,49485.82,49445.32,49464.82,2376
2026-02-25T18:45:00+00:00,49464.82,49481.82,49452.82,49457.82,1981
2026-02-25T19:00:00+00:00,49457.82,49475.32,49441.32,49442.32,2800
2026-02-25T19:15:00+00:00,49442.32,49460.82,49432.82,49442.82,2091
2026-02-25T19:30:00+00:00,49442.82,49502.32,49442.82,49483.82,2694
2026-02-25T19:45:00+00:00,49483.82,49496.82,49477.32,49483.82,2736
2026-02-25T20:00:00+00:00,49483.82,49510.82,49474.82,49482.82,3273
2026-02-25T20:15:00+00:00,49482.82,49493.82,49469.82,49475.82,2672
2026-02-25T20:30:00+00:00,49475.82,49499.32,49468.32,49480.82,2993
2026-02-25T20:45:00+00:00,49480.82,49528.32,49479.82,49496.82,6563
2026-02-25T21:00:00+00:00,49496.82,49545.08,49471.58,49484.58,3707
2026-02-25T21:15:00+00:00,49484.58,49490.58,49457.08,49478.08,1593
2026-02-25T21:30:00+00:00,49478.08,49536.58,49438.08,49442.58,8463
2026-02-25T21:45:00+00:00,49442.58,49476.08,49441.08,49461.72,2317
2026-02-25T23:00:00+00:00,49461.72,49498.23,49460.73,49475.73,3265
2026-02-25T23:15:00+00:00,49475.73,49483.23,49455.73,49466.23,1196
2026-02-25T23:30:00+00:00,49466.23,49466.73,49405.73,49432.73,1968
2026-02-25T23:45:00+00:00,49432.73,49433.73,49396.73,49396.73,1603
2026-02-26T00:00:00+00:00,49396.73,49424.73,49390.23,49420.73,1628
2026-02-26T00:15:00+00:00,49420.73,49432.73,49412.73,49426.73,1240
2026-02-26T00:30:00+00:00,49426.73,49432.73,49409.73,49415.73,1285
2026-02-26T00:45:00+00:00,49415.73,49424.73,49408.23,49409.73,686
2026-02-26T01:00:00+00:00,49409.73,49411.73,49386.23,49404.73,1735
2026-02-26T01:15:00+00:00,49404.73,49418.73,49390.73,49391.23,1417
2026-02-26T01:30:00+00:00,49391.23,49441.23,49384.23,49437.23,1672
2026-02-26T01:45:00+00:00,49437.23,49439.73,49428.73,49435.73,829
2026-02-26T02:00:00+00:00,49435.73,49440.73,49405.23,49408.73,1015
2026-02-26T02:15:00+00:00,49408.73,49422.23,49408.73,49415.73,765
2026-02-26T02:30:00+00:00,49415.73,49417.73,49405.73,49411.73,692
2026-02-26T02:45:00+00:00,49411.73,49424.73,49411.73,49424.73,572
2026-02-26T03:00:00+00:00,49424.73,49428.23,49415.73,49419.73,489
2026-02-26T03:15:00+00:00,49419.73,49425.73,49413.73,49418.73,343
2026-02-26T03:30:00+00:00,49418.73,49435.73,49418.23,49428.73,464
2026-02-26T03:45:00+00:00,49428.73,49435.73,49421.73,49423.73,439
2026-02-26T04:00:00+00:00,49423.73,49430.73,49411.23,49412.73,611
2026-02-26T04:15:00+00:00,49412.73,49417.23,49409.23,49414.23,425
2026-02-26T04:30:00+00:00,49414.23,49418.23,49409.73,49414.73,405
2026-02-26T04:45:00+00:00,49414.73,49419.73,49411.23,49412.73,363
2026-02-26T05:00:00+00:00,49412.73,49413.73,49383.73,49383.73,846
2026-02-26T05:15:00+00:00,49383.73,49397.73,49382.23,49387.73,718
2026-02-26T05:30:00+00:00,49387.73,49389.73,49381.73,49386.73,556
2026-02-26T05:45:00+00:00,49386.73,49397.23,49385.23,49391.73,566
2026-02-26T06:00:00+00:00,49391.73,49402.23,49388.73,49402.23,691
2026-02-26T06:15:00+00:00,49402.23,49402.23,49382.73,49385.73,676
2026-02-26T06:30:00+00:00,49385.73,49392.23,49370.23,49390.73,1087
2026-02-26T06:45:00+00:00,49390.73,49406.73,49377.73,49379.73,694
2026-02-26T07:00:00+00:00,49379.73,49404.74,49379.73,49398.74,1089
2026-02-26T07:15:00+00:00,49398.74,49403.24,49380.24,49386.74,875
2026-02-26T07:30:00+00:00,49386.74,49400.24,49383.24,49399.24,894
2026-02-26T07:45:00+00:00,49399.24,49404.24,49379.24,49381.24,986
2026-02-26T08:00:00+00:00,49381.24,49396.24,49368.74,49390.24,2480
2026-02-26T08:15:00+00:00,49390.24,49424.74,49388.24,49408.24,2225
2026-02-26T08:30:00+00:00,49408.24,49413.24,49381.24,49388.24,1390
2026-02-26T08:45:00+00:00,49388.24,49408.24,49383.74,49396.74,1370
2026-02-26T09:00:00+00:00,49396.74,49419.24,49395.24,49418.24,1647
2026-02-26T09:15:00+00:00,49418.24,49431.74,49408.74,49428.24,1097
2026-02-26T09:30:00+00:00,49428.24,49471.24,49423.24,49466.24,1376
2026-02-26T09:45:00+00:00,49466.24,49475.74,49435.24,49444.24,863
2026-02-26T10:00:00+00:00,49444.24,49446.24,49428.24,49434.24,923
2026-02-26T10:15:00+00:00,49434.24,49446.24,49426.24,49441.74,746
2026-02-26T10:30:00+00:00,49441.74,49455.74,49439.24,49453.24,885
2026-02-26T10:45:00+00:00,49453.24,49465.24,49441.24,49445.24,864
2026-02-26T11:00:00+00:00,49445.24,49461.24,49443.24,49455.24,1159
2026-02-26T11:15:00+00:00,49455.24,49469.24,49448.74,49465.24,769
2026-02-26T11:30:00+00:00,49465.24,49480.24,49465.24,49466.24,882
2026-02-26T11:45:00+00:00,49466.24,49485.24,49464.24,49482.74,950
2026-02-26T12:00:00+00:00,49482.74,49502.24,49482.24,49495.24,1070
2026-02-26T12:15:00+00:00,49495.24,49540.24,49494.24,49537.24,1250
2026-02-26T12:30:00+00:00,49537.24,49572.74,49522.74,49561.24,1213
2026-02-26T12:45:00+00:00,49561.24,49582.24,49556.24,49559.24,1313
2026-02-26T13:00:00+00:00,49559.24,49621.24,49556.24,49616.24,2019
2026-02-26T13:15:00+00:00,49616.24,49630.74,49597.74,49612.74,1884
2026-02-26T13:30:00+00:00,49612.74,49632.24,49593.74,49597.24,1640
2026-02-26T13:45:00+00:00,49597.24,49612.24,49585.74,49602.74,1654
2026-02-26T14:00:00+00:00,49602.74,49641.74,49598.24,49635.74,1972
2026-02-26T14:15:00+00:00,49635.74,49722.24,49629.24,49719.24,2736
2026-02-26T14:30:00+00:00,49719.24,49839.48,49632.98,49673.98,44779
2026-02-26T14:45:00+00:00,49673.98,49716.98,49616.48,49631.48,28226
2026-02-26T15:00:00+00:00,49631.48,49658.48,49528.48,49529.48,24553
2026-02-26T15:15:00+00:00,49529.48,49529.98,49239.98,49287.48,39655
2026-02-26T15:30:00+00:00,49287.48,49453.98,49255.48,49447.48,33865
2026-02-26T15:45:00+00:00,49447.48,49583.48,49447.48,49563.48,23517
2026-02-26T16:00:00+00:00,49563.48,49574.98,49500.98,49557.98,22168
2026-02-26T16:15:00+00:00,49557.98,49576.48,49489.48,49517.48,16929
2026-02-26T16:30:00+00:00,49517.48,49532.48,49370.48,49370.48,16971
2026-02-26T16:45:00+00:00,49370.48,49419.98,49327.48,49349.48,17343
2026-02-26T17:00:00+00:00,49349.48,49369.48,49296.48,49312.98,14999
2026-02-26T17:15:00+00:00,49312.98,49340.48,49290.98,49309.48,12366
2026-02-26T17:30:00+00:00,49309.48,49355.98,49262.48,49263.48,12197
2026-02-26T17:45:00+00:00,49263.48,49295.98,49239.98,49261.48,10861
2026-02-26T18:00:00+00:00,49261.48,49314.48,49245.48,49309.48,11560
2026-02-26T18:15:00+00:00,49309.48,49345.48,49286.48,49328.48,8608
2026-02-26T18:30:00+00:00,49328.48,49503.48,49321.48,49493.48,9887
2026-02-26T18:45:00+00:00,49493.48,49524.48,49440.48,49444.98,5269
2026-02-26T19:00:00+00:00,49444.98,49498.98,49433.98,49486.98,6750
2026-02-26T19:15:00+00:00,49486.98,49549.98,49483.98,49490.98,2331
2026-02-26T19:30:00+00:00,49490.98,49535.98,49484.98,49524.98,2344
2026-02-26T19:45:00+00:00,49524.98,49560.48,49522.48,49529.38,2477.511876179043
2026-02-26T20:00:00+00:00,49529.38,49570.38,49502.88,49548.38,5791
2026-02-26T20:15:00+00:00,49548.38,49567.38,49517.38,49517.38,3726
2026-02-26T20:30:00+00:00,49517.38,49549.88,49508.38,49542.38,4919
2026-02-26T20:45:00+00:00,49542.38,49546.38,49494.38,49510.88,9835
2026-02-26T21:00:00+00:00,49510.88,49537.63999999999,49479.13999999999,49486.63999999999,3477
2026-02-26T21:15:00+00:00,49486.63999999999,49488.63999999999,49446.13999999999,49448.13999999999,1857
2026-02-26T21:30:00+00:00,49448.13999999999,49453.13999999999,49380.63999999999,49385.63999999999,1918
2026-02-26T21:45:00+00:00,49385.63999999999,49388.13999999999,49316.63999999999,49323.77999999999,2219
2026-02-26T23:00:00+00:00,49323.77999999999,49323.77999999999,49185.52999999999,49259.02999999999,4693
2026-02-26T23:15:00+00:00,49259.02999999999,49265.02999999999,49237.52999999999,49256.52999999999,2147
2026-02-26T23:30:00+00:00,49256.52999999999,49262.02999999999,49218.02999999999,49222.02999999999,1418
2026-02-26T23:45:00+00:00,49222.02999999999,49233.02999999999,49205.02999999999,49230.02999999999,1661
2026-02-27T00:00:00+00:00,49230.02999999999,49248.02999999999,49212.52999999999,49246.52999999999,1725
2026-02-27T00:15:00+00:00,49246.52999999999,49263.52999999999,49232.02999999999,49235.02999999999,1455
2026-02-27T00:30:00+00:00,49235.02999999999,49241.02999999999,49176.52999999999,49179.02999999999,1945
2026-02-27T00:45:00+00:00,49179.02999999999,49235.02999999999,49174.52999999999,49218.02999999999,1903
2026-02-27T01:00:00+00:00,49218.02999999999,49228.02999999999,49199.52999999999,49223.02999999999,2179
2026-02-27T01:15:00+00:00,49223.02999999999,49236.02999999999,49217.02999999999,49217.02999999999,1996
2026-02-27T01:30:00+00:00,49217.02999999999,49236.02999999999,49204.52999999999,49221.02999999999,2629
2026-02-27T01:45:00+00:00,49221.02999999999,49234.02999999999,49212.52999999999,49229.52999999999,1619
2026-02-27T02:00:00+00:00,49229.52999999999,49256.02999999999,49229.02999999999,49247.02999999999,1409
2026-02-27T02:15:00+00:00,49247.02999999999,49263.02999999999,49246.02999999999,49257.52999999999,937
2026-02-27T02:30:00+00:00,49257.52999999999,49260.02999999999,49229.02999999999,49232.52999999999,931
2026-02-27T02:45:00+00:00,49232.52999999999,49265.02999999999,49228.02999999999,49264.02999999999,879
2026-02-27T03:00:00+00:00,49264.02999999999,49270.52999999999,49260.02999999999,49269.52999999999,845
2026-02-27T03:15:00+00:00,49269.52999999999,49274.02999999999,49248.02999999999,49251.02999999999,626
2026-02-27T03:30:00+00:00,49251.02999999999,49257.02999999999,49238.02999999999,49249.02999999999,740
2026-02-27T03:45:00+00:00,49249.02999999999,49269.02999999999,49241.02999999999,49260.52999999999,629
2026-02-27T04:00:00+00:00,49260.52999999999,49272.52999999999,49260.52999999999,49270.52999999999,704
2026-02-27T04:15:00+00:00,49270.52999999999,49272.02999999999,49253.02999999999,49265.02999999999,657
2026-02-27T04:30:00+00:00,49265.02999999999,49281.52999999999,49261.02999999999,49280.52999999999,537
2026-02-27T04:45:00+00:00,49280.52999999999,49280.52999999999,49264.02999999999,49269.02999999999,445
2026-02-27T05:00:00+00:00,49269.02999999999,49292.52999999999,49268.02999999999,49292.02999999999,698
2026-02-27T05:15:00+00:00,49292.02999999999,49308.02999999999,49292.02999999999,49303.02999999999,560
2026-02-27T05:30:00+00:00,49303.02999999999,49310.52999999999,49289.02999999999,49300.02999999999,652
2026-02-27T05:45:00+00:00,49300.02999999999,49304.52999999999,49270.02999999999,49270.02999999999,735
2026-02-27T06:00:00+00:00,49270.02999999999,49283.02999999999,49250.02999999999,49254.52999999999,1003
2026-02-27T06:15:00+00:00,49254.52999999999,49259.02999999999,49226.02999999999,49244.02999999999,1418
2026-02-27T06:30:00+00:00,49244.02999999999,49276.52999999999,49243.02999999999,49267.02999999999,1378
2026-02-27T06:45:00+00:00,49267.02999999999,49276.02999999999,49259.02999999999,49261.02999999999,601
2026-02-27T07:00:00+00:00,49261.02999999999,49285.53999999999,49261.02999999999,49276.53999999999,1237
2026-02-27T07:15:00+00:00,49276.53999999999,49308.53999999999,49275.53999999999,49306.03999999999,820
2026-02-27T07:30:00+00:00,49306.03999999999,49309.03999999999,49290.03999999999,49299.03999999999,850
2026-02-27T07:45:00+00:00,49299.03999999999,49306.03999999999,49293.03999999999,49300.03999999999,918
2026-02-27T08:00:00+00:00,49300.03999999999,49316.03999999999,49262.03999999999,49263.03999999999,2959
2026-02-27T08:15:00+00:00,49263.03999999999,49312.03999999999,49250.03999999999,49298.53999999999,2530
2026-02-27T08:30:00+00:00,49298.53999999999,49314.03999999999,49275.53999999999,49288.53999999999,1925
2026-02-27T08:45:00+00:00,49288.53999999999,49315.03999999999,49286.53999999999,49311.53999999999,1501
2026-02-27T09:00:00+00:00,49311.53999999999,49349.03999999999,49308.53999999999,49341.03999999999,1935
2026-02-27T09:15:00+00:00,49341.03999999999,49367.53999999999,49324.03999999999,49345.03999999999,2420
2026-02-27T09:30:00+00:00,49345.03999999999,49346.03999999999,49286.03999999999,49291.03999999999,2289
2026-02-27T09:45:00+00:00,49291.03999999999,49314.03999999999,49286.53999999999,49300.03999999999,1875
2026-02-27T10:00:00+00:00,49300.03999999999,49305.03999999999,49204.03999999999,49222.03999999999,3145
2026-02-27T10:15:00+00:00,49222.03999999999,49267.03999999999,49222.03999999999,49255.03999999999,2222
2026-02-27T10:30:00+00:00,49255.03999999999,49272.03999999999,49236.03999999999,49271.03999999999,2257
2026-02-27T10:45:00+00:00,49271.03999999999,49271.03999999999,49208.03999999999,49230.03999999999,2305
2026-02-27T11:00:00+00:00,49230.03999999999,49236.03999999999,49177.53999999999,49201.03999999999,2434
2026-02-27T11:15:00+00:00,49201.03999999999,49228.03999999999,49189.03999999999,49207.03999999999,2284
2026-02-27T11:30:00+00:00,49207.03999999999,49222.03999999999,49138.03999999999,49147.03999999999,2907
2026-02-27T11:45:00+00:00,49147.03999999999,49164.03999999999,49129.03999999999,49158.03999999999,3536
2026-02-27T12:00:00+00:00,49158.03999999999,49190.03999999999,49124.03999999999,49186.03999999999,3940
2026-02-27T12:15:00+00:00,49186.03999999999,49215.03999999999,49173.03999999999,49202.53999999999,2095
2026-02-27T12:30:00+00:00,49202.53999999999,49214.03999999999,49142.03999999999,49145.03999999999,2674
2026-02-27T12:45:00+00:00,49145.03999999999,49152.03999999999,49111.53999999999,49128.53999999999,4038
2026-02-27T13:00:00+00:00,49128.53999999999,49151.03999999999,49092.03999999999,49097.53999999999,4139
2026-02-27T13:15:00+00:00,49097.53999999999,49105.53999999999,49002.53999999999,49018.53999999999,5155
2026-02-27T13:30:00+00:00,49018.53999999999,49018.53999999999,48898.03999999999,48942.03999999999,9968
2026-02-27T13:45:00+00:00,48942.03999999999,49017.53999999999,48941.03999999999,49005.03999999999,6514
2026-02-27T14:00:00+00:00,49005.03999999999,49008.53999999999,48964.03999999999,48996.53999999999,4882
2026-02-27T14:15:00+00:00,48996.53999999999,48997.03999999999,48944.03999999999,48963.53999999999,5801
2026-02-27T14:30:00+00:00,48963.53999999999,49096.77999999999,48751.27999999999,48778.77999999999,43754
2026-02-27T14:45:00+00:00,48778.77999999999,48824.27999999999,48683.27999999999,48690.27999999999,34799
2026-02-27T15:00:00+00:00,48690.27999999999,48914.77999999999,48672.77999999999,48827.77999999999,28697
2026-02-27T15:15:00+00:00,48827.77999999999,48855.77999999999,48752.77999999999,48834.27999999999,24015
2026-02-27T15:30:00+00:00,48834.27999999999,48966.77999999999,48798.77999999999,48955.77999999999,16782
2026-02-27T15:45:00+00:00,48955.77999999999,48975.77999999999,48854.27999999999,48909.77999999999,13854
2026-02-27T16:00:00+00:00,48909.77999999999,48976.27999999999,48892.77999999999,48956.77999999999,13850
2026-02-27T16:15:00+00:00,48956.77999999999,49031.77999999999,48936.27999999999,49002.77999999999,11909
2026-02-27T16:30:00+00:00,49002.77999999999,49045.77999999999,48903.77999999999,48909.27999999999,12435
2026-02-27T16:45:00+00:00,48909.27999999999,48960.77999999999,48866.77999999999,48878.27999999999,13031
2026-02-27T17:00:00+00:00,48878.27999999999,48963.77999999999,48854.77999999999,48860.27999999999,10828
2026-02-27T17:15:00+00:00,48860.27999999999,48863.77999999999,48733.77999999999,48735.77999999999,13224
2026-02-27T17:30:00+00:00,48735.77999999999,48819.77999999999,48709.27999999999,48779.27999999999,15079
2026-02-27T17:45:00+00:00,48779.27999999999,48843.27999999999,48747.77999999999,48840.77999999999,11223
2026-02-27T18:00:00+00:00,48840.77999999999,48879.77999999999,48829.77999999999,48851.27999999999,10546
2026-02-27T18:15:00+00:00,48851.27999999999,48862.27999999999,48797.77999999999,48844.27999999999,10086
2026-02-27T18:30:00+00:00,48844.27999999999,48872.77999999999,48810.77999999999,48850.77999999999,9724
2026-02-27T18:45:00+00:00,48850.77999999999,48894.77999999999,48833.77999999999,48888.77999999999,8629
2026-02-27T19:00:00+00:00,48888.77999999999,48916.27999999999,48803.77999999999,48824.27999999999,8576
2026-02-27T19:15:00+00:00,48824.27999999999,48847.77999999999,48788.27999999999,48796.27999999999,7248
2026-02-27T19:30:00+00:00,48796.27999999999,48840.77999999999,48773.27999999999,48807.77999999999,8249
2026-02-27T19:45:00+00:00,48807.77999999999,48829.77999999999,48762.27999999999,48775.77999999999,7076
2026-02-27T20:00:00+00:00,48775.77999999999,48906.77999999999,48774.77999999999,48905.77999999999,7462
2026-02-27T20:15:00+00:00,48905.77999999999,48969.77999999999,48891.27999999999,48924.77999999999,8836
2026-02-27T20:30:00+00:00,48924.77999999999,48960.77999999999,48872.27999999999,48917.77999999999,9405
2026-02-27T20:45:00+00:00,48917.77999999999,48997.27999999999,48903.77999999999,48973.27999999999,17574
2026-02-27T21:00:00+00:00,48973.27999999999,48973.53999999999,48920.53999999999,48938.03999999999,5330
2026-02-27T21:15:00+00:00,48938.03999999999,48938.53999999999,48887.64,48891.64,1538
2026-02-27T21:30:00+00:00,48891.64,48900.14,48884.14,48891.28,1266
2026-03-01T23:00:00+00:00,48891.28,48891.28,48355.59,48452.94,9931
2026-03-01T23:15:00+00:00,48452.94,48471.44,48413.44,48429.94,3700
2026-03-01T23:30:00+00:00,48429.94,48438.44,48380.44,48428.94,3737
2026-03-01T23:45:00+00:00,48428.94,48445.94,48365.44,48373.94,3363
2026-03-02T00:00:00+00:00,48373.94,48442.94,48333.94,48415.44,6502
2026-03-02T00:15:00+00:00,48415.44,48417.44,48342.94,48369.44,5196
2026-03-02T00:30:00+00:00,48369.44,48405.94,48340.44,48399.44,3606
2026-03-02T00:45:00+00:00,48399.44,48465.44,48399.44,48457.44,3007
2026-03-02T01:00:00+00:00,48457.44,48632.44,48456.44,48609.44,6914
2026-03-02T01:15:00+00:00,48609.44,48614.94,48569.44,48607.94,5482
2026-03-02T01:30:00+00:00,48607.94,48671.94,48594.94,48649.94,5032
2026-03-02T01:45:00+00:00,48649.94,48659.94,48622.94,48649.44,3196
2026-03-02T02:00:00+00:00,48649.44,48674.94,48601.44,48614.44,3558
2026-03-02T02:15:00+00:00,48614.44,48620.94,48575.94,48584.44,3301
2026-03-02T02:30:00+00:00,48584.44,48634.44,48580.44,48626.94,2632
2026-03-02T02:45:00+00:00,48626.94,48633.94,48571.44,48590.44,2449
2026-03-02T03:00:00+00:00,48590.44,48599.44,48562.44,48576.44,1814
2026-03-02T03:15:00+00:00,48576.44,48588.44,48555.94,48578.94,2240
2026-03-02T03:30:00+00:00,48578.94,48581.94,48536.94,48552.44,2322
2026-03-02T03:45:00+00:00,48552.44,48575.44,48540.44,48557.44,1653
2026-03-02T04:00:00+00:00,48557.44,48573.44,48551.94,48567.44,1357
2026-03-02T04:15:00+00:00,48567.44,48581.44,48505.94,48571.94,3726
2026-03-02T04:30:00+00:00,48571.94,48604.94,48564.44,48588.94,2017
2026-03-02T04:45:00+00:00,48588.94,48592.44,48519.44,48521.94,1499
2026-03-02T05:00:00+00:00,48521.94,48537.94,48504.94,48514.94,2084
2026-03-02T05:15:00+00:00,48514.94,48533.44,48499.94,48511.44,2057
2026-03-02T05:30:00+00:00,48511.44,48525.94,48507.44,48513.94,1491
2026-03-02T05:45:00+00:00,48513.94,48515.94,48451.44,48454.94,2070
2026-03-02T06:00:00+00:00,48454.94,48468.44,48447.44,48460.94,2285
2026-03-02T06:15:00+00:00,48460.94,48474.44,48396.44,48458.94,3411
2026-03-02T06:30:00+00:00,48458.94,48465.94,48375.44,48379.94,3060
2026-03-02T06:45:00+00:00,48379.94,48380.94,48284.94,48355.94,4996
2026-03-02T07:00:00+00:00,48355.94,48370.95,48221.95,48246.45,6178
2026-03-02T07:15:00+00:00,48246.45,48336.45,48245.45,48299.45,4862
2026-03-02T07:30:00+00:00,48299.45,48324.45,48227.95,48261.45,3918
2026-03-02T07:45:00+00:00,48261.45,48262.45,48189.45,48205.45,4615
2026-03-02T08:00:00+00:00,48205.45,48258.95,48141.45,48222.95,10295
2026-03-02T08:15:00+00:00,48222.95,48228.95,48111.45,48124.45,7725
2026-03-02T08:30:00+00:00,48124.45,48260.45,48114.45,48242.95,7687
2026-03-02T08:45:00+00:00,48242.95,48320.95,48228.45,48262.45,5382
2026-03-02T09:00:00+00:00,48262.45,48366.95,48230.45,48351.45,6604
2026-03-02T09:15:00+00:00,48351.45,48391.95,48342.45,48365.45,4009
2026-03-02T09:30:00+00:00,48365.45,48392.95,48332.95,48379.45,3724
2026-03-02T09:45:00+00:00,48379.45,48403.45,48368.95,48376.45,3095
2026-03-02T10:00:00+00:00,48376.45,48479.45,48375.45,48409.45,4519
2026-03-02T10:15:00+00:00,48409.45,48437.45,48376.45,48404.95,3275
2026-03-02T10:30:00+00:00,48404.95,48464.45,48404.95,48452.95,3135
2026-03-02T10:45:00+00:00,48452.95,48456.45,48396.95,48411.95,2548
2026-03-02T11:00:00+00:00,48411.95,48423.95,48374.95,48393.45,2874
2026-03-02T11:15:00+00:00,48393.45,48452.45,48383.45,48423.45,2539
2026-03-02T11:30:00+00:00,48423.45,48468.95,48423.45,48448.95,2273
2026-03-02T11:45:00+00:00,48448.95,48505.95,48403.95,48427.45,4819
2026-03-02T12:00:00+00:00,48427.45,48462.45,48356.45,48394.95,4939
2026-03-02T12:15:00+00:00,48394.95,48397.45,48359.95,48383.95,3146
2026-03-02T12:30:00+00:00,48383.95,48415.45,48364.45,48371.95,3114
2026-03-02T12:45:00+00:00,48371.95,48427.45,48371.45,48421.45,3956
2026-03-02T13:00:00+00:00,48421.45,48459.45,48400.45,48434.45,4835
2026-03-02T13:15:00+00:00,48434.45,48525.95,48428.95,48462.45,5216
2026-03-02T13:30:00+00:00,48462.45,48475.95,48413.45,48416.45,4483
2026-03-02T13:45:00+00:00,48416.45,48440.45,48396.95,48407.45,4166
2026-03-02T14:00:00+00:00,48407.45,48428.45,48376.45,48412.95,5333
2026-03-02T14:15:00+00:00,48412.95,48413.95,48356.95,48397.95,5811
2026-03-02T14:30:00+00:00,48397.95,48611.69,48377.69,48594.69,36469
2026-03-02T14:45:00+00:00,48594.69,48704.69,48574.69,48680.19,30580
2026-03-02T15:00:00+00:00,48680.19,48887.19,48633.19,48874.19,23297
2026-03-02T15:15:00+00:00,48874.19,48916.19,48771.19,48784.19,19830
2026-03-02T15:30:00+00:00,48784.19,48812.69,48657.69,48777.69,19336
2026-03-02T15:45:00+00:00,48777.69,48815.69,48711.69,48802.19,16155
2026-03-02T16:00:00+00:00,48802.19,48912.19,48771.69,48862.69,12897
2026-03-02T16:15:00+00:00,48862.69,48863.69,48691.69,48697.19,12465
2026-03-02T16:30:00+00:00,48697.19,48923.69,48671.69,48917.69,15189
2026-03-02T16:45:00+00:00,48917.69,48966.19,48878.69,48889.19,11976
2026-03-02T17:00:00+00:00,48889.19,48931.69,48859.69,48925.69,9050
2026-03-02T17:15:00+00:00,48925.69,48990.19,48906.69,48906.69,8139
2026-03-02T17:30:00+00:00,48906.69,48951.69,48889.69,48939.19,8094
2026-03-02T17:45:00+00:00,48939.19,48974.19,48921.69,48950.69,6835
2026-03-02T18:00:00+00:00,48950.69,48983.69,48941.19,48949.69,5948
2026-03-02T18:15:00+00:00,48949.69,48950.69,48876.69,48944.19,7024
2026-03-02T18:30:00+00:00,48944.19,48950.69,48854.19,48879.69,6983
2026-03-02T18:45:00+00:00,48879.69,48883.69,48821.69,48822.69,8449
2026-03-02T19:00:00+00:00,48822.69,48913.19,48822.19,48909.69,8362
2026-03-02T19:15:00+00:00,48909.69,49030.69,48909.69,49028.69,8118
2026-03-02T19:30:00+00:00,49028.69,49066.69,49000.69,49006.69,5889
2026-03-02T19:45:00+00:00,49006.69,49024.19,48990.69,49003.69,4426
2026-03-02T20:00:00+00:00,49003.69,49016.19,48766.19,48775.69,14212
2026-03-02T20:15:00+00:00,48775.69,48899.69,48756.69,48829.19,18558
2026-03-02T20:30:00+00:00,48829.19,48899.69,48822.19,48896.69,13989
2026-03-02T20:45:00+00:00,48896.69,48936.69,48853.69,48889.69,13558
2026-03-02T21:00:00+00:00,48889.69,48900.95,48849.45,48870.95,4230
2026-03-02T21:15:00+00:00,48870.95,48873.95,48851.45,48860.95,1333
2026-03-02T21:30:00+00:00,48860.95,48872.95,48855.95,48867.95,568
2026-03-02T21:45:00+00:00,48867.95,48877.45,48842.45,48872.59,1847
2026-03-02T23:00:00+00:00,48872.59,48872.59,48819.77,48827.27,4210
2026-03-02T23:15:00+00:00,48827.27,48832.27,48790.27,48805.27,2076
2026-03-02T23:30:00+00:00,48805.27,48818.77,48792.77,48792.77,1433
2026-03-02T23:45:00+00:00,48792.77,48835.27,48791.77,48821.27,1712
2026-03-03T00:00:00+00:00,48821.27,48841.77,48791.77,48793.77,3336
2026-03-03T00:15:00+00:00,48793.77,48801.77,48768.77,48782.27,2719
2026-03-03T00:30:00+00:00,48782.27,48788.77,48769.77,48782.77,1461
2026-03-03T00:45:00+00:00,48782.77,48783.77,48749.27,48756.77,1486
2026-03-03T01:00:00+00:00,48756.77,48781.77,48722.77,48766.27,3877
2026-03-03T01:15:00+00:00,48766.27,48799.27,48733.77,48735.77,3926
2026-03-03T01:30:00+00:00,48735.77,48749.27,48706.77,48720.27,4804
2026-03-03T01:45:00+00:00,48720.27,48727.27,48651.77,48654.77,4326
2026-03-03T02:00:00+00:00,48654.77,48667.77,48601.77,48622.77,7801
2026-03-03T02:15:00+00:00,48622.77,48627.77,48566.77,48603.27,6328
2026-03-03T02:30:00+00:00,48603.27,48665.27,48597.27,48638.77,4650
2026-03-03T02:45:00+00:00,48638.77,48659.77,48625.27,48633.77,3776
2026-03-03T03:00:00+00:00,48633.77,48655.77,48610.77,48631.77,3270
2026-03-03T03:15:00+00:00,48631.77,48642.77,48591.27,48598.77,2659
2026-03-03T03:30:00+00:00,48598.77,48654.77,48584.27,48644.77,4484
2026-03-03T03:45:00+00:00,48644.77,48659.77,48611.77,48618.77,3107
2026-03-03T04:00:00+00:00,48618.77,48639.77,48590.77,48600.27,2841
2026-03-03T04:15:00+00:00,48600.27,48610.27,48550.77,48565.77,2766
2026-03-03T04:30:00+00:00,48565.77,48581.77,48539.77,48560.27,3304
2026-03-03T04:45:00+00:00,48560.27,48566.77,48517.77,48532.77,2809
2026-03-03T05:00:00+00:00,48532.77,48556.77,48513.77,48537.27,4011
2026-03-03T05:15:00+00:00,48537.27,48556.77,48532.27,48548.77,3687
2026-03-03T05:30:00+00:00,48548.77,48549.77,48490.77,48495.77,3886
2026-03-03T05:45:00+00:00,48495.77,48525.27,48485.77,48513.77,3395
2026-03-03T06:00:00+00:00,48513.77,48545.27,48513.77,48528.27,3754
2026-03-03T06:15:00+00:00,48528.27,48533.27,48488.27,48530.77,3218
2026-03-03T06:30:00+00:00,48530.77,48530.77,48473.27,48475.27,3436
2026-03-03T06:45:00+00:00,48475.27,48490.77,48445.77,48462.77,2743
2026-03-03T07:00:00+00:00,48462.77,48491.28,48444.28,48444.28,4149
2026-03-03T07:15:00+00:00,48444.28,48452.78,48353.28,48380.28,4009
2026-03-03T07:30:00+00:00,48380.28,48398.28,48365.28,48390.28,4104
2026-03-03T07:45:00+00:00,48390.28,48408.28,48354.28,48375.78,3331
2026-03-03T08:00:00+00:00,48375.78,48380.78,48256.78,48261.78,9609
2026-03-03T08:15:00+00:00,48261.78,48293.28,48176.28,48182.28,8809
2026-03-03T08:30:00+00:00,48182.28,48209.28,48101.78,48131.78,10401
2026-03-03T08:45:00+00:00,48131.78,48143.28,48075.78,48086.78,10663
2026-03-03T09:00:00+00:00,48086.78,48210.28,48086.78,48197.28,11584
2026-03-03T09:15:00+00:00,48197.28,48216.28,48166.28,48185.28,8151
2026-03-03T09:30:00+00:00,48185.28,48217.28,48140.78,48148.78,7582
2026-03-03T09:45:00+00:00,48148.78,48149.28,48074.28,48094.78,7084
2026-03-03T10:00:00+00:00,48094.78,48124.28,48025.28,48041.78,7687
2026-03-03T10:15:00+00:00,48041.78,48097.78,48022.28,48042.78,6697
2026-03-03T10:30:00+00:00,48042.78,48083.28,47969.28,48083.28,8855
2026-03-03T10:45:00+00:00,48083.28,48108.28,47975.28,48034.28,8813
2026-03-03T11:00:00+00:00,48034.28,48069.28,47997.78,48017.78,8943
2026-03-03T11:15:00+00:00,48017.78,48046.28,47889.28,48013.78,9709
2026-03-03T11:30:00+00:00,48013.78,48088.78,48013.78,48077.78,8225
2026-03-03T11:45:00+00:00,48077.78,48098.28,48024.78,48046.28,6138
2026-03-03T12:00:00+00:00,48046.28,48169.28,48035.28,48133.78,7493
2026-03-03T12:15:00+00:00,48133.78,48229.28,48121.28,48194.78,8058
2026-03-03T12:30:00+00:00,48194.78,48222.78,48151.78,48221.78,7158
2026-03-03T12:45:00+00:00,48221.78,48248.78,48161.78,48218.78,7301
2026-03-03T13:00:00+00:00,48218.78,48231.78,48149.78,48192.28,6917
2026-03-03T13:15:00+00:00,48192.28,48232.78,48134.78,48152.78,6088
2026-03-03T13:30:00+00:00,48152.78,48158.28,48005.78,48027.28,9212
2026-03-03T13:45:00+00:00,48027.28,48045.28,47965.28,48015.78,8532
2026-03-03T14:00:00+00:00,48015.78,48022.28,47925.78,47939.78,8329
2026-03-03T14:15:00+00:00,47939.78,48011.78,47897.28,47965.78,8502
2026-03-03T14:30:00+00:00,47965.78,48131.52,47825.52,47839.52,39851
2026-03-03T14:45:00+00:00,47839.52,47904.52,47751.52,47795.02,31350
2026-03-03T15:00:00+00:00,47795.02,47889.52,47690.02,47794.02,34396
2026-03-03T15:15:00+00:00,47794.02,47810.02,47621.02,47645.02,25224
2026-03-03T15:30:00+00:00,47645.02,47813.52,47643.02,47764.02,32215
2026-03-03T15:45:00+00:00,47764.02,47808.52,47683.52,47797.52,30704
2026-03-03T16:00:00+00:00,47797.52,48011.02,47762.02,47996.52,25504
2026-03-03T16:15:00+00:00,47996.52,48096.02,47972.02,48058.02,21634
2026-03-03T16:30:00+00:00,48058.02,48148.52,47974.02,48136.02,22791
2026-03-03T16:45:00+00:00,48136.02,48253.52,48133.52,48213.52,20009
2026-03-03T17:00:00+00:00,48213.52,48234.52,48161.02,48202.52,20694
2026-03-03T17:15:00+00:00,48202.52,48315.02,48183.52,48297.02,17485
2026-03-03T17:30:00+00:00,48297.02,48333.02,48174.02,48325.52,18995
2026-03-03T17:45:00+00:00,48325.52,48343.52,48238.52,48298.52,15886
2026-03-03T18:00:00+00:00,48298.52,48395.52,48297.02,48335.52,15363
2026-03-03T18:15:00+00:00,48335.52,48486.02,48334.02,48441.52,13118
2026-03-03T18:30:00+00:00,48441.52,48580.02,48435.52,48529.52,14676
2026-03-03T18:45:00+00:00,48529.52,48595.02,48500.02,48552.02,15554
2026-03-03T19:00:00+00:00,48552.02,48569.02,48454.02,48509.52,14767
2026-03-03T19:15:00+00:00,48509.52,48591.02,48504.02,48525.52,14578
2026-03-03T19:30:00+00:00,48525.52,48660.52,48443.52,48655.02,20453
2026-03-03T19:45:00+00:00,48655.02,48692.52,48580.52,48611.52,20387
2026-03-03T20:00:00+00:00,48611.52,48655.02,48571.02,48579.52,19040
2026-03-03T20:15:00+00:00,48579.52,48602.02,48525.02,48579.02,16917
2026-03-03T20:30:00+00:00,48579.02,48594.02,48503.52,48518.02,14595
2026-03-03T20:45:00+00:00,48518.02,48539.02,48439.52,48508.52,17692
2026-03-03T21:00:00+00:00,48508.52,48512.28,48458.78,48476.28,4330
2026-03-03T21:15:00+00:00,48476.28,48480.28,48440.78,48445.78,1783
2026-03-03T21:30:00+00:00,48445.78,48453.78,48398.78,48436.78,2666
2026-03-03T21:45:00+00:00,48436.78,48441.78,48419.28,48429.92,1484
2026-03-03T23:00:00+00:00,48429.92,48472.58,48377.58,48471.58,3608
2026-03-03T23:15:00+00:00,48471.58,48488.58,48409.08,48414.08,2989
2026-03-03T23:30:00+00:00,48414.08,48447.58,48413.58,48431.08,1689
2026-03-03T23:45:00+00:00,48431.08,48448.58,48401.08,48407.58,3135
2026-03-04T00:00:00+00:00,48407.58,48464.58,48375.08,48457.58,6157
2026-03-04T00:15:00+00:00,48457.58,48536.58,48449.58,48481.08,6160
2026-03-04T00:30:00+00:00,48481.08,48483.58,48378.58,48392.58,5888
2026-03-04T00:45:00+00:00,48392.58,48480.08,48391.08,48452.08,6102
2026-03-04T01:00:00+00:00,48452.08,48487.58,48383.58,48388.58,8358
2026-03-04T01:15:00+00:00,48388.58,48404.58,48297.58,48317.08,9589
2026-03-04T01:30:00+00:00,48317.08,48401.08,48296.58,48385.08,10519
2026-03-04T01:45:00+00:00,48385.08,48391.58,48304.58,48366.08,8802
2026-03-04T02:00:00+00:00,48366.08,48400.58,48308.58,48314.58,9736
2026-03-04T02:15:00+00:00,48314.58,48357.58,48284.58,48317.08,6988
2026-03-04T02:30:00+00:00,48317.08,48328.08,48261.08,48318.58,5615
2026-03-04T02:45:00+00:00,48318.58,48361.08,48317.08,48338.08,4899
2026-03-04T03:00:00+00:00,48338.08,48340.08,48289.58,48303.08,6632
2026-03-04T03:15:00+00:00,48303.08,48314.08,48253.08,48280.08,5630
2026-03-04T03:30:00+00:00,48280.08,48286.08,48233.58,48269.08,8366
2026-03-04T03:45:00+00:00,48269.08,48325.08,48254.08,48323.08,6282
2026-03-04T04:00:00+00:00,48323.08,48366.08,48310.08,48355.08,6532
2026-03-04T04:15:00+00:00,48355.08,48368.58,48306.58,48330.58,5627
2026-03-04T04:30:00+00:00,48330.58,48350.58,48296.58,48337.08,5771
2026-03-04T04:45:00+00:00,48337.08,48357.08,48309.08,48336.08,5681
2026-03-04T05:00:00+00:00,48336.08,48367.08,48302.08,48313.08,6947
2026-03-04T05:15:00+00:00,48313.08,48353.58,48268.58,48294.58,6097
2026-03-04T05:30:00+00:00,48294.58,48373.58,48277.58,48336.58,5791
2026-03-04T05:45:00+00:00,48336.58,48358.58,48301.08,48304.08,5090
2026-03-04T06:00:00+00:00,48304.08,48304.08,48234.58,48240.58,4962
2026-03-04T06:15:00+00:00,48240.58,48292.08,48209.08,48292.08,5806
2026-03-04T06:30:00+00:00,48292.08,48351.08,48286.58,48329.08,5225
2026-03-04T06:45:00+00:00,48329.08,48341.08,48299.58,48312.08,2640
2026-03-04T07:00:00+00:00,48312.08,48325.59,48252.09,48255.59,4623
2026-03-04T07:15:00+00:00,48255.59,48374.59,48249.59,48346.09,4867
2026-03-04T07:30:00+00:00,48346.09,48401.09,48338.59,48386.59,4594
2026-03-04T07:45:00+00:00,48386.59,48418.09,48362.59,48388.09,4787
2026-03-04T08:00:00+00:00,48388.09,48414.09,48342.59,48388.59,10572
2026-03-04T08:15:00+00:00,48388.59,48395.59,48294.09,48316.09,10063
2026-03-04T08:30:00+00:00,48316.09,48387.09,48305.09,48380.09,8389
2026-03-04T08:45:00+00:00,48380.09,48390.09,48305.09,48322.59,7245
2026-03-04T09:00:00+00:00,48322.59,48373.09,48281.59,48360.09,6932
2026-03-04T09:15:00+00:00,48360.09,48388.09,48347.59,48372.59,5740
2026-03-04T09:30:00+00:00,48372.59,48420.59,48361.09,48405.09,5361
2026-03-04T09:45:00+00:00,48405.09,48458.09,48391.09,48452.59,4223
2026-03-04T10:00:00+00:00,48452.59,48613.09,48443.59,48604.59,10011
2026-03-04T10:15:00+00:00,48604.59,48617.59,48509.59,48512.09,8110
2026-03-04T10:30:00+00:00,48512.09,48583.09,48512.09,48573.59,4285
2026-03-04T10:45:00+00:00,48573.59,48603.09,48555.59,48592.59,4694
2026-03-04T11:00:00+00:00,48592.59,48639.09,48589.59,48628.09,6267
2026-03-04T11:15:00+00:00,48628.09,48666.09,48609.09,48613.09,5280
2026-03-04T11:30:00+00:00,48613.09,48618.09,48527.59,48527.59,4546
2026-03-04T11:45:00+00:00,48527.59,48557.59,48512.09,48513.09,4010
2026-03-04T12:00:00+00:00,48513.09,48568.09,48513.09,48551.09,5757
2026-03-04T12:15:00+00:00,48551.09,48552.59,48403.09,48409.59,7682
2026-03-04T12:30:00+00:00,48409.59,48497.09,48395.09,48485.09,5948
2026-03-04T12:45:00+00:00,48485.09,48485.59,48411.09,48476.09,5707
2026-03-04T13:00:00+00:00,48476.09,48672.09,48474.09,48667.09,8409
2026-03-04T13:15:00+00:00,48667.09,48685.59,48591.09,48619.09,6376
2026-03-04T13:30:00+00:00,48619.09,48657.09,48600.59,48628.59,6056
2026-03-04T13:45:00+00:00,48628.59,48672.09,48619.59,48628.09,5890
2026-03-04T14:00:00+00:00,48628.09,48646.09,48598.59,48645.09,5926
2026-03-04T14:15:00+00:00,48645.09,48696.59,48590.59,48605.09,6700
2026-03-04T14:30:00+00:00,48605.09,48756.33,48349.33,48370.73,35070
2026-03-04T14:45:00+00:00,48370.73,48507.83,48356.33,48507.83,28337
2026-03-04T15:00:00+00:00,48507.83,48699.83,48481.33,48670.83,25526
2026-03-04T15:15:00+00:00,48670.83,48844.83,48662.83,48807.33,19442
2026-03-04T15:30:00+00:00,48807.33,48834.33,48692.83,48706.83,17936
2026-03-04T15:45:00+00:00,48706.83,48802.33,48657.83,48798.33,17947
2026-03-04T16:00:00+00:00,48798.33,48854.33,48706.83,48726.83,15463
2026-03-04T16:15:00+00:00,48726.83,48798.83,48712.33,48784.33,18317
2026-03-04T16:30:00+00:00,48784.33,48857.33,48755.83,48845.83,15203
2026-03-04T16:45:00+00:00,48845.83,48859.33,48786.83,48805.33,11524
2026-03-04T17:00:00+00:00,48805.33,48851.83,48793.33,48837.83,9246
2026-03-04T17:15:00+00:00,48837.83,48853.83,48772.83,48775.83,10326
2026-03-04T17:30:00+00:00,48775.83,48828.83,48717.83,48801.33,11886
2026-03-04T17:45:00+00:00,48801.33,48844.83,48798.83,48828.83,8977
2026-03-04T18:00:00+00:00,48828.83,48848.33,48765.83,48771.33,8489
2026-03-04T18:15:00+00:00,48771.33,48786.83,48734.83,48778.33,9154
2026-03-04T18:30:00+00:00,48778.33,48818.83,48778.33,48801.83,8111
2026-03-04T18:45:00+00:00,48801.83,48814.83,48753.83,48767.83,6951
2026-03-04T19:00:00+00:00,48767.83,48809.83,48757.83,48793.83,5764
2026-03-04T19:15:00+00:00,48793.83,48803.83,48754.33,48763.83,5457
2026-03-04T19:30:00+00:00,48763.83,48793.83,48763.83,48775.83,5628
2026-03-04T19:45:00+00:00,48775.83,48833.83,48774.83,48804.83,4928
2026-03-04T20:00:00+00:00,48804.83,48829.83,48775.83,48795.83,6984
2026-03-04T20:15:00+00:00,48795.83,48807.83,48751.83,48803.33,7385
2026-03-04T20:30:00+00:00,48803.33,48822.83,48783.83,48812.83,6182
2026-03-04T20:45:00+00:00,48812.83,48831.83,48726.83,48730.33,10744
2026-03-04T21:00:00+00:00,48730.33,48757.59,48689.09,48749.09,4598
2026-03-04T21:15:00+00:00,48749.09,48763.59,48717.09,48745.09,3374
2026-03-04T21:30:00+00:00,48745.09,48759.59,48743.59,48747.09,1059
2026-03-04T21:45:00+00:00,48747.09,48774.59,48731.09,48753.73,1717
2026-03-04T23:00:00+00:00,48753.73,48768.64,48701.14,48759.14,4044
2026-03-04T23:15:00+00:00,48759.14,48763.14,48732.64,48736.64,1721
2026-03-04T23:30:00+00:00,48736.64,48769.64,48729.14,48764.64,1194
2026-03-04T23:45:00+00:00,48764.64,48775.14,48745.14,48751.14,1465
2026-03-05T00:00:00+00:00,48751.14,48794.14,48736.14,48791.14,2374
2026-03-05T00:15:00+00:00,48791.14,48834.14,48788.14,48802.14,2935
2026-03-05T00:30:00+00:00,48802.14,48821.14,48791.14,48798.14,2074
2026-03-05T00:45:00+00:00,48798.14,48805.14,48774.14,48781.14,1833
2026-03-05T01:00:00+00:00,48781.14,48784.14,48734.64,48746.14,2881
2026-03-05T01:15:00+00:00,48746.14,48747.14,48665.64,48682.14,4862
2026-03-05T01:30:00+00:00,48682.14,48698.14,48607.14,48624.64,6211
2026-03-05T01:45:00+00:00,48624.64,48658.64,48581.64,48610.14,6975
2026-03-05T02:00:00+00:00,48610.14,48633.14,48601.64,48618.64,5352
2026-03-05T02:15:00+00:00,48618.64,48631.64,48583.64,48589.64,3846
2026-03-05T02:30:00+00:00,48589.64,48621.14,48571.14,48610.14,3566
2026-03-05T02:45:00+00:00,48610.14,48660.14,48607.14,48616.64,3891
2026-03-05T03:00:00+00:00,48616.64,48632.14,48587.14,48592.14,3648
2026-03-05T03:15:00+00:00,48592.14,48598.14,48540.64,48551.14,3513
2026-03-05T03:30:00+00:00,48551.14,48557.64,48509.14,48550.14,5655
2026-03-05T03:45:00+00:00,48550.14,48589.64,48535.64,48549.14,4071
2026-03-05T04:00:00+00:00,48549.14,48603.14,48536.14,48596.14,3725
2026-03-05T04:15:00+00:00,48596.14,48613.14,48575.14,48611.14,2579
2026-03-05T04:30:00+00:00,48611.14,48613.14,48586.14,48597.14,2263
2026-03-05T04:45:00+00:00,48597.14,48630.14,48596.14,48621.64,2172
2026-03-05T05:00:00+00:00,48621.64,48624.64,48601.14,48605.14,2208
2026-03-05T05:15:00+00:00,48605.14,48605.64,48583.14,48587.64,2179
2026-03-05T05:30:00+00:00,48587.64,48593.64,48558.64,48564.14,2266
2026-03-05T05:45:00+00:00,48564.14,48569.14,48532.64,48535.64,1694
2026-03-05T06:00:00+00:00,48535.64,48546.14,48488.14,48497.14,4878
2026-03-05T06:15:00+00:00,48497.14,48526.64,48486.14,48499.64,3470
2026-03-05T06:30:00+00:00,48499.64,48501.14,48463.64,48494.14,3114
2026-03-05T06:45:00+00:00,48494.14,48609.64,48480.64,48608.64,5158
2026-03-05T07:00:00+00:00,48608.64,48620.15,48560.65,48571.65,4177
2026-03-05T07:15:00+00:00,48571.65,48611.65,48550.15,48599.15,3097
2026-03-05T07:30:00+00:00,48599.15,48602.65,48551.15,48561.15,2562
2026-03-05T07:45:00+00:00,48561.15,48580.15,48525.65,48577.15,3177
2026-03-05T08:00:00+00:00,48577.15,48584.15,48454.15,48455.15,8418
2026-03-05T08:15:00+00:00,48455.15,48518.15,48452.15,48463.15,7757
2026-03-05T08:30:00+00:00,48463.15,48496.65,48430.65,48468.65,8357
2026-03-05T08:45:00+00:00,48468.65,48558.65,48464.65,48551.65,6286
2026-03-05T09:00:00+00:00,48551.65,48826.15,48551.65,48783.15,12185
2026-03-05T09:15:00+00:00,48783.15,48792.15,48684.15,48697.65,10429
2026-03-05T09:30:00+00:00,48697.65,48707.15,48610.65,48623.65,7017
2026-03-05T09:45:00+00:00,48623.65,48668.15,48607.65,48656.15,5590
2026-03-05T10:00:00+00:00,48656.15,48683.65,48631.65,48670.15,4888
2026-03-05T10:15:00+00:00,48670.15,48688.65,48649.15,48677.65,4043
2026-03-05T10:30:00+00:00,48677.65,48684.65,48620.65,48629.65,3913
2026-03-05T10:45:00+00:00,48629.65,48651.65,48603.65,48624.65,3556
2026-03-05T11:00:00+00:00,48624.65,48679.65,48603.65,48677.65,3794
2026-03-05T11:15:00+00:00,48677.65,48707.15,48670.65,48676.65,3085
2026-03-05T11:30:00+00:00,48676.65,48690.15,48606.15,48639.15,3551
2026-03-05T11:45:00+00:00,48639.15,48665.65,48601.15,48605.15,2992
2026-03-05T12:00:00+00:00,48605.15,48619.15,48569.65,48585.15,4464
2026-03-05T12:15:00+00:00,48585.15,48676.15,48569.15,48617.15,5137
2026-03-05T12:30:00+00:00,48617.15,48624.15,48558.65,48569.15,4772
2026-03-05T12:45:00+00:00,48569.15,48592.65,48493.65,48528.65,6018
2026-03-05T13:00:00+00:00,48528.65,48539.15,48463.65,48482.15,5656
2026-03-05T13:15:00+00:00,48482.15,48501.15,48451.65,48496.29,5135
2026-03-05T13:30:00+00:00,48496.29,48512.65,48420.15,48457.15,6750
2026-03-05T13:45:00+00:00,48457.15,48480.65,48369.65,48379.65,6253
2026-03-05T14:00:00+00:00,48379.65,48402.15,48347.65,48359.65,7795
2026-03-05T14:15:00+00:00,48359.65,48369.15,48304.15,48329.65,6148
2026-03-05T14:30:00+00:00,48329.65,48504.39,48319.89,48356.39,32174
2026-03-05T14:45:00+00:00,48356.39,48474.39,48252.39,48466.39,26451
2026-03-05T15:00:00+00:00,48466.39,48485.39,48209.39,48290.39,25152
2026-03-05T15:15:00+00:00,48290.39,48297.39,48075.39,48115.89,24758
2026-03-05T15:30:00+00:00,48115.89,48119.89,48039.89,48062.39,24311
2026-03-05T15:45:00+00:00,48062.39,48173.39,48056.39,48113.89,22427
2026-03-05T16:00:00+00:00,48113.89,48139.39,47926.39,47953.39,20625
2026-03-05T16:15:00+00:00,47953.39,47976.39,47873.39,47896.39,18032
2026-03-05T16:30:00+00:00,47896.39,47985.39,47884.39,47917.89,17912
2026-03-05T16:45:00+00:00,47917.89,47992.39,47906.89,47962.89,18003
2026-03-05T17:00:00+00:00,47962.89,48045.39,47901.39,47917.89,17132
2026-03-05T17:15:00+00:00,47917.89,47920.39,47792.89,47796.39,17218
2026-03-05T17:30:00+00:00,47796.39,47851.39,47745.39,47780.39,20294
2026-03-05T17:45:00+00:00,47780.39,47834.89,47745.39,47765.39,18551
2026-03-05T18:00:00+00:00,47765.39,47811.89,47745.39,47781.89,19689
2026-03-05T18:15:00+00:00,47781.89,47789.89,47658.39,47697.39,17942
2026-03-05T18:30:00+00:00,47697.39,47788.39,47679.39,47787.39,17935
2026-03-05T18:45:00+00:00,47787.39,47790.39,47655.39,47687.39,16550
2026-03-05T19:00:00+00:00,47687.39,47723.39,47662.89,47706.89,16868
2026-03-05T19:15:00+00:00,47706.89,47718.39,47620.39,47634.39,14832
2026-03-05T19:30:00+00:00,47634.39,47654.39,47563.89,47650.89,15114
2026-03-05T19:45:00+00:00,47650.89,47697.39,47616.89,47665.89,14060
2026-03-05T20:00:00+00:00,47665.89,47807.39,47623.39,47797.39,19570
2026-03-05T20:15:00+00:00,47797.39,47906.39,47769.89,47835.39,17112
2026-03-05T20:30:00+00:00,47835.39,47895.39,47818.39,47878.89,15551
2026-03-05T20:45:00+00:00,47878.89,47954.39,47830.39,47934.39,17091
2026-03-05T21:00:00+00:00,47934.39,47934.39,47868.65,47880.65,3202
2026-03-05T21:15:00+00:00,47880.65,47897.15,47858.15,47890.65,1981
2026-03-05T21:30:00+00:00,47890.65,47894.15,47860.65,47879.15,2069
2026-03-05T21:45:00+00:00,47879.15,47893.29,47860.65,47892.29,1647
2026-03-05T23:00:00+00:00,47892.29,47943.13,47871.13,47931.13,2916
2026-03-05T23:15:00+00:00,47931.13,47969.13,47927.13,47958.63,1313
2026-03-05T23:30:00+00:00,47958.63,48005.13,47958.13,47998.13,1514
2026-03-05T23:45:00+00:00,47998.13,48027.13,47994.13,48013.13,2281
2026-03-06T00:00:00+00:00,48013.13,48073.13,48013.13,48066.63,2815
2026-03-06T00:15:00+00:00,48066.63,48068.63,48022.63,48034.63,2645
2026-03-06T00:30:00+00:00,48034.63,48036.63,48009.13,48026.63,2223
2026-03-06T00:45:00+00:00,48026.63,48029.13,48001.13,48020.13,1920
2026-03-06T01:00:00+00:00,48020.13,48044.13,48005.63,48031.13,3797
2026-03-06T01:15:00+00:00,48031.13,48045.13,47973.63,47997.63,4132
2026-03-06T01:30:00+00:00,47997.63,48038.63,47993.13,47998.13,5241
2026-03-06T01:45:00+00:00,47998.13,48042.63,47986.63,48019.63,3720
2026-03-06T02:00:00+00:00,48019.63,48051.63,48009.13,48051.13,3135
2026-03-06T02:15:00+00:00,48051.13,48058.63,48035.13,48041.63,2478
2026-03-06T02:30:00+00:00,48041.63,48043.63,48000.63,48012.13,2369
2026-03-06T02:45:00+00:00,48012.13,48014.63,47978.13,47978.13,1632
2026-03-06T03:00:00+00:00,47978.13,48013.63,47978.13,47998.13,1896
2026-03-06T03:15:00+00:00,47998.13,48026.13,47987.63,48003.63,1995
2026-03-06T03:30:00+00:00,48003.63,48037.63,47994.63,48034.63,2214
2026-03-06T03:45:00+00:00,48034.63,48052.63,48031.63,48050.63,1294
2026-03-06T04:00:00+00:00,48050.63,48060.13,48042.63,48046.13,1230
2026-03-06T04:15:00+00:00,48046.13,48048.63,48023.13,48027.63,1023
2026-03-06T04:30:00+00:00,48027.63,48071.13,48023.63,48060.13,1185
2026-03-06T04:45:00+00:00,48060.13,48072.63,48031.13,48035.63,1024
2026-03-06T05:00:00+00:00,48035.63,48062.63,48029.63,48057.63,1841
2026-03-06T05:15:00+00:00,48057.63,48058.63,48040.63,48049.63,1327
2026-03-06T05:30:00+00:00,48049.63,48077.63,48044.13,48058.63,1248
2026-03-06T05:45:00+00:00,48058.63,48059.63,48029.63,48039.63,1988
2026-03-06T06:00:00+00:00,48039.63,48054.63,48033.13,48034.13,1393
2026-03-06T06:15:00+00:00,48034.13,48035.63,48011.13,48016.63,1645
2026-03-06T06:30:00+00:00,48016.63,48030.63,48006.63,48029.13,1334
2026-03-06T06:45:00+00:00,48029.13,48030.63,48003.63,48017.63,944
2026-03-06T07:00:00+00:00,48017.63,48030.64,47987.14,47995.14,2107
2026-03-06T07:15:00+00:00,47995.14,48051.14,47995.14,48032.64,2038
2026-03-06T07:30:00+00:00,48032.64,48049.14,48016.14,48041.14,1663
2026-03-06T07:45:00+00:00,48041.14,48041.64,48008.14,48029.14,1662
2026-03-06T08:00:00+00:00,48029.14,48033.14,47960.14,47968.14,6447
2026-03-06T08:15:00+00:00,47968.14,48004.64,47916.14,47927.14,5972
2026-03-06T08:30:00+00:00,47927.14,48009.14,47926.64,48009.14,6068
2026-03-06T08:45:00+00:00,48009.14,48047.14,47973.14,47979.14,3983
2026-03-06T09:00:00+00:00,47979.14,47995.64,47900.14,47917.64,7150
2026-03-06T09:15:00+00:00,47917.64,47918.14,47815.64,47819.64,8682
2026-03-06T09:30:00+00:00,47819.64,47842.14,47751.14,47778.14,8119
2026-03-06T09:45:00+00:00,47778.14,47791.14,47726.14,47766.64,8434
2026-03-06T10:00:00+00:00,47766.64,47854.14,47766.14,47811.14,6204
2026-03-06T10:15:00+00:00,47811.14,47884.64,47807.64,47877.14,5969
2026-03-06T10:30:00+00:00,47877.14,47880.64,47824.14,47831.14,5140
2026-03-06T10:45:00+00:00,47831.14,47861.14,47815.14,47837.14,4470
2026-03-06T11:00:00+00:00,47837.14,47855.14,47746.14,47838.14,8141
2026-03-06T11:15:00+00:00,47838.14,47863.14,47815.64,47849.64,5032
2026-03-06T11:30:00+00:00,47849.64,47853.14,47684.14,47711.14,7670
2026-03-06T11:45:00+00:00,47711.14,47751.64,47670.14,47689.64,8148
2026-03-06T12:00:00+00:00,47689.64,47719.64,47672.14,47700.14,8222
2026-03-06T12:15:00+00:00,47700.14,47736.14,47694.14,47699.14,6594
2026-03-06T12:30:00+00:00,47699.14,47701.64,47638.64,47656.14,6863
2026-03-06T12:45:00+00:00,47656.14,47667.14,47594.14,47621.14,6109
2026-03-06T13:00:00+00:00,47621.14,47689.14,47619.14,47668.64,6915
2026-03-06T13:15:00+00:00,47668.64,47706.64,47645.14,47690.78,5686
2026-03-06T13:30:00+00:00,47690.78,47690.78,47457.14,47467.14,18188
2026-03-06T13:45:00+00:00,47467.14,47467.14,47242.64,47289.14,18000
2026-03-06T14:00:00+00:00,47289.14,47317.64,47229.64,47296.14,12552
2026-03-06T14:15:00+00:00,47296.14,47319.64,47265.64,47312.14,9724
2026-03-06T14:30:00+00:00,47312.14,47312.14,47008.38,47052.38,38949
2026-03-06T14:45:00+00:00,47052.38,47117.38,46981.38,47038.38,32429
2026-03-06T15:00:00+00:00,47038.38,47260.88,47038.38,47260.88,35211
2026-03-06T15:15:00+00:00,47260.88,47358.88,47218.38,47330.38,28532
2026-03-06T15:30:00+00:00,47330.38,47448.88,47324.88,47390.38,23056
2026-03-06T15:45:00+00:00,47390.38,47450.38,47242.88,47425.88,22620
2026-03-06T16:00:00+00:00,47425.88,47506.38,47356.38,47356.88,21321
2026-03-06T16:15:00+00:00,47356.88,47424.88,47318.38,47363.38,21777
2026-03-06T16:30:00+00:00,47363.38,47439.38,47305.88,47359.88,23134
2026-03-06T16:45:00+00:00,47359.88,47473.88,47336.88,47385.38,20600
2026-03-06T17:00:00+00:00,47385.38,47441.88,47281.38,47310.38,19197
2026-03-06T17:15:00+00:00,47310.38,47419.88,47277.88,47332.88,19629
2026-03-06T17:30:00+00:00,47332.88,47355.88,47208.38,47244.38,18793
2026-03-06T17:45:00+00:00,47244.38,47359.38,47239.88,47312.38,19210
2026-03-06T18:00:00+00:00,47312.38,47534.38,47302.88,47511.88,19590
2026-03-06T18:15:00+00:00,47511.88,47532.88,47392.88,47416.88,18520
2026-03-06T18:30:00+00:00,47416.88,47460.38,47341.38,47387.88,21192
2026-03-06T18:45:00+00:00,47387.88,47403.38,47321.88,47363.38,18256
2026-03-06T19:00:00+00:00,47363.38,47471.88,47348.38,47460.38,14684
2026-03-06T19:15:00+00:00,47460.38,47476.88,47383.38,47469.38,13121
2026-03-06T19:30:00+00:00,47469.38,47529.88,47422.38,47466.88,13151
2026-03-06T19:45:00+00:00,47466.88,47518.88,47448.88,47496.88,11815
2026-03-06T20:00:00+00:00,47496.88,47558.38,47449.38,47459.38,13334
2026-03-06T20:15:00+00:00,47459.38,47507.88,47413.38,47423.88,14229
2026-03-06T20:30:00+00:00,47423.88,47524.38,47373.88,47464.38,18141
2026-03-06T20:45:00+00:00,47464.38,47512.88,47397.88,47463.88,17340
2026-03-06T21:00:00+00:00,47463.88,47480.64,47386.64,47426.64,6145
2026-03-06T21:15:00+00:00,47426.64,47434.14,47403.64,47408.14,1931
2026-03-06T21:30:00+00:00,47408.14,47430.64,47401.64,47423.28,1189
2026-03-08T22:00:00+00:00,47423.28,47423.28,46371.09,46518.59,6807
2026-03-08T22:15:00+00:00,46518.59,46612.59,46417.09,46493.59,4334
2026-03-08T22:30:00+00:00,46493.59,46620.09,46493.59,46549.59,4122
2026-03-08T22:45:00+00:00,46549.59,46658.09,46549.59,46658.09,4553
2026-03-08T23:00:00+00:00,46658.09,46709.09,46584.59,46609.59,6370
2026-03-08T23:15:00+00:00,46609.59,46644.59,46587.09,46633.09,1992
2026-03-08T23:30:00+00:00,46633.09,46635.59,46534.09,46591.09,4534
2026-03-08T23:45:00+00:00,46591.09,46626.09,46551.09,46607.09,9203
2026-03-09T00:00:00+00:00,46607.09,46715.59,46590.59,46657.09,8319
2026-03-09T00:15:00+00:00,46657.09,46662.59,46547.59,46630.59,8491
2026-03-09T00:30:00+00:00,46630.59,46679.09,46571.09,46575.09,6385
2026-03-09T00:45:00+00:00,46575.09,46588.09,46539.09,46585.59,5161
2026-03-09T01:00:00+00:00,46585.59,46621.59,46514.59,46558.59,6548
2026-03-09T01:15:00+00:00,46558.59,46566.59,46480.59,46483.09,4541
2026-03-09T01:30:00+00:00,46483.09,46554.59,46455.09,46462.59,5388
2026-03-09T01:45:00+00:00,46462.59,46473.59,46354.59,46356.59,6507
2026-03-09T02:00:00+00:00,46356.59,46422.09,46348.09,46376.59,7691
2026-03-09T02:15:00+00:00,46376.59,46390.09,46291.09,46363.09,7978
2026-03-09T02:30:00+00:00,46363.09,46419.59,46310.09,46418.09,7209
2026-03-09T02:45:00+00:00,46418.09,46468.59,46390.09,46426.09,6369
2026-03-09T03:00:00+00:00,46426.09,46479.59,46423.59,46464.59,5781
2026-03-09T03:15:00+00:00,46464.59,46478.59,46421.59,46429.09,5009
2026-03-09T03:30:00+00:00,46429.09,46488.09,46402.09,46407.09,5802
2026-03-09T03:45:00+00:00,46407.09,46458.59,46400.59,46448.59,4503
2026-03-09T04:00:00+00:00,46448.59,46537.09,46448.59,46480.09,5175
2026-03-09T04:15:00+00:00,46480.09,46520.59,46462.59,46512.09,2570
2026-03-09T04:30:00+00:00,46512.09,46525.59,46482.59,46486.09,1878
2026-03-09T04:45:00+00:00,46486.09,46490.09,46456.59,46457.59,2103
2026-03-09T05:00:00+00:00,46457.59,46530.59,46435.09,46513.59,5030
2026-03-09T05:15:00+00:00,46513.59,46673.59,46471.59,46651.09,6870
2026-03-09T05:30:00+00:00,46651.09,46680.09,46578.09,46645.09,6809
2026-03-09T05:45:00+00:00,46645.09,46695.09,46619.59,46676.59,4985
2026-03-09T06:00:00+00:00,46676.59,46756.6,46653.6,46699.6,5448
2026-03-09T06:15:00+00:00,46699.6,46715.1,46650.6,46680.1,6182
2026-03-09T06:30:00+00:00,46680.1,46715.1,46609.1,46630.1,5920
2026-03-09T06:45:00+00:00,46630.1,46637.6,46574.1,46600.1,5082
2026-03-09T07:00:00+00:00,46600.1,46648.1,46558.1,46629.1,8431
2026-03-09T07:15:00+00:00,46629.1,46723.1,46597.1,46705.1,6982
2026-03-09T07:30:00+00:00,46705.1,46724.1,46654.6,46695.1,7414
2026-03-09T07:45:00+00:00,46695.1,46731.6,46660.6,46697.6,7054
2026-03-09T08:00:00+00:00,46697.6,46764.6,46679.6,46689.6,15515
2026-03-09T08:15:00+00:00,46689.6,46786.6,46628.6,46703.6,10746
2026-03-09T08:30:00+00:00,46703.6,46801.6,46698.6,46707.1,9631
2026-03-09T08:45:00+00:00,46707.1,46807.6,46682.1,46782.1,8432
2026-03-09T09:00:00+00:00,46782.1,46823.1,46732.1,46816.6,9035
2026-03-09T09:15:00+00:00,46816.6,46987.1,46807.1,46965.6,8749
2026-03-09T09:30:00+00:00,46965.6,47123.1,46921.6,47050.1,13941
2026-03-09T09:45:00+00:00,47050.1,47088.6,46940.1,46998.1,10267
2026-03-09T10:00:00+00:00,46998.1,47031.6,46886.1,46908.1,10038
2026-03-09T10:15:00+00:00,46908.1,46965.1,46878.1,46880.1,7579
2026-03-09T10:30:00+00:00,46880.1,46953.6,46851.1,46917.6,8832
2026-03-09T10:45:00+00:00,46917.6,46927.1,46838.1,46901.1,9632
2026-03-09T11:00:00+00:00,46901.1,46987.1,46898.6,46920.6,9352
2026-03-09T11:15:00+00:00,46920.6,46924.1,46832.6,46835.1,6970
2026-03-09T11:30:00+00:00,46835.1,46942.1,46828.6,46881.1,8798
2026-03-09T11:45:00+00:00,46881.1,46932.1,46865.1,46876.1,7581
2026-03-09T12:00:00+00:00,46876.1,46998.1,46870.1,46997.1,7952
2026-03-09T12:15:00+00:00,46997.1,47040.6,46983.1,47032.1,7505
2026-03-09T12:30:00+00:00,47032.1,47043.6,46864.1,46876.1,7627
2026-03-09T12:45:00+00:00,46876.1,46901.1,46836.1,46901.1,9155
2026-03-09T13:00:00+00:00,46901.1,47013.1,46898.1,47002.1,10654
2026-03-09T13:15:00+00:00,47002.1,47025.6,46951.1,47025.6,10749
2026-03-09T13:30:00+00:00,47025.6,47079.34,46786.34,46871.84,43654
2026-03-09T13:45:00+00:00,46871.84,46904.84,46695.84,46787.84,35432
2026-03-09T14:00:00+00:00,46787.84,46861.34,46602.34,46680.34,36654
2026-03-09T14:15:00+00:00,46680.34,46833.84,46653.34,46729.34,34254
2026-03-09T14:30:00+00:00,46729.34,46926.34,46725.84,46926.34,27992
2026-03-09T14:45:00+00:00,46926.34,47030.84,46888.34,46977.84,23594
2026-03-09T15:00:00+00:00,46977.84,47071.34,46975.84,47071.34,18712
2026-03-09T15:15:00+00:00,47071.34,47163.34,47046.34,47149.34,14617
2026-03-09T15:30:00+00:00,47149.34,47152.34,47013.84,47021.34,15505
2026-03-09T15:45:00+00:00,47021.34,47109.34,47014.34,47080.84,13531
2026-03-09T16:00:00+00:00,47080.84,47133.34,47045.34,47100.84,12969
2026-03-09T16:15:00+00:00,47100.84,47227.84,47052.34,47166.84,13412
2026-03-09T16:30:00+00:00,47166.84,47226.34,47098.84,47217.34,13659
2026-03-09T16:45:00+00:00,47217.34,47265.34,47195.34,47200.34,10647
2026-03-09T17:00:00+00:00,47200.34,47207.34,47140.34,47166.34,12730
2026-03-09T17:15:00+00:00,47166.34,47177.34,47019.34,47024.84,13206
2026-03-09T17:30:00+00:00,47024.84,47040.84,46973.34,46993.84,13057
2026-03-09T17:45:00+00:00,46993.84,47075.34,46989.34,47020.84,11982
2026-03-09T18:00:00+00:00,47020.84,47109.84,47020.84,47085.34,12433
2026-03-09T18:15:00+00:00,47085.34,47192.84,47075.34,47131.34,11561
2026-03-09T18:30:00+00:00,47131.34,47198.34,47126.34,47155.34,9865
2026-03-09T18:45:00+00:00,47155.34,47183.34,47099.34,47113.34,8203
2026-03-09T19:00:00+00:00,47113.34,47186.34,47107.84,47166.34,9440
2026-03-09T19:15:00+00:00,47166.34,47701.34,47159.34,47695.84,33081
2026-03-09T19:30:00+00:00,47695.84,47880.84,47585.34,47757.84,33137
2026-03-09T19:45:00+00:00,47757.84,47801.34,47657.84,47731.34,24934
2026-03-09T20:00:00+00:00,47731.34,47767.6,47605.1,47644.6,6879
2026-03-09T20:15:00+00:00,47644.6,47661.1,47572.6,47658.1,3200
2026-03-09T20:30:00+00:00,47658.1,47679.6,47625.6,47666.1,4341
2026-03-09T20:45:00+00:00,47666.1,47703.1,47639.1,47688.24,3473
2026-03-09T22:00:00+00:00,47688.24,47717.33,47590.83,47652.33,9456
2026-03-09T22:15:00+00:00,47652.33,47659.33,47563.33,47646.83,6206
2026-03-09T22:30:00+00:00,47646.83,47646.83,47561.83,47602.33,4567
2026-03-09T22:45:00+00:00,47602.33,47625.33,47572.33,47583.33,2592
2026-03-09T23:00:00+00:00,47583.33,47600.83,47561.83,47585.83,2726
2026-03-09T23:15:00+00:00,47585.83,47596.33,47568.83,47583.83,1854
2026-03-09T23:30:00+00:00,47583.83,47586.83,47519.33,47520.83,2071
2026-03-09T23:45:00+00:00,47520.83,47535.83,47488.33,47532.33,3863
2026-03-10T00:00:00+00:00,47532.33,47560.33,47485.33,47498.83,7002
2026-03-10T00:15:00+00:00,47498.83,47614.83,47497.83,47613.33,5631
2026-03-10T00:30:00+00:00,47613.33,47673.83,47570.83,47659.83,5487
2026-03-10T00:45:00+00:00,47659.83,47667.83,47604.83,47609.83,5057
2026-03-10T01:00:00+00:00,47609.83,47671.83,47592.83,47653.83,6267
2026-03-10T01:15:00+00:00,47653.83,47666.83,47607.33,47610.83,5278
2026-03-10T01:30:00+00:00,47610.83,47627.33,47593.83,47610.83,5547
2026-03-10T01:45:00+00:00,47610.83,47689.83,47603.83,47669.83,3910
2026-03-10T02:00:00+00:00,47669.83,47676.83,47652.83,47668.33,3278
2026-03-10T02:15:00+00:00,47668.33,47670.83,47644.83,47655.83,2150
2026-03-10T02:30:00+00:00,47655.83,47657.83,47606.83,47612.83,3379
2026-03-10T02:45:00+00:00,47612.83,47616.33,47544.33,47549.83,4529
2026-03-10T03:00:00+00:00,47549.83,47597.83,47544.83,47579.83,4555
2026-03-10T03:15:00+00:00,47579.83,47623.83,47551.83,47560.83,3633
2026-03-10T03:30:00+00:00,47560.83,47565.83,47496.83,47496.83,4380
2026-03-10T03:45:00+00:00,47496.83,47531.83,47458.33,47507.83,5513
2026-03-10T04:00:00+00:00,47507.83,47526.83,47477.33,47522.33,3986
2026-03-10T04:15:00+00:00,47522.33,47542.83,47513.83,47524.83,2522
2026-03-10T04:30:00+00:00,47524.83,47563.83,47519.83,47546.83,2128
2026-03-10T04:45:00+00:00,47546.83,47558.83,47522.83,47547.83,2598
2026-03-10T05:00:00+00:00,47547.83,47634.83,47546.83,47615.83,4849
2026-03-10T05:15:00+00:00,47615.83,47629.83,47588.33,47611.33,3304
2026-03-10T05:30:00+00:00,47611.33,47629.83,47595.83,47615.33,3161
2026-03-10T05:45:00+00:00,47615.33,47648.33,47609.33,47639.83,2105
2026-03-10T06:00:00+00:00,47639.83,47653.34,47631.34,47648.34,2332
2026-03-10T06:15:00+00:00,47648.34,47653.34,47616.34,47649.34,2464
2026-03-10T06:30:00+00:00,47649.34,47672.84,47643.34,47645.34,3354
2026-03-10T06:45:00+00:00,47645.34,47660.34,47626.34,47645.34,2147
2026-03-10T07:00:00+00:00,47645.34,47749.34,47618.34,47704.34,5883
2026-03-10T07:15:00+00:00,47704.34,47838.34,47700.34,47830.34,5707
2026-03-10T07:30:00+00:00,47830.34,47845.34,47769.34,47830.34,6940
2026-03-10T07:45:00+00:00,47830.34,47863.34,47812.34,47860.34,5310
2026-03-10T08:00:00+00:00,47860.34,47903.84,47828.34,47851.34,10897
2026-03-10T08:15:00+00:00,47851.34,47919.34,47824.84,47904.84,7846
2026-03-10T08:30:00+00:00,47904.84,47938.34,47875.34,47917.34,6552
2026-03-10T08:45:00+00:00,47917.34,47944.34,47832.34,47842.34,6256
2026-03-10T09:00:00+00:00,47842.34,47945.34,47835.34,47930.84,5616
2026-03-10T09:15:00+00:00,47930.84,47933.34,47889.34,47915.34,5225
2026-03-10T09:30:00+00:00,47915.34,47946.34,47901.34,47937.34,5200
2026-03-10T09:45:00+00:00,47937.34,47939.34,47886.84,47890.84,5331
2026-03-10T10:00:00+00:00,47890.84,47897.34,47814.84,47817.84,6081
2026-03-10T10:15:00+00:00,47817.84,47863.84,47789.84,47857.84,5770
2026-03-10T10:30:00+00:00,47857.84,47868.34,47749.84,47815.84,7214
2026-03-10T10:45:00+00:00,47815.84,47835.34,47782.84,47829.84,4878
2026-03-10T11:00:00+00:00,47829.84,47920.84,47771.84,47772.84,10762
2026-03-10T11:15:00+00:00,47772.84,47786.84,47724.84,47740.34,5503
2026-03-10T11:30:00+00:00,47740.34,47745.84,47659.34,47661.34,5318
2026-03-10T11:45:00+00:00,47661.34,47690.34,47636.84,47657.84,5451
2026-03-10T12:00:00+00:00,47657.84,47665.34,47510.84,47559.84,8780
2026-03-10T12:15:00+00:00,47559.84,47597.34,47523.34,47523.34,6865
2026-03-10T12:30:00+00:00,47523.34,47581.34,47494.34,47567.34,7041
2026-03-10T12:45:00+00:00,47567.34,47647.34,47564.34,47604.34,6558
2026-03-10T13:00:00+00:00,47604.34,47670.34,47604.34,47639.34,8451
2026-03-10T13:15:00+00:00,47639.34,47698.84,47620.34,47698.84,7741
2026-03-10T13:30:00+00:00,47698.84,47769.08,47532.08,47606.08,50016
2026-03-10T13:45:00+00:00,47606.08,47622.58,47451.08,47484.08,30727
2026-03-10T14:00:00+00:00,47484.08,47609.08,47431.08,47510.08,30483
2026-03-10T14:15:00+00:00,47510.08,47723.08,47480.08,47691.58,25388
2026-03-10T14:30:00+00:00,47691.58,47910.08,47691.58,47903.08,17711
2026-03-10T14:45:00+00:00,47903.08,47994.08,47856.08,47987.08,14415
2026-03-10T15:00:00+00:00,47987.08,48005.08,47901.08,47918.08,13522
2026-03-10T15:15:00+00:00,47918.08,48012.08,47917.08,47996.08,11371
2026-03-10T15:30:00+00:00,47996.08,48043.08,47962.08,48023.08,11499
2026-03-10T15:45:00+00:00,48023.08,48036.08,47959.58,47994.08,11745
2026-03-10T16:00:00+00:00,47994.08,47997.08,47866.08,47940.08,13593
2026-03-10T16:15:00+00:00,47940.08,47995.08,47920.08,47941.58,12823
2026-03-10T16:30:00+00:00,47941.58,48053.58,47941.58,48026.58,10869
2026-03-10T16:45:00+00:00,48026.58,48049.58,47951.08,48022.08,10687
2026-03-10T17:00:00+00:00,48022.08,48102.08,48010.58,48064.08,10575
2026-03-10T17:15:00+00:00,48064.08,48220.08,48058.58,48212.08,11015
2026-03-10T17:30:00+00:00,48212.08,48212.08,48015.08,48051.08,18544
2026-03-10T17:45:00+00:00,48051.08,48159.58,48042.58,48113.08,13140
2026-03-10T18:00:00+00:00,48113.08,48126.58,47839.08,47841.08,16017
2026-03-10T18:15:00+00:00,47841.08,47932.58,47721.08,47883.08,41236
2026-03-10T18:30:00+00:00,47883.08,47956.08,47795.58,47826.08,28729
2026-03-10T18:45:00+00:00,47826.08,47905.58,47797.08,47825.58,22169
2026-03-10T19:00:00+00:00,47825.58,47879.08,47814.08,47866.58,19285
2026-03-10T19:15:00+00:00,47866.58,47906.08,47731.08,47736.08,17117
2026-03-10T19:30:00+00:00,47736.08,47819.08,47690.58,47755.08,19538
2026-03-10T19:45:00+00:00,47755.08,47775.58,47654.08,47700.08,17860
2026-03-10T20:00:00+00:00,47700.08,47763.34,47696.34,47755.84,3550
2026-03-10T20:15:00+00:00,47755.84,47758.34,47722.34,47740.34,2160
2026-03-10T20:30:00+00:00,47740.34,47746.84,47719.34,47730.84,1391
2026-03-10T20:45:00+00:00,47730.84,47743.34,47712.84,47718.98,1358
2026-03-10T22:00:00+00:00,47718.98,47738.64,47682.64,47725.14,1567
2026-03-10T22:15:00+00:00,47725.14,47729.14,47678.14,47679.14,1241
2026-03-10T22:30:00+00:00,47679.14,47691.14,47652.64,47655.14,1280
2026-03-10T22:45:00+00:00,47655.14,47667.14,47649.64,47667.14,636
2026-03-10T23:00:00+00:00,47667.14,47704.64,47663.64,47702.64,1024
2026-03-10T23:15:00+00:00,47702.64,47716.64,47691.64,47708.64,1130
2026-03-10T23:30:00+00:00,47708.64,47711.14,47691.64,47694.14,949
2026-03-10T23:45:00+00:00,47694.14,47754.64,47691.64,47742.64,2090
2026-03-11T00:00:00+00:00,47742.64,47827.64,47739.64,47811.64,5164
2026-03-11T00:15:00+00:00,47811.64,47863.64,47799.64,47830.64,4974
2026-03-11T00:30:00+00:00,47830.64,47841.64,47807.14,47829.64,2813
2026-03-11T00:45:00+00:00,47829.64,47848.64,47818.14,47828.64,1975
2026-03-11T01:00:00+00:00,47828.64,47861.64,47813.64,47861.64,3002
2026-03-11T01:15:00+00:00,47861.64,47874.64,47851.64,47867.14,2416
2026-03-11T01:30:00+00:00,47867.14,47904.64,47862.64,47898.64,2618
2026-03-11T01:45:00+00:00,47898.64,47901.64,47873.64,47881.64,1752
2026-03-11T02:00:00+00:00,47881.64,47887.64,47869.64,47876.64,1371
2026-03-11T02:15:00+00:00,47876.64,47907.14,47876.64,47885.14,1503
2026-03-11T02:30:00+00:00,47885.14,47894.64,47852.64,47875.14,1963
2026-03-11T02:45:00+00:00,47875.14,47892.14,47867.14,47885.14,1049
2026-03-11T03:00:00+00:00,47885.14,47893.64,47873.64,47884.64,832
2026-03-11T03:15:00+00:00,47884.64,47895.14,47883.14,47890.64,791
2026-03-11T03:30:00+00:00,47890.64,47926.14,47890.14,47923.64,1142
2026-03-11T03:45:00+00:00,47923.64,47929.14,47903.64,47918.64,1040
2026-03-11T04:00:00+00:00,47918.64,47920.64,47896.64,47906.14,844
2026-03-11T04:15:00+00:00,47906.14,47917.14,47904.14,47912.64,556
2026-03-11T04:30:00+00:00,47912.64,47913.64,47892.14,47892.14,814
2026-03-11T04:45:00+00:00,47892.14,47901.64,47879.14,47883.64,869
2026-03-11T05:00:00+00:00,47883.64,47892.14,47847.14,47853.64,2292
2026-03-11T05:15:00+00:00,47853.64,47878.14,47847.14,47864.64,1908
2026-03-11T05:30:00+00:00,47864.64,47865.14,47836.64,47838.14,1777
2026-03-11T05:45:00+00:00,47838.14,47840.14,47807.14,47811.64,2589
2026-03-11T06:00:00+00:00,47811.64,47821.65,47791.15,47820.65,3514
2026-03-11T06:15:00+00:00,47820.65,47823.15,47788.15,47804.15,2377
2026-03-11T06:30:00+00:00,47804.15,47845.15,47803.65,47841.15,2034
2026-03-11T06:45:00+00:00,47841.15,47841.65,47810.65,47829.65,1288
2026-03-11T07:00:00+00:00,47829.65,47841.65,47788.65,47831.15,2936
2026-03-11T07:15:00+00:00,47831.15,47834.15,47761.65,47766.65,3877
2026-03-11T07:30:00+00:00,47766.65,47777.15,47678.15,47694.65,4684
2026-03-11T07:45:00+00:00,47694.65,47750.65,47680.65,47727.65,3928
2026-03-11T08:00:00+00:00,47727.65,47761.65,47713.65,47751.65,6639
2026-03-11T08:15:00+00:00,47751.65,47757.65,47685.65,47705.15,5142
2026-03-11T08:30:00+00:00,47705.15,47747.65,47643.15,47664.15,5792
2026-03-11T08:45:00+00:00,47664.15,47670.15,47559.65,47610.15,7201
2026-03-11T09:00:00+00:00,47610.15,47616.15,47526.15,47539.15,6164
2026-03-11T09:15:00+00:00,47539.15,47605.15,47529.15,47529.15,5203
2026-03-11T09:30:00+00:00,47529.15,47576.15,47520.65,47554.15,4514
2026-03-11T09:45:00+00:00,47554.15,47571.15,47507.15,47521.15,4086
2026-03-11T10:00:00+00:00,47521.15,47654.65,47521.15,47652.15,5247
2026-03-11T10:15:00+00:00,47652.15,47673.65,47632.15,47666.15,4400
2026-03-11T10:30:00+00:00,47666.15,47767.65,47653.65,47764.15,5135
2026-03-11T10:45:00+00:00,47764.15,47793.65,47745.15,47793.65,4290
2026-03-11T11:00:00+00:00,47793.65,47833.15,47771.65,47808.15,5021
2026-03-11T11:15:00+00:00,47808.15,47818.15,47686.65,47695.15,4785
2026-03-11T11:30:00+00:00,47695.15,47705.15,47630.65,47655.65,5613
2026-03-11T11:45:00+00:00,47655.65,47658.65,47567.15,47615.65,9423
2026-03-11T12:00:00+00:00,47615.65,47648.65,47590.15,47617.65,5292
2026-03-11T12:15:00+00:00,47617.65,47662.15,47601.65,47656.65,6217
2026-03-11T12:30:00+00:00,47656.65,47717.65,47504.65,47523.15,8029
2026-03-11T12:45:00+00:00,47523.15,47527.15,47463.15,47510.65,9084
2026-03-11T13:00:00+00:00,47510.65,47628.65,47509.15,47550.65,11730
2026-03-11T13:15:00+00:00,47550.65,47660.65,47542.65,47657.15,8109
2026-03-11T13:30:00+00:00,47657.15,47698.39,47471.39,47493.39,37061
2026-03-11T13:45:00+00:00,47493.39,47514.89,47360.39,47487.89,27996
2026-03-11T14:00:00+00:00,47487.89,47672.39,47437.39,47519.89,39371
2026-03-11T14:15:00+00:00,47519.89,47536.39,47274.39,47330.39,33159
2026-03-11T14:30:00+00:00,47330.39,47546.39,47322.39,47527.89,28697
2026-03-11T14:45:00+00:00,47527.89,47579.39,47472.89,47559.39,19023
2026-03-11T15:00:00+00:00,47559.39,47613.89,47319.89,47320.39,23317
2026-03-11T15:15:00+00:00,47320.39,47402.39,47268.89,47272.39,20714
2026-03-11T15:30:00+00:00,47272.39,47302.39,47228.39,47228.39,18917
2026-03-11T15:45:00+00:00,47228.39,47287.39,47203.39,47212.89,17167
2026-03-11T16:00:00+00:00,47212.89,47230.39,47166.89,47222.89,15607
2026-03-11T16:15:00+00:00,47222.89,47249.39,47174.89,47238.89,15336
2026-03-11T16:30:00+00:00,47238.89,47365.39,47238.89,47323.89,13827
2026-03-11T16:45:00+00:00,47323.89,47387.39,47299.39,47385.39,10832
2026-03-11T17:00:00+00:00,47385.39,47411.89,47339.89,47358.39,10391
2026-03-11T17:15:00+00:00,47358.39,47450.39,47336.39,47427.39,11170
2026-03-11T17:30:00+00:00,47427.39,47438.39,47206.89,47263.89,21710
2026-03-11T17:45:00+00:00,47263.89,47373.89,47251.89,47318.89,19805
2026-03-11T18:00:00+00:00,47318.89,47348.39,47240.39,47293.39,14409
2026-03-11T18:15:00+00:00,47293.39,47392.39,47289.39,47371.39,13858
2026-03-11T18:30:00+00:00,47371.39,47380.39,47320.39,47343.89,11176
2026-03-11T18:45:00+00:00,47343.89,47374.89,47313.89,47330.39,10289
2026-03-11T19:00:00+00:00,47330.39,47340.39,47265.39,47289.39,10351
2026-03-11T19:15:00+00:00,47289.39,47344.39,47274.39,47318.39,9375
2026-03-11T19:30:00+00:00,47318.39,47424.39,47303.39,47421.39,8663
2026-03-11T19:45:00+00:00,47421.39,47431.39,47368.39,47411.89,10309
2026-03-11T20:00:00+00:00,47411.89,47417.65,47359.65,47398.15,3272
2026-03-11T20:15:00+00:00,47398.15,47405.15,47388.65,47399.15,1322
2026-03-11T20:30:00+00:00,47399.15,47402.15,47385.65,47395.65,744
2026-03-11T20:45:00+00:00,47395.65,47397.65,47325.15,47337.79,1466
2026-03-11T22:00:00+00:00,47337.79,47337.79,47214.15,47244.15,2681
2026-03-11T22:15:00+00:00,47244.15,47249.15,47129.65,47154.65,3135
2026-03-11T22:30:00+00:00,47154.65,47167.65,47064.65,47092.15,3460
2026-03-11T22:45:00+00:00,47092.15,47120.65,47073.65,47099.15,2737
2026-03-11T23:00:00+00:00,47099.15,47112.65,47032.15,47071.15,4197
2026-03-11T23:15:00+00:00,47071.15,47090.65,46999.65,47001.15,3176
2026-03-11T23:30:00+00:00,47001.15,47001.15,46910.15,46911.15,4956
2026-03-11T23:45:00+00:00,46911.15,47007.65,46893.65,47007.65,4541
2026-03-12T00:00:00+00:00,47007.65,47017.65,46910.65,46910.65,6290
2026-03-12T00:15:00+00:00,46910.65,46951.65,46884.15,46923.65,4776
2026-03-12T00:30:00+00:00,46923.65,46979.15,46922.65,46968.15,2669
2026-03-12T00:45:00+00:00,46968.15,46981.15,46941.15,46966.15,3594
2026-03-12T01:00:00+00:00,46966.15,46975.15,46914.65,46929.65,5636
2026-03-12T01:15:00+00:00,46929.65,46980.65,46929.15,46978.15,3358
2026-03-12T01:30:00+00:00,46978.15,47016.65,46977.65,47003.15,2283
2026-03-12T01:45:00+00:00,47003.15,47004.65,46900.65,46938.65,3435
2026-03-12T02:00:00+00:00,46938.65,46963.15,46929.65,46934.65,2612
2026-03-12T02:15:00+00:00,46934.65,46950.15,46892.15,46893.65,2598
2026-03-12T02:30:00+00:00,46893.65,46901.65,46786.15,46832.65,4101
2026-03-12T02:45:00+00:00,46832.65,46843.65,46804.65,46835.65,3123
2026-03-12T03:00:00+00:00,46835.65,46876.15,46832.15,46845.15,1652
2026-03-12T03:15:00+00:00,46845.15,46859.65,46824.65,46831.65,1415
2026-03-12T03:30:00+00:00,46831.65,46838.65,46805.65,46816.65,2307
2026-03-12T03:45:00+00:00,46816.65,46848.15,46811.65,46846.65,1634
2026-03-12T04:00:00+00:00,46846.65,46879.15,46840.65,46876.15,1351
2026-03-12T04:15:00+00:00,46876.15,46896.15,46871.15,46887.15,1206
2026-03-12T04:30:00+00:00,46887.15,46896.15,46839.15,46840.65,1594
2026-03-12T04:45:00+00:00,46840.65,46852.65,46834.65,46835.65,1145
2026-03-12T05:00:00+00:00,46835.65,46924.65,46833.65,46902.65,3934
2026-03-12T05:15:00+00:00,46902.65,46907.65,46874.65,46885.65,2684
2026-03-12T05:30:00+00:00,46885.65,46900.65,46868.15,46896.65,2421
2026-03-12T05:45:00+00:00,46896.65,46903.65,46854.15,46902.15,2985
2026-03-12T06:00:00+00:00,46902.15,46909.66,46873.66,46882.66,2017
2026-03-12T06:15:00+00:00,46882.66,46929.66,46880.66,46923.16,2678
2026-03-12T06:30:00+00:00,46923.16,46955.16,46915.66,46954.16,2083
2026-03-12T06:45:00+00:00,46954.16,46984.16,46949.16,46975.16,1693
2026-03-12T07:00:00+00:00,46975.16,47006.16,46968.66,47003.66,2580
2026-03-12T07:15:00+00:00,47003.66,47038.66,46998.16,47024.16,2528
2026-03-12T07:30:00+00:00,47024.16,47047.16,46991.16,47042.16,2643
2026-03-12T07:45:00+00:00,47042.16,47098.16,47006.16,47096.66,2990
2026-03-12T08:00:00+00:00,47096.66,47192.16,47096.66,47132.16,6180
2026-03-12T08:15:00+00:00,47132.16,47167.66,47100.16,47100.16,4649
2026-03-12T08:30:00+00:00,47100.16,47139.16,47064.16,47129.66,4286
2026-03-12T08:45:00+00:00,47129.66,47159.66,47100.16,47138.66,3636
2026-03-12T09:00:00+00:00,47138.66,47150.16,47053.66,47062.16,3855
2026-03-12T09:15:00+00:00,47062.16,47087.66,47006.66,47087.66,4102
2026-03-12T09:30:00+00:00,47087.66,47188.16,47087.66,47177.16,4916
2026-03-12T09:45:00+00:00,47177.16,47194.16,47155.16,47178.66,3359
2026-03-12T10:00:00+00:00,47178.66,47193.66,47138.66,47160.66,3239
2026-03-12T10:15:00+00:00,47160.66,47162.16,47132.16,47137.16,2699
2026-03-12T10:30:00+00:00,47137.16,47197.16,47121.16,47134.16,4088
2026-03-12T10:45:00+00:00,47134.16,47163.66,47108.16,47116.16,2829
2026-03-12T11:00:00+00:00,47116.16,47122.16,47069.66,47079.66,3481
2026-03-12T11:15:00+00:00,47079.66,47122.66,47075.16,47111.16,3623
2026-03-12T11:30:00+00:00,47111.16,47197.66,47111.16,47187.66,3575
2026-03-12T11:45:00+00:00,47187.66,47189.16,47070.16,47070.16,3818
2026-03-12T12:00:00+00:00,47070.16,47081.66,46961.66,47012.16,5722
2026-03-12T12:15:00+00:00,47012.16,47029.16,46981.66,47017.3,4961
2026-03-12T12:30:00+00:00,47017.3,47018.66,46953.66,46989.16,5889
2026-03-12T12:45:00+00:00,46989.16,47015.16,46961.66,47014.66,6016
2026-03-12T13:00:00+00:00,47014.66,47048.66,46974.66,46975.66,6803
2026-03-12T13:15:00+00:00,46975.66,46980.66,46868.66,46944.66,15088
2026-03-12T13:30:00+00:00,46944.66,46954.9,46778.4,46834.4,43741
2026-03-12T13:45:00+00:00,46834.4,46938.4,46771.4,46796.4,31686
2026-03-12T14:00:00+00:00,46796.4,46995.4,46796.4,46978.4,32147
2026-03-12T14:15:00+00:00,46978.4,46987.4,46714.4,46716.4,26402
2026-03-12T14:30:00+00:00,46716.4,46852.4,46704.4,46837.4,22366
2026-03-12T14:45:00+00:00,46837.4,46961.9,46765.9,46817.4,30674
2026-03-12T15:00:00+00:00,46817.4,46840.9,46688.4,46715.9,17886
2026-03-12T15:15:00+00:00,46715.9,46820.9,46702.9,46758.9,18842
2026-03-12T15:30:00+00:00,46758.9,46910.4,46664.4,46873.9,30939
2026-03-12T15:45:00+00:00,46873.9,46898.9,46796.9,46848.4,23169
2026-03-12T16:00:00+00:00,46848.4,46930.4,46751.4,46827.9,18500
2026-03-12T16:15:00+00:00,46827.9,47058.4,46824.4,46861.9,21477
2026-03-12T16:30:00+00:00,46861.9,46973.9,46823.9,46936.4,20631
2026-03-12T16:45:00+00:00,46936.4,46939.4,46807.9,46865.9,17946
2026-03-12T17:00:00+00:00,46865.9,46984.4,46840.9,46849.4,15929
2026-03-12T17:15:00+00:00,46849.4,46893.9,46788.4,46824.4,16258
2026-03-12T17:30:00+00:00,46824.4,46926.4,46814.9,46821.4,14380
2026-03-12T17:45:00+00:00,46821.4,46853.9,46750.4,46798.9,13991
2026-03-12T18:00:00+00:00,46798.9,46859.4,46798.9,46853.4,13081
2026-03-12T18:15:00+00:00,46853.4,46882.9,46737.4,46776.9,11911
2026-03-12T18:30:00+00:00,46776.9,46804.9,46725.4,46753.9,10675
2026-03-12T18:45:00+00:00,46753.9,46786.4,46722.4,46732.4,9406
2026-03-12T19:00:00+00:00,46732.4,46801.9,46712.4,46780.4,12259
2026-03-12T19:15:00+00:00,46780.4,46835.9,46766.4,46802.9,9049
2026-03-12T19:30:00+00:00,46802.9,46850.4,46766.4,46772.4,9586
2026-03-12T19:45:00+00:00,46772.4,46772.9,46656.4,46659.4,13859
2026-03-12T20:00:00+00:00,46659.4,46697.66,46649.66,46668.66,4382
2026-03-12T20:15:00+00:00,46668.66,46710.66,46663.66,46689.16,1882
2026-03-12T20:30:00+00:00,46689.16,46697.66,46677.16,46692.16,860
2026-03-12T20:45:00+00:00,46692.16,46732.66,46691.66,46717.3,723
2026-03-12T22:00:00+00:00,46717.3,46740.69,46681.69,46692.19,3980
2026-03-12T22:15:00+00:00,46692.19,46729.19,46665.19,46728.19,2164
2026-03-12T22:30:00+00:00,46728.19,46781.69,46723.19,46773.69,2214
2026-03-12T22:45:00+00:00,46773.69,46783.69,46746.69,46769.69,1820
2026-03-12T23:00:00+00:00,46769.69,46793.19,46764.19,46768.69,1958
2026-03-12T23:15:00+00:00,46768.69,46774.69,46743.69,46766.69,1646
2026-03-12T23:30:00+00:00,46766.69,46779.69,46746.19,46770.69,1922
2026-03-12T23:45:00+00:00,46770.69,46771.69,46719.19,46723.69,2832
2026-03-13T00:00:00+00:00,46723.69,46819.69,46678.69,46819.69,6718
2026-03-13T00:15:00+00:00,46819.69,46917.69,46819.69,46887.69,6460
2026-03-13T00:30:00+00:00,46887.69,46922.69,46880.69,46899.69,4482
2026-03-13T00:45:00+00:00,46899.69,46924.69,46873.69,46887.69,4229
2026-03-13T01:00:00+00:00,46887.69,46943.69,46887.19,46915.69,5119
2026-03-13T01:15:00+00:00,46915.69,46928.69,46896.19,46900.19,3401
2026-03-13T01:30:00+00:00,46900.19,46908.69,46875.69,46879.69,2753
2026-03-13T01:45:00+00:00,46879.69,46884.69,46856.69,46868.19,2644
2026-03-13T02:00:00+00:00,46868.19,46894.69,46860.69,46862.69,3186
2026-03-13T02:15:00+00:00,46862.69,46866.69,46846.19,46851.69,2134
2026-03-13T02:30:00+00:00,46851.69,46872.69,46836.69,46840.69,2658
2026-03-13T02:45:00+00:00,46840.69,46856.69,46833.69,46843.69,2450
2026-03-13T03:00:00+00:00,46843.69,46864.19,46830.69,46833.19,2517
2026-03-13T03:15:00+00:00,46833.19,46862.19,46825.19,46849.19,2490
2026-03-13T03:30:00+00:00,46849.19,46867.69,46826.69,46860.69,2747
2026-03-13T03:45:00+00:00,46860.69,46883.69,46860.69,46873.69,2086
2026-03-13T04:00:00+00:00,46873.69,46877.69,46844.69,46846.69,2003
2026-03-13T04:15:00+00:00,46846.69,46850.19,46800.69,46810.19,2036
2026-03-13T04:30:00+00:00,46810.19,46822.69,46787.69,46820.69,2372
2026-03-13T04:45:00+00:00,46820.69,46821.69,46801.69,46815.19,1895
2026-03-13T05:00:00+00:00,46815.19,46823.69,46788.69,46793.69,2665
2026-03-13T05:15:00+00:00,46793.69,46829.69,46792.69,46820.19,2393
2026-03-13T05:30:00+00:00,46820.19,46846.69,46814.69,46817.19,2510
2026-03-13T05:45:00+00:00,46817.19,46833.69,46813.19,46828.69,1963
2026-03-13T06:00:00+00:00,46828.69,46836.7,46799.2,46809.7,3015
2026-03-13T06:15:00+00:00,46809.7,46811.2,46743.7,46760.2,3098
2026-03-13T06:30:00+00:00,46760.2,46763.7,46696.7,46711.2,4104
2026-03-13T06:45:00+00:00,46711.2,46714.2,46653.2,46657.7,3892
2026-03-13T07:00:00+00:00,46657.7,46667.2,46555.2,46559.2,7723
2026-03-13T07:15:00+00:00,46559.2,46588.2,46517.2,46576.7,6408
2026-03-13T07:30:00+00:00,46576.7,46616.2,46572.7,46581.2,5364
2026-03-13T07:45:00+00:00,46581.2,46590.2,46511.2,46544.7,5452
2026-03-13T08:00:00+00:00,46544.7,46556.7,46417.2,46429.2,11621
2026-03-13T08:15:00+00:00,46429.2,46492.2,46408.7,46437.7,8580
2026-03-13T08:30:00+00:00,46437.7,46550.2,46436.2,46518.2,8714
2026-03-13T08:45:00+00:00,46518.2,46641.2,46503.2,46625.7,7212
2026-03-13T09:00:00+00:00,46625.7,46711.2,46625.7,46656.7,8727
2026-03-13T09:15:00+00:00,46656.7,46675.2,46627.2,46661.2,5431
2026-03-13T09:30:00+00:00,46661.2,46684.2,46637.2,46669.7,5289
2026-03-13T09:45:00+00:00,46669.7,46711.7,46651.7,46668.7,4564
2026-03-13T10:00:00+00:00,46668.7,46757.2,46662.2,46755.7,5377
2026-03-13T10:15:00+00:00,46755.7,46795.7,46743.2,46753.2,4142
2026-03-13T10:30:00+00:00,46753.2,46758.7,46724.2,46731.2,3768
2026-03-13T10:45:00+00:00,46731.2,46807.2,46719.2,46805.2,7178
2026-03-13T11:00:00+00:00,46805.2,46860.2,46776.7,46794.7,7392
2026-03-13T11:15:00+00:00,46794.7,46850.2,46769.7,46819.7,6280
2026-03-13T11:30:00+00:00,46819.7,46838.7,46792.7,46838.7,5482
2026-03-13T11:45:00+00:00,46838.7,46881.2,46821.2,46875.7,5047
2026-03-13T12:00:00+00:00,46875.7,46909.2,46818.7,46848.2,5440
2026-03-13T12:15:00+00:00,46848.2,46860.7,46808.7,46849.7,5881
2026-03-13T12:30:00+00:00,46849.7,46895.2,46829.2,46860.2,7073
2026-03-13T12:45:00+00:00,46860.2,47000.2,46856.7,46887.7,14064
2026-03-13T13:00:00+00:00,46887.7,46916.2,46844.7,46881.2,9512
2026-03-13T13:15:00+00:00,46881.2,46907.2,46861.7,46894.7,6938
2026-03-13T13:30:00+00:00,46894.7,47108.94,46881.44,47108.94,36213
2026-03-13T13:45:00+00:00,47108.94,47108.94,46915.44,46927.84,24500
2026-03-13T14:00:00+00:00,46927.84,46993.94,46839.94,46855.94,23175
2026-03-13T14:15:00+00:00,46855.94,46865.94,46768.94,46849.94,24380
2026-03-13T14:30:00+00:00,46849.94,46959.94,46783.94,46789.94,24666
2026-03-13T14:45:00+00:00,46789.94,46862.44,46700.44,46720.94,26447
2026-03-13T15:00:00+00:00,46720.94,46809.94,46661.94,46803.94,23622
2026-03-13T15:15:00+00:00,46803.94,46809.94,46653.94,46668.44,19236
2026-03-13T15:30:00+00:00,46668.44,46723.44,46617.44,46646.94,20483
2026-03-13T15:45:00+00:00,46646.94,46779.44,46625.94,46632.44,21338
2026-03-13T16:00:00+00:00,46632.44,46723.44,46625.44,46659.44,16579
2026-03-13T16:15:00+00:00,46659.44,46703.44,46608.44,46676.44,17144
2026-03-13T16:30:00+00:00,46676.44,46726.44,46608.44,46609.44,19329
2026-03-13T16:45:00+00:00,46609.44,46704.94,46583.44,46612.94,17297
2026-03-13T17:00:00+00:00,46612.94,46698.44,46588.94,46697.94,14916
2026-03-13T17:15:00+00:00,46697.94,46726.94,46629.94,46667.94,14860
2026-03-13T17:30:00+00:00,46667.94,46679.94,46620.44,46659.44,14972
2026-03-13T17:45:00+00:00,46659.44,46679.44,46538.94,46586.44,16089
2026-03-13T18:00:00+00:00,46586.44,46647.94,46582.94,46641.94,12680
2026-03-13T18:15:00+00:00,46641.94,46657.44,46574.44,46609.94,11020
2026-03-13T18:30:00+00:00,46609.94,46697.94,46597.44,46683.44,11138
2026-03-13T18:45:00+00:00,46683.44,46710.94,46640.44,46658.94,10389
2026-03-13T19:00:00+00:00,46658.94,46664.94,46611.44,46632.44,10846
2026-03-13T19:15:00+00:00,46632.44,46664.44,46544.94,46560.94,12538
2026-03-13T19:30:00+00:00,46560.94,46601.44,46485.44,46500.94,11383
2026-03-13T19:45:00+00:00,46500.94,46555.94,46477.94,46545.94,12050
2026-03-13T20:00:00+00:00,46545.94,46554.2,46488.2,46516.2,3764
2026-03-13T20:15:00+00:00,46516.2,46532.7,46512.2,46521.7,1620
2026-03-13T20:30:00+00:00,46521.7,46553.7,46519.7,46532.84,903
2026-03-15T22:00:00+00:00,46532.84,46569.71,46370.21,46464.21,869
2026-03-15T22:15:00+00:00,46464.21,46476.36,46413.36,46463.36,1872
2026-03-15T22:30:00+00:00,46463.36,46565.21,46435.36,46565.21,2037
2026-03-15T22:45:00+00:00,46565.21,46692.71,46536.21,46673.21,7544
2026-03-15T23:00:00+00:00,46673.21,46722.21,46613.36,46642.21,6055
2026-03-15T23:15:00+00:00,46642.21,46647.21,46597.36,46604.21,5157
2026-03-15T23:30:00+00:00,46604.21,46636.21,46576.71,46613.71,6572
2026-03-15T23:45:00+00:00,46613.71,46655.71,46613.21,46636.21,7221
2026-03-16T00:00:00+00:00,46636.21,46746.71,46622.21,46733.21,12070
2026-03-16T00:15:00+00:00,46733.21,46745.21,46671.71,46692.71,7455
2026-03-16T00:30:00+00:00,46692.71,46731.71,46685.21,46705.21,7324
2026-03-16T00:45:00+00:00,46705.21,46740.71,46699.71,46729.71,7927
2026-03-16T01:00:00+00:00,46729.71,46752.21,46704.71,46714.21,8255
2026-03-16T01:15:00+00:00,46714.21,46755.21,46710.21,46717.71,7829
2026-03-16T01:30:00+00:00,46717.71,46730.21,46676.21,46703.21,10058
2026-03-16T01:45:00+00:00,46703.21,46775.21,46702.21,46763.21,7805
2026-03-16T02:00:00+00:00,46763.21,46764.21,46723.71,46727.21,6601
2026-03-16T02:15:00+00:00,46727.21,46740.71,46698.71,46701.71,4729
2026-03-16T02:30:00+00:00,46701.71,46706.71,46684.21,46697.21,4560
2026-03-16T02:45:00+00:00,46697.21,46723.71,46686.71,46698.71,4175
2026-03-16T03:00:00+00:00,46698.71,46715.21,46695.36,46707.71,1623
2026-03-16T03:15:00+00:00,46707.71,46732.21,46703.71,46730.21,923
2026-03-16T03:30:00+00:00,46730.21,46751.21,46730.21,46746.71,3288
2026-03-16T03:45:00+00:00,46746.71,46771.71,46741.21,46764.21,3259
2026-03-16T04:00:00+00:00,46764.21,46769.71,46751.21,46756.21,2591
2026-03-16T04:15:00+00:00,46756.21,46783.71,46756.21,46760.71,2981
2026-03-16T04:30:00+00:00,46760.71,46762.71,46738.21,46741.21,1494
2026-03-16T04:45:00+00:00,46741.21,46750.71,46721.71,46721.71,1973
2026-03-16T05:00:00+00:00,46721.71,46748.71,46721.71,46742.21,2800
2026-03-16T05:15:00+00:00,46742.21,46746.71,46714.71,46721.21,1994
2026-03-16T05:30:00+00:00,46721.21,46762.21,46710.71,46752.21,1778
2026-03-16T05:45:00+00:00,46752.21,46794.21,46752.21,46785.71,2717
2026-03-16T06:00:00+00:00,46785.71,46796.72,46775.22,46781.22,2759
2026-03-16T06:15:00+00:00,46781.22,46785.22,46745.72,46750.22,1349
2026-03-16T06:30:00+00:00,46750.22,46771.22,46748.22,46756.72,1731
2026-03-16T06:45:00+00:00,46756.72,46792.22,46751.72,46788.22,1378
2026-03-16T07:00:00+00:00,46788.22,46806.72,46754.22,46756.72,5180
2026-03-16T07:15:00+00:00,46756.72,46756.72,46714.72,46721.72,5279
2026-03-16T07:30:00+00:00,46721.72,46741.22,46656.22,46681.22,6452
2026-03-16T07:45:00+00:00,46681.22,46719.22,46667.72,46682.72,5972
2026-03-16T08:00:00+00:00,46682.72,46768.22,46681.72,46697.22,10829
2026-03-16T08:15:00+00:00,46697.22,46750.72,46666.22,46706.72,12340
2026-03-16T08:30:00+00:00,46706.72,46735.22,46652.72,46659.22,10280
2026-03-16T08:45:00+00:00,46659.22,46699.72,46635.22,46665.22,10145
2026-03-16T09:00:00+00:00,46665.22,46677.72,46599.72,46660.22,9570
2026-03-16T09:15:00+00:00,46660.22,46668.22,46620.22,46635.22,9697
2026-03-16T09:30:00+00:00,46635.22,46635.22,46579.72,46582.22,9693
2026-03-16T09:45:00+00:00,46582.22,46640.72,46568.22,46586.22,9804
2026-03-16T10:00:00+00:00,46586.22,46659.72,46578.22,46652.22,10240
2026-03-16T10:15:00+00:00,46652.22,46748.72,46645.22,46735.72,8934
2026-03-16T10:30:00+00:00,46735.72,46747.72,46696.22,46722.22,9222
2026-03-16T10:45:00+00:00,46722.22,46802.72,46706.22,46794.72,8312
2026-03-16T11:00:00+00:00,46794.72,46797.72,46761.72,46775.22,9387
2026-03-16T11:15:00+00:00,46775.22,46792.22,46734.72,46745.22,8189
2026-03-16T11:30:00+00:00,46745.22,46832.22,46737.22,46820.72,8844
2026-03-16T11:45:00+00:00,46820.72,46832.72,46791.72,46823.72,7247
2026-03-16T12:00:00+00:00,46823.72,46914.22,46823.22,46904.72,8158
2026-03-16T12:15:00+00:00,46904.72,46908.72,46857.22,46861.36,7253
2026-03-16T12:30:00+00:00,46861.36,46929.72,46861.36,46926.22,7405
2026-03-16T12:45:00+00:00,46926.22,46951.72,46872.22,46881.22,9852
2026-03-16T13:00:00+00:00,46881.22,46932.22,46881.22,46915.72,8932
2026-03-16T13:15:00+00:00,46915.72,46941.72,46899.22,46924.22,3881
2026-03-16T13:30:00+00:00,46924.22,47032.96,46850.46,47028.46,26974
2026-03-16T13:45:00+00:00,47028.46,47139.96,46994.46,47136.46,18188
2026-03-16T14:00:00+00:00,47136.46,47182.96,47056.96,47108.96,17615
2026-03-16T14:15:00+00:00,47108.96,47141.96,47063.46,47063.96,15143
2026-03-16T14:30:00+00:00,47063.96,47074.46,46873.96,46881.96,18608
2026-03-16T14:45:00+00:00,46881.96,47044.96,46825.96,47044.96,12117
2026-03-16T15:00:00+00:00,47044.96,47050.96,46916.46,46954.46,10063
2026-03-16T15:15:00+00:00,46954.46,47041.96,46919.96,47040.96,8366
2026-03-16T15:30:00+00:00,47040.96,47084.96,47021.96,47037.46,4260
2026-03-16T15:45:00+00:00,47037.46,47074.46,46922.46,46922.46,4397
2026-03-16T16:00:00+00:00,46922.46,46979.46,46888.46,46964.46,4732
2026-03-16T16:15:00+00:00,46964.46,46992.46,46817.46,46846.96,4887
2026-03-16T16:30:00+00:00,46846.96,46941.96,46812.96,46911.96,4721
2026-03-16T16:45:00+00:00,46911.96,46960.46,46876.96,46903.96,4908
2026-03-16T17:00:00+00:00,46903.96,46979.46,46903.96,46943.96,5646
2026-03-16T17:15:00+00:00,46943.96,46974.46,46896.46,46940.46,3926
2026-03-16T17:30:00+00:00,46940.46,46963.96,46903.46,46908.46,4633
2026-03-16T17:45:00+00:00,46908.46,46950.46,46835.96,46895.96,3986
2026-03-16T18:00:00+00:00,46895.96,46970.96,46895.46,46948.96,4547
2026-03-16T18:15:00+00:00,46948.96,47009.46,46945.96,46984.46,3121
2026-03-16T18:30:00+00:00,46984.46,47041.96,46975.96,47025.96,3084
2026-03-16T18:45:00+00:00,47025.96,47033.46,46967.46,46978.96,2358
2026-03-16T19:00:00+00:00,46978.96,47092.46,46963.46,46985.96,4910
2026-03-16T19:15:00+00:00,46985.96,47011.96,46926.96,46972.96,5468
2026-03-16T19:30:00+00:00,46972.96,46982.46,46895.96,46910.46,4328
2026-03-16T19:45:00+00:00,46910.46,46956.96,46898.46,46935.96,5909
2026-03-16T20:00:00+00:00,46935.96,46967.72,46919.72,46955.22,2944
2026-03-16T20:15:00+00:00,46955.22,46957.22,46896.22,46901.22,781
2026-03-16T20:30:00+00:00,46901.22,46920.72,46887.22,46901.72,604
2026-03-16T20:45:00+00:00,46901.72,46933.22,46896.36,46925.86,966
2026-03-16T22:00:00+00:00,46925.86,46925.86,46876.87,46914.72,889
2026-03-16T22:15:00+00:00,46914.72,46941.22,46895.22,46935.22,3783
2026-03-16T22:30:00+00:00,46935.22,46936.22,46895.72,46899.72,2941
2026-03-16T22:45:00+00:00,46899.72,46903.22,46887.22,46892.22,2508
2026-03-16T23:00:00+00:00,46892.22,46915.22,46890.87,46907.22,2326
2026-03-16T23:15:00+00:00,46907.22,46915.22,46896.22,46914.22,2040
2026-03-16T23:30:00+00:00,46914.22,46933.22,46912.22,46928.22,2734
2026-03-16T23:45:00+00:00,46928.22,46936.72,46907.72,46923.72,3535
2026-03-17T00:00:00+00:00,46923.72,46924.22,46872.22,46873.72,5791
2026-03-17T00:15:00+00:00,46873.72,46879.22,46838.72,46852.72,5261
2026-03-17T00:30:00+00:00,46852.72,46883.72,46841.72,46845.72,4532
2026-03-17T00:45:00+00:00,46845.72,46855.22,46814.22,46820.72,5994
2026-03-17T01:00:00+00:00,46820.72,46860.22,46820.72,46846.72,6113
2026-03-17T01:15:00+00:00,46846.72,46850.72,46829.72,46846.22,4405
2026-03-17T01:30:00+00:00,46846.22,46877.22,46840.72,46854.72,6122
2026-03-17T01:45:00+00:00,46854.72,46868.22,46842.22,46864.22,4266
2026-03-17T02:00:00+00:00,46864.22,46865.22,46838.72,46855.22,3192
2026-03-17T02:15:00+00:00,46855.22,46856.72,46838.72,46847.72,3588
2026-03-17T02:30:00+00:00,46847.72,46861.22,46839.22,46842.72,3040
2026-03-17T02:45:00+00:00,46842.72,46844.72,46809.72,46809.72,3380
2026-03-17T03:00:00+00:00,46809.72,46835.22,46800.72,46833.72,3213
2026-03-17T03:15:00+00:00,46833.72,46851.72,46823.72,46826.22,3307
2026-03-17T03:30:00+00:00,46826.22,46834.22,46795.72,46803.72,4761
2026-03-17T03:45:00+00:00,46803.72,46829.72,46798.72,46810.72,3246
2026-03-17T04:00:00+00:00,46810.72,46817.72,46800.72,46811.22,2762
2026-03-17T04:15:00+00:00,46811.22,46826.72,46802.22,46823.22,2816
2026-03-17T04:30:00+00:00,46823.22,46852.72,46822.22,46852.72,3267
2026-03-17T04:45:00+00:00,46852.72,46875.22,46850.72,46859.22,3758
2026-03-17T05:00:00+00:00,46859.22,46872.72,46852.72,46871.22,2611
2026-03-17T05:15:00+00:00,46871.22,46875.22,46861.72,46865.72,3213
2026-03-17T05:30:00+00:00,46865.72,46870.72,46837.72,46839.72,3420
2026-03-17T05:45:00+00:00,46839.72,46840.72,46732.72,46735.22,8038
2026-03-17T06:00:00+00:00,46735.22,46744.73,46672.73,46691.73,12025
2026-03-17T06:15:00+00:00,46691.73,46734.23,46678.23,46720.73,8320
2026-03-17T06:30:00+00:00,46720.73,46731.73,46695.73,46723.73,6387
2026-03-17T06:45:00+00:00,46723.73,46724.73,46695.23,46712.23,5049
2026-03-17T07:00:00+00:00,46712.23,46731.23,46686.23,46716.73,8257
2026-03-17T07:15:00+00:00,46716.73,46790.23,46708.73,46784.23,6159
2026-03-17T07:30:00+00:00,46784.23,46808.73,46771.23,46774.23,6211
2026-03-17T07:45:00+00:00,46774.23,46775.23,46739.23,46755.23,6640
2026-03-17T08:00:00+00:00,46755.23,46809.23,46750.23,46759.73,13336
2026-03-17T08:15:00+00:00,46759.73,46809.23,46750.23,46757.73,12913
2026-03-17T08:30:00+00:00,46757.73,46840.73,46732.23,46825.73,12475
2026-03-17T08:45:00+00:00,46825.73,46836.73,46751.73,46798.23,9924
2026-03-17T09:00:00+00:00,46798.23,46850.73,46797.23,46840.73,8676
2026-03-17T09:15:00+00:00,46840.73,46942.73,46827.23,46940.23,8640
2026-03-17T09:30:00+00:00,46940.23,46945.73,46895.73,46924.23,8961
2026-03-17T09:45:00+00:00,46924.23,46938.23,46906.23,46929.23,6585
2026-03-17T10:00:00+00:00,46929.23,46939.23,46881.23,46890.73,6579
2026-03-17T10:15:00+00:00,46890.73,46891.73,46837.73,46851.23,6650
2026-03-17T10:30:00+00:00,46851.23,46893.73,46846.73,46872.23,6682
2026-03-17T10:45:00+00:00,46872.23,46902.23,46860.23,46899.23,5686
2026-03-17T11:00:00+00:00,46899.23,46924.73,46886.73,46891.23,8202
2026-03-17T11:15:00+00:00,46891.23,46942.23,46887.23,46920.23,7242
2026-03-17T11:30:00+00:00,46920.23,46958.23,46898.73,46942.23,8385
2026-03-17T11:45:00+00:00,46942.23,46953.73,46895.23,46899.23,8099
2026-03-17T12:00:00+00:00,46899.23,47036.23,46896.23,47025.23,10027
2026-03-17T12:15:00+00:00,47025.23,47062.73,47006.23,47058.73,9658
2026-03-17T12:30:00+00:00,47058.73,47124.73,47056.73,47102.73,9192
2026-03-17T12:45:00+00:00,47102.73,47104.23,47072.23,47101.23,7107
2026-03-17T13:00:00+00:00,47101.23,47168.23,47098.23,47156.23,9543
2026-03-17T13:15:00+00:00,47156.23,47263.23,47144.73,47249.23,6616
2026-03-17T13:30:00+00:00,47249.23,47420.97,47232.47,47332.97,27905
2026-03-17T13:45:00+00:00,47332.97,47399.47,47308.97,47330.97,18254
2026-03-17T14:00:00+00:00,47330.97,47330.97,47183.47,47183.47,17827
2026-03-17T14:15:00+00:00,47183.47,47189.47,47054.97,47111.47,18701
2026-03-17T14:30:00+00:00,47111.47,47208.47,47087.47,47202.47,19047
2026-03-17T14:45:00+00:00,47202.47,47224.47,47177.47,47200.47,12288
2026-03-17T15:00:00+00:00,47200.47,47213.47,47095.97,47125.47,15201
2026-03-17T15:15:00+00:00,47125.47,47192.97,47100.47,47116.97,14323
2026-03-17T15:30:00+00:00,47116.97,47155.47,47016.47,47062.47,17652
2026-03-17T15:45:00+00:00,47062.47,47089.47,47023.97,47043.97,15726
2026-03-17T16:00:00+00:00,47043.97,47072.47,46982.47,47024.47,18294
2026-03-17T16:15:00+00:00,47024.47,47088.97,47012.47,47057.97,15541
2026-03-17T16:30:00+00:00,47057.97,47085.47,47013.47,47085.47,15652
2026-03-17T16:45:00+00:00,47085.47,47099.47,47041.47,47047.47,10301
2026-03-17T17:00:00+00:00,47047.47,47118.47,47045.47,47105.47,10006
2026-03-17T17:15:00+00:00,47105.47,47107.47,47069.47,47095.47,7602
2026-03-17T17:30:00+00:00,47095.47,47117.47,47047.47,47055.97,8445
2026-03-17T17:45:00+00:00,47055.97,47089.47,47028.47,47072.47,7764
2026-03-17T18:00:00+00:00,47072.47,47117.47,47038.47,47091.97,7715
2026-03-17T18:15:00+00:00,47091.97,47104.47,46993.97,47003.47,10140
2026-03-17T18:30:00+00:00,47003.47,47042.47,46998.47,47029.47,10411
2026-03-17T18:45:00+00:00,47029.47,47081.97,47028.47,47046.47,8819
2026-03-17T19:00:00+00:00,47046.47,47051.47,47012.47,47040.47,9114
2026-03-17T19:15:00+00:00,47040.47,47065.47,47005.47,47007.47,7133
2026-03-17T19:30:00+00:00,47007.47,47028.97,47007.47,47019.97,6140
2026-03-17T19:45:00+00:00,47019.97,47048.47,46969.47,46995.97,10578
2026-03-17T20:00:00+00:00,46995.97,47010.23,46982.23,47004.73,3439
2026-03-17T20:15:00+00:00,47004.73,47020.73,46992.23,47006.73,2393
2026-03-17T20:30:00+00:00,47006.73,47017.23,47005.23,47014.23,1618
2026-03-17T20:45:00+00:00,47014.23,47020.73,46989.73,46994.37,2403
2026-03-17T22:00:00+00:00,46994.37,47002.61,46973.61,46988.46,596
2026-03-17T22:15:00+00:00,46988.46,46988.46,46965.96,46977.46,1325
2026-03-17T22:30:00+00:00,46977.46,46989.46,46945.46,46949.96,1722
2026-03-17T22:45:00+00:00,46949.96,46981.96,46943.96,46978.46,1467
2026-03-17T23:00:00+00:00,46978.46,46986.96,46958.61,46968.96,932
2026-03-17T23:15:00+00:00,46968.96,46991.96,46962.96,46962.96,1050
2026-03-17T23:30:00+00:00,46962.96,46966.46,46931.46,46940.96,1509
2026-03-17T23:45:00+00:00,46940.96,46946.96,46934.46,46939.96,1205
2026-03-18T00:00:00+00:00,46939.96,47002.96,46932.96,47001.96,3636
2026-03-18T00:15:00+00:00,47001.96,47006.46,46979.46,46996.46,2882
2026-03-18T00:30:00+00:00,46996.46,47006.46,46988.96,47005.46,1233
2026-03-18T00:45:00+00:00,47005.46,47039.46,47002.96,47033.46,2572
2026-03-18T01:00:00+00:00,47033.46,47058.46,47033.46,47057.46,3564
2026-03-18T01:15:00+00:00,47057.46,47082.96,47057.46,47075.46,3569
2026-03-18T01:30:00+00:00,47075.46,47085.46,47068.96,47080.96,2395
2026-03-18T01:45:00+00:00,47080.96,47082.96,47058.96,47077.96,2637
2026-03-18T02:00:00+00:00,47077.96,47105.96,47077.96,47102.96,2766
2026-03-18T02:15:00+00:00,47102.96,47129.96,47096.96,47124.96,1403
2026-03-18T02:30:00+00:00,47124.96,47147.46,47124.96,47133.96,1734
2026-03-18T02:45:00+00:00,47133.96,47140.96,47128.96,47135.96,1151
2026-03-18T03:00:00+00:00,47135.96,47145.46,47130.96,47144.46,1284
2026-03-18T03:15:00+00:00,47144.46,47153.96,47136.46,47142.46,1119
2026-03-18T03:30:00+00:00,47142.46,47154.96,47140.96,47153.46,1139
2026-03-18T03:45:00+00:00,47153.46,47181.96,47153.46,47175.46,1128
2026-03-18T04:00:00+00:00,47175.46,47201.96,47174.46,47198.46,1007
2026-03-18T04:15:00+00:00,47198.46,47210.96,47196.96,47203.46,885
2026-03-18T04:30:00+00:00,47203.46,47207.96,47192.96,47200.46,1191
2026-03-18T04:45:00+00:00,47200.46,47232.96,47198.96,47214.96,1385
2026-03-18T05:00:00+00:00,47214.96,47230.96,47209.96,47228.96,1505
2026-03-18T05:15:00+00:00,47228.96,47239.46,47225.96,47234.46,1167
2026-03-18T05:30:00+00:00,47234.46,47243.96,47229.96,47237.96,1530
2026-03-18T05:45:00+00:00,47237.96,47239.46,47215.46,47232.96,1523
2026-03-18T06:00:00+00:00,47232.96,47257.97,47224.47,47250.97,2254
2026-03-18T06:15:00+00:00,47250.97,47296.47,47244.97,47293.47,3309
2026-03-18T06:30:00+00:00,47293.47,47298.97,47274.47,47284.47,2891
2026-03-18T06:45:00+00:00,47284.47,47287.47,47264.47,47265.97,2019
2026-03-18T07:00:00+00:00,47265.97,47276.97,47253.47,47266.47,2284
2026-03-18T07:15:00+00:00,47266.47,47278.97,47248.97,47259.47,1994
2026-03-18T07:30:00+00:00,47259.47,47267.97,47246.47,47260.97,1284
2026-03-18T07:45:00+00:00,47260.97,47262.97,47235.97,47240.97,2247
2026-03-18T08:00:00+00:00,47240.97,47287.47,47227.47,47278.97,5990
2026-03-18T08:15:00+00:00,47278.97,47284.47,47243.97,47245.97,5370
2026-03-18T08:30:00+00:00,47245.97,47259.97,47230.97,47244.47,5029
2026-03-18T08:45:00+00:00,47244.47,47278.47,47238.47,47260.97,4189
2026-03-18T09:00:00+00:00,47260.97,47276.97,47229.97,47230.47,4625
2026-03-18T09:15:00+00:00,47230.47,47269.97,47229.47,47255.47,4411
2026-03-18T09:30:00+00:00,47255.47,47265.97,47243.47,47260.47,3015
2026-03-18T09:45:00+00:00,47260.47,47265.97,47231.97,47244.47,2675
2026-03-18T10:00:00+00:00,47244.47,47256.47,47229.47,47254.97,1790
2026-03-18T10:15:00+00:00,47254.97,47261.97,47237.47,47238.97,1719
2026-03-18T10:30:00+00:00,47238.97,47251.97,47225.47,47232.97,1425
2026-03-18T10:45:00+00:00,47232.97,47234.97,47201.97,47207.97,1900
2026-03-18T11:00:00+00:00,47207.97,47238.47,47193.97,47227.97,3549
2026-03-18T11:15:00+00:00,47227.97,47248.47,47110.97,47111.47,7845
2026-03-18T11:30:00+00:00,47111.47,47200.47,47095.47,47175.47,9913
2026-03-18T11:45:00+00:00,47175.47,47182.97,47140.97,47144.97,6983
2026-03-18T12:00:00+00:00,47144.97,47155.47,47025.97,47060.97,10438
2026-03-18T12:15:00+00:00,47060.97,47066.47,46971.97,47033.61,12726
2026-03-18T12:30:00+00:00,47033.61,47033.61,46795.47,46813.47,12797
2026-03-18T12:45:00+00:00,46813.47,46828.47,46732.47,46746.47,19360
2026-03-18T13:00:00+00:00,46746.47,46773.47,46710.97,46733.47,16704
2026-03-18T13:15:00+00:00,46733.47,46801.47,46703.47,46778.97,7518
2026-03-18T13:30:00+00:00,46778.97,46880.21,46715.71,46789.71,38384
2026-03-18T13:45:00+00:00,46789.71,46880.71,46743.21,46804.61,34796
2026-03-18T14:00:00+00:00,46804.61,46820.71,46604.21,46604.21,27632
2026-03-18T14:15:00+00:00,46604.21,46645.21,46535.71,46553.71,22739
2026-03-18T14:30:00+00:00,46553.71,46613.21,46524.71,46543.71,16865
2026-03-18T14:45:00+00:00,46543.71,46598.21,46516.21,46595.71,15428
2026-03-18T15:00:00+00:00,46595.71,46680.21,46584.71,46635.21,15698
2026-03-18T15:15:00+00:00,46635.21,46649.21,46541.21,46562.21,13632
2026-03-18T15:30:00+00:00,46562.21,46619.21,46545.21,46574.21,10816
2026-03-18T15:45:00+00:00,46574.21,46594.71,46538.21,46557.21,12592
2026-03-18T16:00:00+00:00,46557.21,46587.71,46506.21,46581.71,11765
2026-03-18T16:15:00+00:00,46581.71,46609.21,46545.21,46593.21,11242
2026-03-18T16:30:00+00:00,46593.21,46610.21,46509.71,46559.71,10421
2026-03-18T16:45:00+00:00,46559.71,46627.71,46542.71,46582.21,12250
2026-03-18T17:00:00+00:00,46582.21,46593.71,46518.71,46535.71,15779
2026-03-18T17:15:00+00:00,46535.71,46572.71,46522.71,46529.71,12872
2026-03-18T17:30:00+00:00,46529.71,46565.71,46474.21,46526.21,13430
2026-03-18T17:45:00+00:00,46526.21,46572.71,46506.71,46559.61,12424
2026-03-18T18:00:00+00:00,46559.61,46606.71,46545.71,46580.21,14715
2026-03-18T18:15:00+00:00,46580.21,46580.21,46478.71,46533.71,11998
2026-03-18T18:30:00+00:00,46533.71,46542.21,46380.71,46422.71,23858
2026-03-18T18:45:00+00:00,46422.71,46425.21,46302.71,46313.71,29631
2026-03-18T19:00:00+00:00,46313.71,46392.21,46304.61,46343.21,19249
2026-03-18T19:15:00+00:00,46343.21,46360.71,46243.71,46256.71,6162
2026-03-18T19:30:00+00:00,46256.71,46276.71,46191.71,46206.21,6338
2026-03-18T19:45:00+00:00,46206.21,46239.71,46180.21,46213.71,7021
2026-03-18T20:00:00+00:00,46213.71,46218.47,46094.97,46099.47,3535
2026-03-18T20:15:00+00:00,46099.47,46100.47,46043.97,46065.97,1546
2026-03-18T20:30:00+00:00,46065.97,46115.47,46065.97,46109.97,1048
2026-03-18T20:45:00+00:00,46109.97,46120.47,46068.61,46073.11,1112
2026-03-18T22:00:00+00:00,46073.11,46155.79,46073.11,46109.79,1565
2026-03-18T22:15:00+00:00,46109.79,46122.64,46081.64,46085.64,1377
2026-03-18T22:30:00+00:00,46085.64,46101.14,46071.64,46075.64,1272
2026-03-18T22:45:00+00:00,46075.64,46105.14,46073.79,46101.64,711
2026-03-18T23:00:00+00:00,46101.64,46138.14,46094.14,46130.14,954
2026-03-18T23:15:00+00:00,46130.14,46151.14,46121.64,46146.64,557
2026-03-18T23:30:00+00:00,46146.64,46176.14,46122.79,46142.64,1564
2026-03-18T23:45:00+00:00,46142.64,46161.14,46109.14,46148.64,6467
2026-03-19T00:00:00+00:00,46148.64,46188.14,46121.14,46158.14,8676
2026-03-19T00:15:00+00:00,46158.14,46170.14,46120.64,46158.64,6291
2026-03-19T00:30:00+00:00,46158.64,46173.64,46092.64,46095.14,5132
2026-03-19T00:45:00+00:00,46095.14,46143.14,46088.79,46139.64,5933
2026-03-19T01:00:00+00:00,46139.64,46145.14,46111.64,46139.64,6018
2026-03-19T01:15:00+00:00,46139.64,46183.14,46136.64,46173.14,3906
2026-03-19T01:30:00+00:00,46173.14,46197.64,46158.14,46191.64,5252
2026-03-19T01:45:00+00:00,46191.64,46203.64,46158.14,46160.64,4164
2026-03-19T02:00:00+00:00,46160.64,46231.64,46126.64,46218.14,8675
2026-03-19T02:15:00+00:00,46218.14,46264.64,46209.64,46249.64,3318
2026-03-19T02:30:00+00:00,46249.64,46302.14,46246.79,46287.14,3435
2026-03-19T02:45:00+00:00,46287.14,46289.14,46253.14,46263.14,3731
2026-03-19T03:00:00+00:00,46263.14,46292.14,46263.14,46287.64,1917
2026-03-19T03:15:00+00:00,46287.64,46290.64,46276.64,46277.64,1463
2026-03-19T03:30:00+00:00,46277.64,46278.14,46259.14,46268.14,2374
2026-03-19T03:45:00+00:00,46268.14,46284.14,46252.14,46252.14,2693
2026-03-19T04:00:00+00:00,46252.14,46253.14,46213.14,46228.64,4977
2026-03-19T04:15:00+00:00,46228.64,46232.64,46210.64,46222.14,2523
2026-03-19T04:30:00+00:00,46222.14,46234.64,46196.64,46208.64,3388
2026-03-19T04:45:00+00:00,46208.64,46221.14,46191.64,46217.14,3139
2026-03-19T05:00:00+00:00,46217.14,46239.14,46203.64,46227.14,3008
2026-03-19T05:15:00+00:00,46227.14,46238.14,46202.64,46206.64,3128
2026-03-19T05:30:00+00:00,46206.64,46211.64,46140.64,46149.14,4844
2026-03-19T05:45:00+00:00,46149.14,46198.14,46144.14,46166.14,5826
2026-03-19T06:00:00+00:00,46166.14,46225.65,46160.15,46220.15,3537
2026-03-19T06:15:00+00:00,46220.15,46249.15,46189.65,46194.15,2721
2026-03-19T06:30:00+00:00,46194.15,46211.15,46163.15,46191.15,6063
2026-03-19T06:45:00+00:00,46191.15,46212.65,46175.15,46205.65,3854
2026-03-19T07:00:00+00:00,46205.65,46213.65,46133.65,46156.65,7962
2026-03-19T07:15:00+00:00,46156.65,46238.65,46156.65,46187.65,8605
2026-03-19T07:30:00+00:00,46187.65,46196.65,46120.65,46133.15,8479
2026-03-19T07:45:00+00:00,46133.15,46163.15,46089.15,46123.15,7778
2026-03-19T08:00:00+00:00,46123.15,46184.15,46102.65,46157.65,13885
2026-03-19T08:15:00+00:00,46157.65,46183.15,46077.15,46091.15,11354
2026-03-19T08:30:00+00:00,46091.15,46124.15,46034.65,46042.15,11783
2026-03-19T08:45:00+00:00,46042.15,46147.15,46037.65,46104.65,11573
2026-03-19T09:00:00+00:00,46104.65,46177.15,46104.65,46148.15,10701
2026-03-19T09:15:00+00:00,46148.15,46186.15,46007.79,46037.15,14880
2026-03-19T09:30:00+00:00,46037.15,46132.65,46030.15,46095.65,13970
2026-03-19T09:45:00+00:00,46095.65,46268.15,46090.15,46237.65,13481
2026-03-19T10:00:00+00:00,46237.65,46237.65,46179.65,46182.65,9561
2026-03-19T10:15:00+00:00,46182.65,46205.65,46161.65,46195.65,6957
2026-03-19T10:30:00+00:00,46195.65,46214.15,46143.65,46164.65,6699
2026-03-19T10:45:00+00:00,46164.65,46173.65,46126.15,46142.15,7384
2026-03-19T11:00:00+00:00,46142.15,46183.65,46120.65,46144.15,10841
2026-03-19T11:15:00+00:00,46144.15,46158.15,46060.15,46097.15,9438
2026-03-19T11:30:00+00:00,46097.15,46121.15,46023.15,46031.65,10997
2026-03-19T11:45:00+00:00,46031.65,46108.15,46025.15,46085.79,9826
2026-03-19T12:00:00+00:00,46085.79,46130.15,45998.65,46050.15,16773
2026-03-19T12:15:00+00:00,46050.15,46072.15,45912.79,45937.79,13064
2026-03-19T12:30:00+00:00,45937.79,45978.65,45891.65,45966.65,12676
2026-03-19T12:45:00+00:00,45966.65,45966.65,45870.15,45910.65,10544
2026-03-19T13:00:00+00:00,45910.65,45923.15,45835.79,45836.79,10015
2026-03-19T13:15:00+00:00,45836.79,46034.15,45821.79,45898.79,8018
2026-03-19T13:30:00+00:00,45898.79,46004.89,45784.89,45987.89,54794
2026-03-19T13:45:00+00:00,45987.89,46073.89,45926.39,45991.79,46618
2026-03-19T14:00:00+00:00,45991.79,46058.39,45917.89,45919.89,33949
2026-03-19T14:15:00+00:00,45919.89,45939.39,45739.39,45756.39,39433
2026-03-19T14:30:00+00:00,45756.39,45970.39,45751.89,45854.39,36406
2026-03-19T14:45:00+00:00,45854.39,45900.39,45818.89,45847.89,35180
2026-03-19T15:00:00+00:00,45847.89,46014.39,45836.89,45965.89,32622
2026-03-19T15:15:00+00:00,45965.89,45985.89,45821.39,45875.39,28484
2026-03-19T15:30:00+00:00,45875.39,45884.89,45772.89,45772.89,10489
2026-03-19T15:45:00+00:00,45772.89,45857.39,45749.79,45853.89,8400
2026-03-19T16:00:00+00:00,45853.89,45961.89,45817.89,45858.79,7978
2026-03-19T16:15:00+00:00,45858.79,45895.39,45823.89,45879.39,6455
2026-03-19T16:30:00+00:00,45879.39,45952.89,45840.79,45925.39,6296
2026-03-19T16:45:00+00:00,45925.39,45933.39,45786.79,45824.89,4338
2026-03-19T17:00:00+00:00,45824.89,45839.39,45721.89,45734.39,3929
2026-03-19T17:15:00+00:00,45734.39,45882.89,45725.79,45853.89,4451
2026-03-19T17:30:00+00:00,45853.89,45869.39,45781.39,45799.79,3290
2026-03-19T17:45:00+00:00,45799.79,45897.89,45791.79,45833.39,3184
2026-03-19T18:00:00+00:00,45833.39,45937.89,45804.79,45928.89,4115
2026-03-19T18:15:00+00:00,45928.89,45940.39,45822.39,45822.39,3031
2026-03-19T18:30:00+00:00,45822.39,45835.39,45761.89,45767.89,2933
2026-03-19T18:45:00+00:00,45767.89,45959.89,45759.39,45943.39,5482
2026-03-19T19:00:00+00:00,45943.39,46243.39,45932.79,46188.79,14977
2026-03-19T19:15:00+00:00,46188.79,46219.89,46031.39,46059.89,9220
2026-03-19T19:30:00+00:00,46059.89,46119.39,45994.39,46093.39,6153
2026-03-19T19:45:00+00:00,46093.39,46098.39,45996.39,46015.39,6002
2026-03-19T20:00:00+00:00,46015.39,46086.15,45972.79,46086.15,3152
2026-03-19T20:15:00+00:00,46086.15,46104.79,46075.79,46096.79,773.7627029387334
2026-03-19T20:30:00+00:00,46096.79,46096.79,46057.79,46074.65,327
2026-03-19T20:45:00+00:00,46074.65,46079.79,46059.79,46064.79,325
2026-03-19T22:00:00+00:00,46064.79,46081.58,46041.58,46067.58,734.5718923412974
2026-03-19T22:15:00+00:00,46067.58,46116.08,46064.58,46109.58,1230
2026-03-19T22:30:00+00:00,46109.58,46128.58,46097.08,46112.08,998
2026-03-19T22:45:00+00:00,46112.08,46115.08,46088.58,46106.58,772
2026-03-19T23:00:00+00:00,46106.58,46138.58,46097.08,46115.58,1509
2026-03-19T23:15:00+00:00,46115.58,46119.08,46088.08,46097.08,1209
2026-03-19T23:30:00+00:00,46097.08,46115.58,46090.58,46093.58,1241
2026-03-19T23:45:00+00:00,46093.58,46117.58,46078.08,46092.58,1468
2026-03-20T00:00:00+00:00,46092.58,46134.58,46061.58,46123.08,2655
2026-03-20T00:15:00+00:00,46123.08,46124.08,46051.58,46069.08,2661
2026-03-20T00:30:00+00:00,46069.08,46094.08,46063.08,46075.58,1659
2026-03-20T00:45:00+00:00,46075.58,46088.58,46064.08,46076.08,1844
2026-03-20T01:00:00+00:00,46076.08,46127.58,46062.58,46120.58,3066
2026-03-20T01:15:00+00:00,46120.58,46128.58,46077.58,46122.58,2755
2026-03-20T01:30:00+00:00,46122.58,46178.58,46121.58,46178.58,2072
2026-03-20T01:45:00+00:00,46178.58,46198.08,46116.58,46128.58,1978
2026-03-20T02:00:00+00:00,46128.58,46148.08,46121.08,46141.08,1579
2026-03-20T02:15:00+00:00,46141.08,46149.08,46131.58,46133.08,1114
2026-03-20T02:30:00+00:00,46133.08,46137.08,46111.08,46131.58,1330
2026-03-20T02:45:00+00:00,46131.58,46151.58,46118.08,46118.08,915
2026-03-20T03:00:00+00:00,46118.08,46125.08,46100.58,46104.58,988
2026-03-20T03:15:00+00:00,46104.58,46113.58,46084.58,46101.58,955
2026-03-20T03:30:00+00:00,46101.58,46122.08,46095.58,46099.08,1055
2026-03-20T03:45:00+00:00,46099.08,46106.58,46088.58,46099.58,793
2026-03-20T04:00:00+00:00,46099.58,46114.58,46095.58,46098.58,778
2026-03-20T04:15:00+00:00,46098.58,46099.08,46076.08,46095.58,583
2026-03-20T04:30:00+00:00,46095.58,46102.08,46083.58,46086.58,564
2026-03-20T04:45:00+00:00,46086.58,46086.58,46066.58,46068.08,709
2026-03-20T05:00:00+00:00,46068.08,46068.08,46039.58,46053.58,1640
2026-03-20T05:15:00+00:00,46053.58,46092.58,46053.58,46089.58,1254
2026-03-20T05:30:00+00:00,46089.58,46092.08,46070.58,46087.08,1071
2026-03-20T05:45:00+00:00,46087.08,46100.58,46074.58,46078.58,922
2026-03-20T06:00:00+00:00,46078.58,46095.59,46062.09,46070.09,1119
2026-03-20T06:15:00+00:00,46070.09,46070.59,46017.09,46028.59,1470
2026-03-20T06:30:00+00:00,46028.59,46039.59,45997.09,46012.09,1390
2026-03-20T06:45:00+00:00,46012.09,46012.09,45970.09,45985.09,1250
2026-03-20T07:00:00+00:00,45985.09,45988.09,45923.59,45983.09,3489
2026-03-20T07:15:00+00:00,45983.09,46049.09,45976.09,46043.09,2818
2026-03-20T07:30:00+00:00,46043.09,46104.09,46037.09,46103.59,2374
2026-03-20T07:45:00+00:00,46103.59,46111.09,46091.09,46103.09,2547
2026-03-20T08:00:00+00:00,46103.09,46129.59,46068.59,46129.09,5220
2026-03-20T08:15:00+00:00,46129.09,46133.09,46047.59,46047.59,3789
2026-03-20T08:30:00+00:00,46047.59,46113.59,46032.09,46051.09,4676
2026-03-20T08:45:00+00:00,46051.09,46074.09,46028.09,46034.59,4208
2026-03-20T09:00:00+00:00,46034.59,46065.09,45995.09,46000.09,5027
2026-03-20T09:15:00+00:00,46000.09,46003.09,45925.09,45930.09,5408
2026-03-20T09:30:00+00:00,45930.09,45981.09,45889.09,45913.59,5824
2026-03-20T09:45:00+00:00,45913.59,45917.09,45788.59,45824.09,8816
2026-03-20T10:00:00+00:00,45824.09,45838.09,45679.09,45717.59,9411
2026-03-20T10:15:00+00:00,45717.59,45737.59,45666.09,45711.59,7935
2026-03-20T10:30:00+00:00,45711.59,45841.09,45708.59,45819.09,5706
2026-03-20T10:45:00+00:00,45819.09,45820.59,45772.09,45781.59,6291
2026-03-20T11:00:00+00:00,45781.59,45898.09,45773.59,45871.59,6231
2026-03-20T11:15:00+00:00,45871.59,45891.09,45844.59,45863.09,4963
2026-03-20T11:30:00+00:00,45863.09,45884.59,45829.59,45854.59,4859
2026-03-20T11:45:00+00:00,45854.59,45866.09,45800.59,45859.59,4944
2026-03-20T12:00:00+00:00,45859.59,45924.09,45812.59,45873.09,7653
2026-03-20T12:15:00+00:00,45873.09,45897.59,45826.09,45893.59,5511
2026-03-20T12:30:00+00:00,45893.59,45896.59,45800.09,45834.09,6623
2026-03-20T12:45:00+00:00,45834.09,45905.09,45826.09,45882.09,5885
2026-03-20T13:00:00+00:00,45882.09,45903.09,45808.09,45836.09,6011
2026-03-20T13:15:00+00:00,45836.09,45891.09,45820.59,45846.09,6576
2026-03-20T13:30:00+00:00,45846.09,45966.83,45797.83,45962.83,35780
2026-03-20T13:45:00+00:00,45962.83,46021.83,45820.83,45827.83,26796
2026-03-20T14:00:00+00:00,45827.83,45872.83,45679.83,45695.83,27156
2026-03-20T14:15:00+00:00,45695.83,45735.83,45653.83,45661.33,19932
2026-03-20T14:30:00+00:00,45661.33,45812.83,45661.33,45725.83,19154
2026-03-20T14:45:00+00:00,45725.83,45782.83,45629.83,45669.33,17252
2026-03-20T15:00:00+00:00,45669.33,45790.83,45669.33,45783.83,18146
2026-03-20T15:15:00+00:00,45783.83,45873.83,45636.83,45668.83,20264
2026-03-20T15:30:00+00:00,45668.83,45733.83,45657.33,45705.83,16701
2026-03-20T15:45:00+00:00,45705.83,45754.83,45670.83,45741.83,14043
2026-03-20T16:00:00+00:00,45741.83,45811.83,45731.33,45760.83,12440
2026-03-20T16:15:00+00:00,45760.83,45813.83,45728.33,45768.83,12153
2026-03-20T16:30:00+00:00,45768.83,45769.83,45678.83,45748.83,13386
2026-03-20T16:45:00+00:00,45748.83,45821.83,45705.83,45785.83,10708
2026-03-20T17:00:00+00:00,45785.83,45848.83,45726.33,45769.83,15012
2026-03-20T17:15:00+00:00,45769.83,45826.83,45754.83,45776.83,11215
2026-03-20T17:30:00+00:00,45776.83,45786.83,45669.83,45721.83,11171
2026-03-20T17:45:00+00:00,45721.83,45751.83,45684.83,45731.83,9077
2026-03-20T18:00:00+00:00,45731.83,45756.83,45638.33,45664.33,9396
2026-03-20T18:15:00+00:00,45664.33,45675.83,45510.83,45561.83,14752
2026-03-20T18:30:00+00:00,45561.83,45574.83,45461.83,45478.83,11520
2026-03-20T18:45:00+00:00,45478.83,45496.83,45452.83,45488.33,9692
2026-03-20T19:00:00+00:00,45488.33,45532.83,45460.83,45494.33,10718
2026-03-20T19:15:00+00:00,45494.33,45507.83,45421.83,45461.83,9711
2026-03-20T19:30:00+00:00,45461.83,45489.83,45315.83,45466.83,14085
2026-03-20T19:45:00+00:00,45466.83,45580.83,45374.33,45556.83,18533
2026-03-20T20:00:00+00:00,45556.83,45701.09,45542.09,45692.09,5379
2026-03-20T20:15:00+00:00,45692.09,45742.09,45656.09,45668.59,3064
2026-03-20T20:30:00+00:00,45668.59,45736.59,45659.59,45718.73,2215
2026-03-22T22:00:00+00:00,45718.73,45718.73,45191.08,45426.08,2564
2026-03-22T22:15:00+00:00,45426.08,45646.08,45408.08,45598.58,5579
2026-03-22T22:30:00+00:00,45598.58,45629.08,45525.08,45530.08,4560
2026-03-22T22:45:00+00:00,45530.08,45568.58,45529.08,45544.58,3416
2026-03-22T23:00:00+00:00,45544.58,45602.58,45544.58,45597.58,3146
2026-03-22T23:15:00+00:00,45597.58,45603.58,45531.58,45533.58,2415
2026-03-22T23:30:00+00:00,45533.58,45545.58,45512.58,45526.08,2232
2026-03-22T23:45:00+00:00,45526.08,45534.58,45475.58,45511.08,6063
2026-03-23T00:00:00+00:00,45511.08,45615.58,45478.58,45589.08,7770
2026-03-23T00:15:00+00:00,45589.08,45627.08,45540.08,45566.08,7461
2026-03-23T00:30:00+00:00,45566.08,45583.08,45453.08,45486.08,8549
2026-03-23T00:45:00+00:00,45486.08,45515.08,45444.08,45453.08,9266
2026-03-23T01:00:00+00:00,45453.08,45534.58,45421.08,45519.58,9692
2026-03-23T01:15:00+00:00,45519.58,45583.08,45511.08,45572.08,6049
2026-03-23T01:30:00+00:00,45572.08,45618.08,45555.08,45609.08,7327
2026-03-23T01:45:00+00:00,45609.08,45620.08,45578.08,45591.08,5898
2026-03-23T02:00:00+00:00,45591.08,45625.08,45565.58,45574.58,4941
2026-03-23T02:15:00+00:00,45574.58,45629.08,45561.58,45589.58,4770
2026-03-23T02:30:00+00:00,45589.58,45591.08,45547.08,45551.08,3668
2026-03-23T02:45:00+00:00,45551.08,45555.08,45501.08,45527.08,2980
2026-03-23T03:00:00+00:00,45527.08,45555.08,45477.08,45479.58,3377
2026-03-23T03:15:00+00:00,45479.58,45499.58,45469.08,45480.08,3259
2026-03-23T03:30:00+00:00,45480.08,45484.58,45424.08,45444.08,4152
2026-03-23T03:45:00+00:00,45444.08,45451.58,45394.08,45399.08,3111
2026-03-23T04:00:00+00:00,45399.08,45420.08,45388.58,45416.08,2963
2026-03-23T04:15:00+00:00,45416.08,45448.58,45413.58,45434.58,2578
2026-03-23T04:30:00+00:00,45434.58,45458.08,45427.08,45435.08,1977
2026-03-23T04:45:00+00:00,45435.08,45462.58,45434.58,45452.08,2223
2026-03-23T05:00:00+00:00,45452.08,45493.08,45449.08,45476.58,3401
2026-03-23T05:15:00+00:00,45476.58,45489.58,45432.08,45440.58,2826
2026-03-23T05:30:00+00:00,45440.58,45460.58,45379.08,45415.58,4619
2026-03-23T05:45:00+00:00,45415.58,45433.58,45364.08,45426.08,3901
2026-03-23T06:00:00+00:00,45426.08,45431.09,45366.59,45389.59,4645
2026-03-23T06:15:00+00:00,45389.59,45405.59,45354.09,45361.59,5401
2026-03-23T06:30:00+00:00,45361.59,45370.59,45285.59,45286.09,5151
2026-03-23T06:45:00+00:00,45286.09,45315.59,45224.59,45272.09,5088
2026-03-23T07:00:00+00:00,45272.09,45354.59,45239.59,45315.09,7438
2026-03-23T07:15:00+00:00,45315.09,45322.09,45138.59,45168.59,9497
2026-03-23T07:30:00+00:00,45168.59,45214.59,45155.59,45212.09,8574
2026-03-23T07:45:00+00:00,45212.09,45274.59,45188.09,45215.59,8618
2026-03-23T08:00:00+00:00,45215.59,45336.59,45215.59,45324.59,14893
2026-03-23T08:15:00+00:00,45324.59,45336.59,45272.59,45281.09,12018
2026-03-23T08:30:00+00:00,45281.09,45375.09,45278.09,45340.59,10155
2026-03-23T08:45:00+00:00,45340.59,45403.59,45325.59,45359.59,8286
2026-03-23T09:00:00+00:00,45359.59,45389.59,45299.59,45366.59,9435
2026-03-23T09:15:00+00:00,45366.59,45407.09,45311.59,45349.59,8919
2026-03-23T09:30:00+00:00,45349.59,45350.59,45202.59,45238.09,8796
2026-03-23T09:45:00+00:00,45238.09,45282.59,45214.59,45245.09,7488
2026-03-23T10:00:00+00:00,45245.09,45313.59,45229.09,45255.09,8423
2026-03-23T10:15:00+00:00,45255.09,45273.09,45192.59,45198.09,7395
2026-03-23T10:30:00+00:00,45198.09,45265.09,45177.59,45216.09,7594
2026-03-23T10:45:00+00:00,45216.09,45336.09,45156.59,45257.59,8690
2026-03-23T11:00:00+00:00,45257.59,46896.59,45256.59,46816.59,6132.587878787879
2026-03-23T11:15:00+00:00,46816.59,46870.59,46296.23,46444.59,25701
2026-03-23T11:30:00+00:00,46444.59,46788.59,46337.59,46366.09,19552
2026-03-23T11:45:00+00:00,46366.09,46390.09,46123.59,46185.59,18700
2026-03-23T12:00:00+00:00,46185.59,46340.09,46087.59,46200.59,17330
2026-03-23T12:15:00+00:00,46200.59,46442.59,46192.59,46405.09,12456
2026-03-23T12:30:00+00:00,46405.09,46575.59,46269.59,46563.09,17664
2026-03-23T12:45:00+00:00,46563.09,46617.09,46493.59,46560.09,21136
2026-03-23T13:00:00+00:00,46560.09,46609.59,46414.09,46427.09,12980
2026-03-23T13:15:00+00:00,46427.09,46465.59,46316.59,46332.09,9168
2026-03-23T13:30:00+00:00,46332.09,46476.33,46158.83,46366.83,27583
2026-03-23T13:45:00+00:00,46366.83,46506.33,46278.33,46499.83,22265
2026-03-23T14:00:00+00:00,46499.83,46571.83,46374.83,46474.83,20723
2026-03-23T14:15:00+00:00,46474.83,46617.83,46471.33,46498.83,15869
2026-03-23T14:30:00+00:00,46498.83,46532.33,46437.33,46482.83,17956
2026-03-23T14:45:00+00:00,46482.83,46605.33,46456.83,46575.33,17547
2026-03-23T15:00:00+00:00,46575.33,46712.83,46565.83,46671.83,14163
2026-03-23T15:15:00+00:00,46671.83,46685.33,46572.33,46591.33,14854
2026-03-23T15:30:00+00:00,46591.33,46624.83,46448.83,46472.83,15475
2026-03-23T15:45:00+00:00,46472.83,46480.83,46249.83,46255.83,16784
2026-03-23T16:00:00+00:00,46255.83,46330.33,46249.83,46284.33,18140
2026-03-23T16:15:00+00:00,46284.33,46291.83,46090.83,46100.83,17058
2026-03-23T16:30:00+00:00,46100.83,46250.33,46092.83,46228.33,15878
2026-03-23T16:45:00+00:00,46228.33,46264.33,46174.33,46205.83,15206
2026-03-23T17:00:00+00:00,46205.83,46259.33,46148.83,46180.83,14721
2026-03-23T17:15:00+00:00,46180.83,46224.83,46116.33,46202.83,13650
2026-03-23T17:30:00+00:00,46202.83,46414.33,46202.83,46302.33,14748
2026-03-23T17:45:00+00:00,46302.33,46413.33,46267.83,46405.83,11586
2026-03-23T18:00:00+00:00,46405.83,46413.83,46280.33,46366.33,11537
2026-03-23T18:15:00+00:00,46366.33,46374.33,46321.83,46346.83,9926
2026-03-23T18:30:00+00:00,46346.83,46508.83,46346.83,46445.33,12133
2026-03-23T18:45:00+00:00,46445.33,46481.83,46417.33,46436.83,8675
2026-03-23T19:00:00+00:00,46436.83,46440.83,46384.33,46391.33,8699
2026-03-23T19:15:00+00:00,46391.33,46401.83,46295.83,46314.83,8821
2026-03-23T19:30:00+00:00,46314.83,46358.33,46296.33,46355.83,7870
2026-03-23T19:45:00+00:00,46355.83,46387.33,46186.33,46197.83,11335
2026-03-23T20:00:00+00:00,46197.83,46201.09,46120.09,46176.09,4715
2026-03-23T20:15:00+00:00,46176.09,46199.09,46168.09,46189.09,1622
2026-03-23T20:30:00+00:00,46189.09,46228.59,46176.59,46219.09,1220
2026-03-23T20:45:00+00:00,46219.09,46227.09,46183.09,46197.73,1177
2026-03-23T22:00:00+00:00,46197.73,46224.58,46151.08,46215.58,4046
2026-03-23T22:15:00+00:00,46215.58,46242.58,46205.58,46239.08,1408
2026-03-23T22:30:00+00:00,46239.08,46250.08,46213.08,46237.58,1269
2026-03-23T22:45:00+00:00,46237.58,46327.58,46237.08,46316.08,2131
2026-03-23T23:00:00+00:00,46316.08,46316.08,46277.08,46284.58,1882
2026-03-23T23:15:00+00:00,46284.58,46307.08,46283.58,46293.08,1442
2026-03-23T23:30:00+00:00,46293.08,46293.08,46264.58,46287.58,1959
2026-03-23T23:45:00+00:00,46287.58,46293.08,46228.08,46272.58,4057
2026-03-24T00:00:00+00:00,46272.58,46272.58,46149.08,46153.58,6595
2026-03-24T00:15:00+00:00,46153.58,46190.58,46035.58,46167.08,7987
2026-03-24T00:30:00+00:00,46167.08,46187.58,45951.08,46074.08,8654
2026-03-24T00:45:00+00:00,46074.08,46106.58,46051.08,46061.58,7444
2026-03-24T01:00:00+00:00,46061.58,46067.08,45971.58,45993.58,8327
2026-03-24T01:15:00+00:00,45993.58,46027.58,45952.08,46008.08,7437
2026-03-24T01:30:00+00:00,46008.08,46008.58,45926.08,45933.58,7688
2026-03-24T01:45:00+00:00,45933.58,45964.58,45915.58,45964.08,5715
2026-03-24T02:00:00+00:00,45964.08,45973.08,45915.08,45943.58,6277
2026-03-24T02:15:00+00:00,45943.58,46028.08,45938.08,46003.08,6245
2026-03-24T02:30:00+00:00,46003.08,46022.08,45986.58,46017.08,4959
2026-03-24T02:45:00+00:00,46017.08,46035.08,45963.58,45968.08,4858
2026-03-24T03:00:00+00:00,45968.08,45979.08,45945.08,45964.08,3578
2026-03-24T03:15:00+00:00,45964.08,46003.08,45962.58,45995.08,3098
2026-03-24T03:30:00+00:00,45995.08,46003.08,45940.58,45992.08,4501
2026-03-24T03:45:00+00:00,45992.08,46012.58,45974.58,46011.58,3144
2026-03-24T04:00:00+00:00,46011.58,46042.08,46004.08,46023.58,2685
2026-03-24T04:15:00+00:00,46023.58,46024.08,45969.08,45973.58,2605
2026-03-24T04:30:00+00:00,45973.58,45979.58,45956.58,45958.58,2270
2026-03-24T04:45:00+00:00,45958.58,45990.08,45957.08,45975.58,1975
2026-03-24T05:00:00+00:00,45975.58,45981.58,45903.58,45944.08,3715
2026-03-24T05:15:00+00:00,45944.08,46053.58,45871.08,45871.58,6755
2026-03-24T05:30:00+00:00,45871.58,45983.58,45865.58,45957.58,4503
2026-03-24T05:45:00+00:00,45957.58,45977.08,45947.08,45969.58,3271
2026-03-24T06:00:00+00:00,45969.58,46020.59,45963.59,46010.09,3298
2026-03-24T06:15:00+00:00,46010.09,46088.09,46002.09,46060.09,3678
2026-03-24T06:30:00+00:00,46060.09,46118.09,46060.09,46104.59,3837
2026-03-24T06:45:00+00:00,46104.59,46191.09,46085.59,46165.09,3425
2026-03-24T07:00:00+00:00,46165.09,46337.09,46150.59,46310.09,7480
2026-03-24T07:15:00+00:00,46310.09,46343.09,46250.09,46274.59,7834
2026-03-24T07:30:00+00:00,46274.59,46284.09,46219.59,46260.59,5650
2026-03-24T07:45:00+00:00,46260.59,46289.09,46230.59,46282.09,6026
2026-03-24T08:00:00+00:00,46282.09,46340.09,46248.59,46297.09,11034
2026-03-24T08:15:00+00:00,46297.09,46323.09,46143.59,46154.09,10733
2026-03-24T08:30:00+00:00,46154.09,46208.59,46129.09,46142.59,8553
2026-03-24T08:45:00+00:00,46142.59,46199.59,46096.59,46119.09,9929
2026-03-24T09:00:00+00:00,46119.09,46149.09,45986.09,45989.09,9375
2026-03-24T09:15:00+00:00,45989.09,46087.59,45987.59,46076.59,7480
2026-03-24T09:30:00+00:00,46076.59,46134.59,46061.09,46120.59,7060
2026-03-24T09:45:00+00:00,46120.59,46195.09,46081.09,46172.59,6359
2026-03-24T10:00:00+00:00,46172.59,46195.09,46085.59,46180.09,6379
2026-03-24T10:15:00+00:00,46180.09,46192.09,46106.09,46114.59,5301
2026-03-24T10:30:00+00:00,46114.59,46191.09,46093.09,46174.09,6777
2026-03-24T10:45:00+00:00,46174.09,46191.09,46112.59,46162.09,5677
2026-03-24T11:00:00+00:00,46162.09,46197.59,46112.09,46164.09,7437
2026-03-24T11:15:00+00:00,46164.09,46167.09,46098.59,46137.09,6041
2026-03-24T11:30:00+00:00,46137.09,46149.09,46104.09,46114.09,5750
2026-03-24T11:45:00+00:00,46114.09,46191.09,45998.09,46158.09,9174
2026-03-24T12:00:00+00:00,46158.09,46181.59,46050.09,46088.09,7171
2026-03-24T12:15:00+00:00,46088.09,46128.59,46058.59,46103.59,7049
2026-03-24T12:30:00+00:00,46103.59,46108.09,45934.59,45938.09,10780
2026-03-24T12:45:00+00:00,45938.09,45992.59,45920.59,45944.59,10442
2026-03-24T13:00:00+00:00,45944.59,45974.09,45793.09,45906.09,12262
2026-03-24T13:15:00+00:00,45906.09,45930.09,45828.09,45848.59,8609
2026-03-24T13:30:00+00:00,45848.59,45903.83,45744.83,45833.33,27254
2026-03-24T13:45:00+00:00,45833.33,45892.33,45779.83,45891.83,24721
2026-03-24T14:00:00+00:00,45891.83,46073.83,45866.83,46046.83,22887
2026-03-24T14:15:00+00:00,46046.83,46127.83,45948.83,46052.83,22501
2026-03-24T14:30:00+00:00,46052.83,46169.83,46034.83,46169.33,20383
2026-03-24T14:45:00+00:00,46169.33,46313.33,46017.83,46196.33,25916
2026-03-24T15:00:00+00:00,46196.33,46296.83,46196.33,46269.83,20869
2026-03-24T15:15:00+00:00,46269.83,46399.83,46261.83,46353.83,16793
2026-03-24T15:30:00+00:00,46353.83,46376.83,46295.83,46344.83,13924
2026-03-24T15:45:00+00:00,46344.83,46400.33,46230.33,46240.33,14678
2026-03-24T16:00:00+00:00,46240.33,46284.33,46201.83,46274.33,15752
2026-03-24T16:15:00+00:00,46274.33,46347.83,46261.83,46333.33,12897
2026-03-24T16:30:00+00:00,46333.33,46345.33,46204.33,46304.33,14792
2026-03-24T16:45:00+00:00,46304.33,46340.83,46233.83,46288.33,13102
2026-03-24T17:00:00+00:00,46288.33,46302.33,46096.83,46119.83,19912
2026-03-24T17:15:00+00:00,46119.83,46171.83,46112.33,46157.83,15388
2026-03-24T17:30:00+00:00,46157.83,46201.83,46083.83,46092.83,14234
2026-03-24T17:45:00+00:00,46092.83,46228.83,46077.33,46218.33,15949
2026-03-24T18:00:00+00:00,46218.33,46263.83,46170.33,46186.83,14150
2026-03-24T18:15:00+00:00,46186.83,46258.83,46139.83,46236.83,12283
2026-03-24T18:30:00+00:00,46236.83,46376.83,46218.83,46278.83,12370
2026-03-24T18:45:00+00:00,46278.83,46308.33,46212.83,46243.83,9600
2026-03-24T19:00:00+00:00,46243.83,46310.33,46242.83,46308.83,7943
2026-03-24T19:15:00+00:00,46308.83,46308.83,46219.83,46226.83,8277
2026-03-24T19:30:00+00:00,46226.83,46247.83,46172.33,46174.33,9599
2026-03-24T19:45:00+00:00,46174.33,46176.33,46091.83,46116.33,11484
2026-03-24T20:00:00+00:00,46116.33,46136.09,46110.09,46129.09,2918
2026-03-24T20:15:00+00:00,46129.09,46600.59,46120.09,46385.59,15066
2026-03-24T20:30:00+00:00,46385.59,46560.09,46367.09,46413.59,15354
2026-03-24T20:45:00+00:00,46413.59,46451.59,46352.09,46392.23,8072
2026-03-24T22:00:00+00:00,46392.23,46486.58,46392.23,46431.08,3797
2026-03-24T22:15:00+00:00,46431.08,46437.58,46372.58,46397.08,2976
2026-03-24T22:30:00+00:00,46397.08,46453.08,46397.08,46451.08,1963
2026-03-24T22:45:00+00:00,46451.08,46463.58,46440.08,46456.08,1435
2026-03-24T23:00:00+00:00,46456.08,46465.08,46416.58,46439.08,2288
2026-03-24T23:15:00+00:00,46439.08,46485.58,46437.58,46464.08,1836
2026-03-24T23:30:00+00:00,46464.08,46475.58,46430.58,46434.08,1752
2026-03-24T23:45:00+00:00,46434.08,46449.58,46430.08,46440.08,1795
2026-03-25T00:00:00+00:00,46440.08,46503.08,46409.58,46487.58,5062
2026-03-25T00:15:00+00:00,46487.58,46504.58,46439.58,46463.58,4186
2026-03-25T00:30:00+00:00,46463.58,46593.58,46403.58,46560.08,6102
2026-03-25T00:45:00+00:00,46560.08,46569.08,46527.08,46528.08,4468
2026-03-25T01:00:00+00:00,46528.08,46560.08,46511.58,46520.08,6266
2026-03-25T01:15:00+00:00,46520.08,46554.58,46504.58,46528.08,6145
2026-03-25T01:30:00+00:00,46528.08,46555.58,46487.58,46513.08,5821
2026-03-25T01:45:00+00:00,46513.08,46533.58,46477.08,46482.08,4971
2026-03-25T02:00:00+00:00,46482.08,46489.08,46432.08,46433.08,5841
2026-03-25T02:15:00+00:00,46433.08,46459.08,46429.08,46449.08,5067
2026-03-25T02:30:00+00:00,46449.08,46452.08,46426.08,46427.58,2791
2026-03-25T02:45:00+00:00,46427.58,46443.58,46401.58,46403.08,3044
2026-03-25T03:00:00+00:00,46403.08,46428.58,46379.58,46384.58,2796
2026-03-25T03:15:00+00:00,46384.58,46409.08,46374.58,46404.58,2175
2026-03-25T03:30:00+00:00,46404.58,46430.08,46391.58,46413.58,2243
2026-03-25T03:45:00+00:00,46413.58,46444.08,46413.58,46444.08,1998
2026-03-25T04:00:00+00:00,46444.08,46477.08,46439.58,46475.58,2041
2026-03-25T04:15:00+00:00,46475.58,46518.58,46462.58,46516.08,1817
2026-03-25T04:30:00+00:00,46516.08,46529.08,46508.58,46511.58,1371
2026-03-25T04:45:00+00:00,46511.58,46519.08,46492.58,46514.58,1859
2026-03-25T05:00:00+00:00,46514.58,46520.08,46489.08,46516.58,2230
2026-03-25T05:15:00+00:00,46516.58,46516.58,46478.58,46487.58,2062
2026-03-25T05:30:00+00:00,46487.58,46515.58,46480.58,46511.58,2113
2026-03-25T05:45:00+00:00,46511.58,46511.58,46445.58,46457.58,2740
2026-03-25T06:00:00+00:00,46457.58,46463.09,46421.59,46434.09,2982
2026-03-25T06:15:00+00:00,46434.09,46448.09,46408.59,46418.59,2830
2026-03-25T06:30:00+00:00,46418.59,46443.09,46398.09,46438.09,2924
2026-03-25T06:45:00+00:00,46438.09,46487.09,46435.59,46454.59,2403
2026-03-25T07:00:00+00:00,46454.59,46485.59,46422.59,46475.09,3949
2026-03-25T07:15:00+00:00,46475.09,46482.59,46418.09,46434.09,3732
2026-03-25T07:30:00+00:00,46434.09,46503.09,46430.09,46488.59,4186
2026-03-25T07:45:00+00:00,46488.59,46524.59,46481.09,46505.09,3777
2026-03-25T08:00:00+00:00,46505.09,46636.59,46495.09,46617.09,8784
2026-03-25T08:15:00+00:00,46617.09,46669.09,46609.09,46632.09,6926
2026-03-25T08:30:00+00:00,46632.09,46669.09,46565.59,46597.09,7911
2026-03-25T08:45:00+00:00,46597.09,46622.09,46478.59,46496.59,6546
2026-03-25T09:00:00+00:00,46496.59,46564.59,46466.09,46557.59,6544
2026-03-25T09:15:00+00:00,46557.59,46562.09,46467.09,46477.09,4850
2026-03-25T09:30:00+00:00,46477.09,46519.09,46463.09,46467.59,4499
2026-03-25T09:45:00+00:00,46467.59,46545.59,46420.59,46493.59,6078
2026-03-25T10:00:00+00:00,46493.59,46559.59,46490.09,46510.59,6221
2026-03-25T10:15:00+00:00,46510.59,46526.59,46480.59,46482.59,4205
2026-03-25T10:30:00+00:00,46482.59,46521.09,46473.59,46479.59,4019
2026-03-25T10:45:00+00:00,46479.59,46528.59,46474.09,46505.09,4119
2026-03-25T11:00:00+00:00,46505.09,46579.09,46504.09,46557.09,4612
2026-03-25T11:15:00+00:00,46557.09,46598.09,46538.59,46567.59,3696
2026-03-25T11:30:00+00:00,46567.59,46638.59,46567.59,46631.09,3770
2026-03-25T11:45:00+00:00,46631.09,46631.09,46500.09,46601.09,7772
2026-03-25T12:00:00+00:00,46601.09,46661.59,46601.09,46642.59,6601
2026-03-25T12:15:00+00:00,46642.59,46645.59,46410.59,46462.09,14994
2026-03-25T12:30:00+00:00,46462.09,46504.59,46369.09,46456.59,11675
2026-03-25T12:45:00+00:00,46456.59,46563.09,46429.09,46538.59,7921
2026-03-25T13:00:00+00:00,46538.59,46605.09,46503.59,46549.59,9187
2026-03-25T13:15:00+00:00,46549.59,46587.59,46528.59,46587.59,5854
2026-03-25T13:30:00+00:00,46587.59,46740.33,46523.83,46534.83,25124
2026-03-25T13:45:00+00:00,46534.83,46581.33,46372.33,46380.33,24113
2026-03-25T14:00:00+00:00,46380.33,46481.33,46314.83,46478.33,23274
2026-03-25T14:15:00+00:00,46478.33,46506.83,46364.33,46443.33,19368
2026-03-25T14:30:00+00:00,46443.33,46544.83,46414.33,46472.83,18403
2026-03-25T14:45:00+00:00,46472.83,46546.33,46464.83,46517.83,14886
2026-03-25T15:00:00+00:00,46517.83,46559.33,46339.83,46349.83,17490
2026-03-25T15:15:00+00:00,46349.83,46484.33,46185.83,46482.83,22966
2026-03-25T15:30:00+00:00,46482.83,46501.83,46354.83,46399.83,15768
2026-03-25T15:45:00+00:00,46399.83,46451.83,46379.83,46422.33,14371
2026-03-25T16:00:00+00:00,46422.33,46439.83,46358.83,46387.33,14538
2026-03-25T16:15:00+00:00,46387.33,46481.83,46340.83,46439.83,15284
2026-03-25T16:30:00+00:00,46439.83,46515.33,46411.83,46488.83,12390
2026-03-25T16:45:00+00:00,46488.83,46497.33,46421.83,46466.83,9818
2026-03-25T17:00:00+00:00,46466.83,46503.83,46422.83,46463.33,11045
2026-03-25T17:15:00+00:00,46463.33,46508.83,46414.83,46495.83,10734
2026-03-25T17:30:00+00:00,46495.83,46581.83,46459.83,46547.33,9990
2026-03-25T17:45:00+00:00,46547.33,46548.83,46436.33,46468.33,11117
2026-03-25T18:00:00+00:00,46468.33,46506.83,46448.83,46498.83,8917
2026-03-25T18:15:00+00:00,46498.83,46539.33,46454.33,46464.83,7792
2026-03-25T18:30:00+00:00,46464.83,46500.33,46443.33,46463.83,7621
2026-03-25T18:45:00+00:00,46463.83,46468.33,46357.33,46426.83,9770
2026-03-25T19:00:00+00:00,46426.83,46434.33,46374.83,46427.83,10331
2026-03-25T19:15:00+00:00,46427.83,46477.83,46424.83,46426.33,8058
2026-03-25T19:30:00+00:00,46426.33,46430.33,46366.33,46399.33,7828
2026-03-25T19:45:00+00:00,46399.33,46466.33,46389.33,46427.83,10844
2026-03-25T20:00:00+00:00,46427.83,46458.09,46421.59,46430.09,2868
2026-03-25T20:15:00+00:00,46430.09,46438.09,46383.59,46385.59,1764
2026-03-25T20:30:00+00:00,46385.59,46404.09,46378.09,46395.09,1332
2026-03-25T20:45:00+00:00,46395.09,46416.09,46391.09,46410.73,1060
2026-03-25T22:00:00+00:00,46410.73,46437.08,46369.08,46378.08,1928
2026-03-25T22:15:00+00:00,46378.08,46378.08,46339.58,46351.58,2286
2026-03-25T22:30:00+00:00,46351.58,46374.08,46351.58,46374.08,977
2026-03-25T22:45:00+00:00,46374.08,46382.08,46353.08,46357.08,1374
2026-03-25T23:00:00+00:00,46357.08,46379.58,46341.08,46345.08,1108
2026-03-25T23:15:00+00:00,46345.08,46347.08,46310.08,46330.08,1587
2026-03-25T23:30:00+00:00,46330.08,46337.58,46307.58,46307.58,1261
2026-03-25T23:45:00+00:00,46307.58,46365.58,46301.58,46358.58,1976
2026-03-26T00:00:00+00:00,46358.58,46375.58,46355.58,46375.58,2549
2026-03-26T00:15:00+00:00,46375.58,46457.08,46372.58,46421.58,2892
2026-03-26T00:30:00+00:00,46421.58,46441.58,46407.58,46407.58,1622
2026-03-26T00:45:00+00:00,46407.58,46414.58,46346.58,46370.08,3193
2026-03-26T01:00:00+00:00,46370.08,46408.08,46370.08,46381.08,4248
2026-03-26T01:15:00+00:00,46381.08,46386.08,46347.58,46368.08,4058
2026-03-26T01:30:00+00:00,46368.08,46390.08,46359.58,46366.58,4055
2026-03-26T01:45:00+00:00,46366.58,46382.58,46359.58,46377.58,3081
2026-03-26T02:00:00+00:00,46377.58,46400.08,46363.08,46375.58,3136
2026-03-26T02:15:00+00:00,46375.58,46388.58,46338.08,46344.58,3235
2026-03-26T02:30:00+00:00,46344.58,46352.58,46240.58,46292.58,5256
2026-03-26T02:45:00+00:00,46292.58,46313.08,46280.08,46284.58,2803
2026-03-26T03:00:00+00:00,46284.58,46313.58,46273.58,46310.58,2048
2026-03-26T03:15:00+00:00,46310.58,46337.08,46297.58,46330.58,2099
2026-03-26T03:30:00+00:00,46330.58,46437.58,46328.58,46427.58,3935
2026-03-26T03:45:00+00:00,46427.58,46431.08,46387.08,46397.58,1984
2026-03-26T04:00:00+00:00,46397.58,46404.08,46369.58,46380.58,2225
2026-03-26T04:15:00+00:00,46380.58,46385.58,46360.58,46369.08,1611
2026-03-26T04:30:00+00:00,46369.08,46374.58,46357.58,46358.58,1348
2026-03-26T04:45:00+00:00,46358.58,46362.58,46315.08,46323.08,2044
2026-03-26T05:00:00+00:00,46323.08,46344.08,46290.58,46305.58,3371
2026-03-26T05:15:00+00:00,46305.58,46313.08,46250.58,46264.08,3118
2026-03-26T05:30:00+00:00,46264.08,46295.08,46253.58,46266.08,2975
2026-03-26T05:45:00+00:00,46266.08,46269.08,46230.08,46233.08,2316
2026-03-26T06:00:00+00:00,46233.08,46253.09,46216.59,46232.59,3792
2026-03-26T06:15:00+00:00,46232.59,46286.59,46213.09,46279.09,3876
2026-03-26T06:30:00+00:00,46279.09,46290.09,46254.59,46272.59,3832
2026-03-26T06:45:00+00:00,46272.59,46293.09,46259.59,46285.59,1866
2026-03-26T07:00:00+00:00,46285.59,46292.59,46206.09,46229.59,4794
2026-03-26T07:15:00+00:00,46229.59,46277.09,46156.09,46231.59,5023
2026-03-26T07:30:00+00:00,46231.59,46264.09,46209.59,46230.09,2739
2026-03-26T07:45:00+00:00,46230.09,46267.59,46230.09,46249.09,3165
2026-03-26T08:00:00+00:00,46249.09,46316.59,46205.09,46208.59,6961
2026-03-26T08:15:00+00:00,46208.59,46250.09,46188.59,46191.09,6188
2026-03-26T08:30:00+00:00,46191.09,46220.59,46133.59,46137.59,6328
2026-03-26T08:45:00+00:00,46137.59,46209.09,46131.09,46190.09,5163
2026-03-26T09:00:00+00:00,46190.09,46216.09,46128.09,46157.09,6320
2026-03-26T09:15:00+00:00,46157.09,46168.09,46111.59,46116.59,5313
2026-03-26T09:30:00+00:00,46116.59,46116.59,46049.59,46086.09,6382
2026-03-26T09:45:00+00:00,46086.09,46127.09,46067.09,46105.59,4499
2026-03-26T10:00:00+00:00,46105.59,46165.59,46068.59,46147.59,5116
2026-03-26T10:15:00+00:00,46147.59,46177.09,46122.59,46167.59,4119
2026-03-26T10:30:00+00:00,46167.59,46190.09,46093.09,46102.59,5271
2026-03-26T10:45:00+00:00,46102.59,46134.59,46093.59,46116.09,4246
2026-03-26T11:00:00+00:00,46116.09,46148.59,46100.59,46120.59,4138
2026-03-26T11:15:00+00:00,46120.59,46134.59,46064.09,46090.09,4250
2026-03-26T11:30:00+00:00,46090.09,46100.09,46057.09,46073.09,4332
2026-03-26T11:45:00+00:00,46073.09,46088.59,46030.59,46033.09,3889
2026-03-26T12:00:00+00:00,46033.09,46120.09,45984.59,46111.09,5879
2026-03-26T12:15:00+00:00,46111.09,46127.09,46076.59,46090.59,4407
2026-03-26T12:30:00+00:00,46090.59,46090.59,46001.09,46037.09,7281
2026-03-26T12:45:00+00:00,46037.09,46079.59,46037.09,46078.09,5426
2026-03-26T13:00:00+00:00,46078.09,46135.59,46073.09,46111.09,6164
2026-03-26T13:15:00+00:00,46111.09,46164.09,46098.09,46163.09,5526
2026-03-26T13:30:00+00:00,46163.09,46381.83,46143.83,46381.83,27258
2026-03-26T13:45:00+00:00,46381.83,46518.83,46373.33,46513.83,23855
2026-03-26T14:00:00+00:00,46513.83,46519.83,46395.33,46479.83,23684
2026-03-26T14:15:00+00:00,46479.83,46527.83,46444.33,46448.33,17899
2026-03-26T14:30:00+00:00,46448.33,46551.83,46371.83,46395.83,21608
2026-03-26T14:45:00+00:00,46395.83,46438.83,46240.83,46325.83,23515
2026-03-26T15:00:00+00:00,46325.83,46389.33,46321.33,46337.83,20353
2026-03-26T15:15:00+00:00,46337.83,46350.83,46275.33,46277.83,14067
2026-03-26T15:30:00+00:00,46277.83,46277.83,46195.33,46200.33,12405
2026-03-26T15:45:00+00:00,46200.33,46266.33,46171.33,46214.83,14492
2026-03-26T16:00:00+00:00,46214.83,46242.83,46185.83,46218.83,10048
2026-03-26T16:15:00+00:00,46218.83,46218.83,46035.33,46054.33,13644
2026-03-26T16:30:00+00:00,46054.33,46096.33,46013.33,46086.33,12735
2026-03-26T16:45:00+00:00,46086.33,46104.33,46053.33,46098.33,10030
2026-03-26T17:00:00+00:00,46098.33,46138.33,46059.33,46059.33,9442
2026-03-26T17:15:00+00:00,46059.33,46076.33,45966.33,46010.33,9825
2026-03-26T17:30:00+00:00,46010.33,46052.33,45995.83,46007.33,8969
2026-03-26T17:45:00+00:00,46007.33,46021.33,45936.33,45949.33,10121
2026-03-26T18:00:00+00:00,45949.33,46020.33,45947.83,46012.83,10685
2026-03-26T18:15:00+00:00,46012.83,46013.33,45971.83,45992.33,8989
2026-03-26T18:30:00+00:00,45992.33,46050.33,45992.33,46026.33,7864
2026-03-26T18:45:00+00:00,46026.33,46057.83,46006.33,46036.33,7259
2026-03-26T19:00:00+00:00,46036.33,46042.33,45925.83,45955.33,8678
2026-03-26T19:15:00+00:00,45955.33,45989.33,45932.83,45950.33,7902
2026-03-26T19:30:00+00:00,45950.33,45965.33,45894.33,45924.33,8716
2026-03-26T19:45:00+00:00,45924.33,45966.33,45912.83,45936.33,9304
2026-03-26T20:00:00+00:00,45936.33,46466.09,45887.09,46160.09,10089
2026-03-26T20:15:00+00:00,46160.09,46209.09,46009.09,46095.09,14693
2026-03-26T20:30:00+00:00,46095.09,46132.59,46082.09,46109.59,6665
2026-03-26T20:45:00+00:00,46109.59,46112.09,46022.59,46025.23,3958
2026-03-26T22:00:00+00:00,46025.23,46103.08,46025.23,46101.58,4804
2026-03-26T22:15:00+00:00,46101.58,46107.08,46040.58,46070.58,3102
2026-03-26T22:30:00+00:00,46070.58,46114.08,46047.08,46084.08,3722
2026-03-26T22:45:00+00:00,46084.08,46135.08,46065.08,46112.58,3248
2026-03-26T23:00:00+00:00,46112.58,46131.08,46095.08,46102.08,2177
2026-03-26T23:15:00+00:00,46102.08,46127.08,46088.58,46103.08,1499
2026-03-26T23:30:00+00:00,46103.08,46163.08,46102.58,46151.58,1427
2026-03-26T23:45:00+00:00,46151.58,46175.58,46144.08,46166.58,2030
2026-03-27T00:00:00+00:00,46166.58,46209.08,46164.08,46164.58,3150
2026-03-27T00:15:00+00:00,46164.58,46166.08,46060.58,46086.08,6787
2026-03-27T00:30:00+00:00,46086.08,46110.58,46041.08,46054.58,4911
2026-03-27T00:45:00+00:00,46054.58,46068.58,46038.58,46049.08,4470
2026-03-27T01:00:00+00:00,46049.08,46111.58,46030.58,46100.08,4716
2026-03-27T01:15:00+00:00,46100.08,46124.58,46091.08,46123.58,3680
2026-03-27T01:30:00+00:00,46123.58,46134.58,46108.58,46112.58,3455
2026-03-27T01:45:00+00:00,46112.58,46123.58,46087.58,46123.58,2421
2026-03-27T02:00:00+00:00,46123.58,46142.58,46121.08,46123.58,2680
2026-03-27T02:15:00+00:00,46123.58,46123.58,46079.58,46099.58,2432
2026-03-27T02:30:00+00:00,46099.58,46124.58,46090.58,46094.08,1988
2026-03-27T02:45:00+00:00,46094.08,46105.58,46068.58,46072.58,1815
2026-03-27T03:00:00+00:00,46072.58,46091.08,46054.08,46068.58,2205
2026-03-27T03:15:00+00:00,46068.58,46071.58,46057.58,46067.58,1592
2026-03-27T03:30:00+00:00,46067.58,46132.58,46067.58,46115.58,2382
2026-03-27T03:45:00+00:00,46115.58,46133.58,46106.08,46131.58,1547
2026-03-27T04:00:00+00:00,46131.58,46131.58,46102.58,46111.58,1574
2026-03-27T04:15:00+00:00,46111.58,46133.58,46111.58,46124.58,1151
2026-03-27T04:30:00+00:00,46124.58,46137.58,46120.58,46132.08,1254
2026-03-27T04:45:00+00:00,46132.08,46152.58,46129.58,46146.08,1292
2026-03-27T05:00:00+00:00,46146.08,46219.58,46146.08,46216.58,2572
2026-03-27T05:15:00+00:00,46216.58,46227.58,46169.58,46191.08,2809
2026-03-27T05:30:00+00:00,46191.08,46204.08,46176.58,46192.58,2351
2026-03-27T05:45:00+00:00,46192.58,46209.58,46178.58,46181.58,1718
2026-03-27T06:00:00+00:00,46181.58,46191.09,46160.59,46180.59,3108
2026-03-27T06:15:00+00:00,46180.59,46222.09,46180.59,46206.09,2813
2026-03-27T06:30:00+00:00,46206.09,46206.09,46150.09,46158.59,2669
2026-03-27T06:45:00+00:00,46158.59,46161.09,46114.09,46131.09,2003
2026-03-27T07:00:00+00:00,46131.09,46133.09,46086.59,46104.09,3067
2026-03-27T07:15:00+00:00,46104.09,46104.09,46053.59,46059.09,2176
2026-03-27T07:30:00+00:00,46059.09,46084.09,46044.09,46067.09,3314
2026-03-27T07:45:00+00:00,46067.09,46102.59,46060.09,46079.59,3639
2026-03-27T08:00:00+00:00,46079.59,46104.59,46000.09,46015.59,9272
2026-03-27T08:15:00+00:00,46015.59,46035.59,45936.09,45946.59,6862
2026-03-27T08:30:00+00:00,45946.59,45991.09,45917.09,45944.09,6252
2026-03-27T08:45:00+00:00,45944.09,45974.09,45921.09,45927.09,5007
2026-03-27T09:00:00+00:00,45927.09,45947.09,45831.09,45880.59,7032
2026-03-27T09:15:00+00:00,45880.59,45961.59,45872.59,45944.59,6479
2026-03-27T09:30:00+00:00,45944.59,45971.59,45909.59,45934.59,5605
2026-03-27T09:45:00+00:00,45934.59,45934.59,45850.09,45862.09,4566
2026-03-27T10:00:00+00:00,45862.09,45923.09,45842.59,45871.09,5594
2026-03-27T10:15:00+00:00,45871.09,45908.09,45862.09,45876.09,4168
2026-03-27T10:30:00+00:00,45876.09,45898.09,45793.09,45822.59,5429
2026-03-27T10:45:00+00:00,45822.59,45832.09,45760.09,45772.09,5244
2026-03-27T11:00:00+00:00,45772.09,45780.09,45715.09,45745.09,6989
2026-03-27T11:15:00+00:00,45745.09,45788.59,45735.09,45787.09,4957
2026-03-27T11:30:00+00:00,45787.09,45802.09,45753.09,45795.59,4220
2026-03-27T11:45:00+00:00,45795.59,45845.09,45786.59,45797.09,5269
2026-03-27T12:00:00+00:00,45797.09,45806.09,45732.09,45751.59,5470
2026-03-27T12:15:00+00:00,45751.59,45796.59,45745.09,45764.59,5367
2026-03-27T12:30:00+00:00,45764.59,45797.59,45737.59,45776.59,4927
2026-03-27T12:45:00+00:00,45776.59,45782.59,45732.59,45739.09,6370
2026-03-27T13:00:00+00:00,45739.09,45747.09,45656.59,45679.09,7474
2026-03-27T13:15:00+00:00,45679.09,45762.09,45678.59,45729.09,5967
2026-03-27T13:30:00+00:00,45729.09,45738.33,45478.33,45537.83,31855
2026-03-27T13:45:00+00:00,45537.83,45665.33,45414.83,45464.23,21710
2026-03-27T14:00:00+00:00,45464.23,45531.83,45419.33,45504.33,26054
2026-03-27T14:15:00+00:00,45504.33,45607.83,45490.33,45492.33,23527
2026-03-27T14:30:00+00:00,45492.33,45551.83,45485.33,45529.83,17682
2026-03-27T14:45:00+00:00,45529.83,45618.33,45469.83,45586.33,19712
2026-03-27T15:00:00+00:00,45586.33,45675.83,45529.33,45562.33,18615
2026-03-27T15:15:00+00:00,45562.33,45686.33,45497.33,45611.83,18350
2026-03-27T15:30:00+00:00,45611.83,45714.33,45586.83,45612.33,19097
2026-03-27T15:45:00+00:00,45612.33,45664.83,45527.33,45543.33,15836
2026-03-27T16:00:00+00:00,45543.33,45553.33,45406.33,45464.33,14746
2026-03-27T16:15:00+00:00,45464.33,45492.33,45416.33,45453.33,13236
2026-03-27T16:30:00+00:00,45453.33,45462.33,45396.33,45422.33,13481
2026-03-27T16:45:00+00:00,45422.33,45503.33,45411.33,45457.33,12663
2026-03-27T17:00:00+00:00,45457.33,45549.33,45418.33,45439.33,12993
2026-03-27T17:15:00+00:00,45439.33,45444.33,45337.33,45341.33,10776
2026-03-27T17:30:00+00:00,45341.33,45364.83,45312.33,45318.33,11996
2026-03-27T17:45:00+00:00,45318.33,45340.33,45262.33,45267.33,10610
2026-03-27T18:00:00+00:00,45267.33,45282.33,45179.33,45199.33,9956
2026-03-27T18:15:00+00:00,45199.33,45256.33,45182.33,45207.33,12498
2026-03-27T18:30:00+00:00,45207.33,45288.33,45198.33,45238.33,10639
2026-03-27T18:45:00+00:00,45238.33,45260.33,45199.33,45214.83,8980
2026-03-27T19:00:00+00:00,45214.83,45232.33,45146.33,45182.33,9669
2026-03-27T19:15:00+00:00,45182.33,45212.33,45161.33,45177.33,10105
2026-03-27T19:30:00+00:00,45177.33,45201.33,45088.33,45097.33,10489
2026-03-27T19:45:00+00:00,45097.33,45180.33,45038.33,45123.83,18628
2026-03-27T20:00:00+00:00,45123.83,45146.59,45055.09,45071.59,6907
2026-03-27T20:15:00+00:00,45071.59,45076.09,44997.09,45040.09,4508
2026-03-27T20:30:00+00:00,45040.09,45066.59,45022.59,45043.73,2672
2026-03-29T22:00:00+00:00,45043.73,45043.73,44798.23,44889.98,5040
2026-03-29T22:15:00+00:00,44889.98,44958.48,44880.48,44917.48,6016
2026-03-29T22:30:00+00:00,44917.48,44946.98,44868.48,44868.98,4495
2026-03-29T22:45:00+00:00,44868.98,44946.98,44838.48,44937.98,5432
2026-03-29T23:00:00+00:00,44937.98,44975.98,44880.98,44885.48,4474
2026-03-29T23:15:00+00:00,44885.48,44921.48,44884.48,44897.48,2721
2026-03-29T23:30:00+00:00,44897.48,44898.98,44855.98,44872.98,4039
2026-03-29T23:45:00+00:00,44872.98,44898.48,44825.98,44864.48,9564
2026-03-30T00:00:00+00:00,44864.48,44890.98,44808.98,44854.98,10591
2026-03-30T00:15:00+00:00,44854.98,45026.48,44837.48,44956.48,18731
2026-03-30T00:30:00+00:00,44956.48,44968.98,44856.98,44865.48,14698
2026-03-30T00:45:00+00:00,44865.48,44884.48,44823.48,44867.98,10962
2026-03-30T01:00:00+00:00,44867.98,44908.98,44859.48,44879.98,11342
2026-03-30T01:15:00+00:00,44879.98,44906.48,44847.48,44902.48,10252
2026-03-30T01:30:00+00:00,44902.48,44957.48,44895.48,44955.98,7812
2026-03-30T01:45:00+00:00,44955.98,44971.48,44940.48,44965.98,6235
2026-03-30T02:00:00+00:00,44965.98,44999.48,44951.48,44979.98,6398
2026-03-30T02:15:00+00:00,44979.98,44980.48,44933.48,44952.48,5983
2026-03-30T02:30:00+00:00,44952.48,45023.48,44949.98,45017.48,4624
2026-03-30T02:45:00+00:00,45017.48,45087.98,45011.98,45058.98,5877
2026-03-30T03:00:00+00:00,45058.98,45122.48,45052.48,45098.98,4622
2026-03-30T03:15:00+00:00,45098.98,45145.98,45094.98,45125.48,4024
2026-03-30T03:30:00+00:00,45125.48,45129.98,45101.98,45126.98,3742
2026-03-30T03:45:00+00:00,45126.98,45127.98,45097.48,45114.98,3793
2026-03-30T04:00:00+00:00,45114.98,45147.48,45103.48,45129.48,2658
2026-03-30T04:15:00+00:00,45129.48,45165.48,45121.98,45152.48,2197
2026-03-30T04:30:00+00:00,45152.48,45167.98,45121.98,45127.48,2472
2026-03-30T04:45:00+00:00,45127.48,45130.48,45107.98,45114.98,1737
2026-03-30T05:00:00+00:00,45114.98,45187.98,45113.98,45155.98,3302
2026-03-30T05:15:00+00:00,45155.98,45185.48,45151.98,45159.48,2870
2026-03-30T05:30:00+00:00,45159.48,45178.48,45143.48,45149.48,3068
2026-03-30T05:45:00+00:00,45149.48,45183.48,45136.48,45166.48,3466
2026-03-30T06:00:00+00:00,45166.48,45217.48,45158.48,45186.48,5052
2026-03-30T06:15:00+00:00,45186.48,45228.98,45186.48,45197.98,4062
2026-03-30T06:30:00+00:00,45197.98,45251.48,45191.48,45245.48,3540
2026-03-30T06:45:00+00:00,45245.48,45294.48,45232.98,45247.98,3259
2026-03-30T07:00:00+00:00,45247.98,45285.48,45215.48,45265.48,5415
2026-03-30T07:15:00+00:00,45265.48,45272.48,45219.98,45237.48,4947
2026-03-30T07:30:00+00:00,45237.48,45285.48,45214.98,45278.48,5609
2026-03-30T07:45:00+00:00,45278.48,45336.48,45276.48,45322.98,4093
2026-03-30T08:00:00+00:00,45322.98,45357.98,45276.48,45346.98,6661
2026-03-30T08:15:00+00:00,45346.98,45378.98,45327.98,45356.48,4903
2026-03-30T08:30:00+00:00,45356.48,45389.48,45339.48,45352.48,4613
2026-03-30T08:45:00+00:00,45352.48,45389.98,45334.98,45379.48,3794
2026-03-30T09:00:00+00:00,45379.48,45391.98,45333.48,45339.48,4238
2026-03-30T09:15:00+00:00,45339.48,45364.98,45293.48,45311.98,5096
2026-03-30T09:30:00+00:00,45311.98,45340.48,45282.98,45318.48,4390
2026-03-30T09:45:00+00:00,45318.48,45336.48,45301.48,45323.98,3881
2026-03-30T10:00:00+00:00,45323.98,45354.48,45308.98,45327.98,4034
2026-03-30T10:15:00+00:00,45327.98,45367.98,45314.48,45348.48,3036
2026-03-30T10:30:00+00:00,45348.48,45348.48,45307.48,45323.48,3437
2026-03-30T10:45:00+00:00,45323.48,45388.48,45322.98,45387.98,3385
2026-03-30T11:00:00+00:00,45387.98,45421.48,45386.48,45396.48,3938
2026-03-30T11:15:00+00:00,45396.48,45661.98,45389.48,45479.48,10816
2026-03-30T11:30:00+00:00,45479.48,45507.98,45405.98,45457.98,13204
2026-03-30T11:45:00+00:00,45457.98,45485.98,45420.98,45443.48,6961
2026-03-30T12:00:00+00:00,45443.48,45468.48,45400.48,45453.98,5886
2026-03-30T12:15:00+00:00,45453.98,45523.98,45436.98,45508.98,5653
2026-03-30T12:30:00+00:00,45508.98,45537.98,45495.48,45523.48,5427
2026-03-30T12:45:00+00:00,45523.48,45532.98,45490.48,45518.48,3758
2026-03-30T13:00:00+00:00,45518.48,45555.98,45467.48,45514.48,5876
2026-03-30T13:15:00+00:00,45514.48,45575.98,45501.48,45572.98,4576
2026-03-30T13:30:00+00:00,45572.98,45615.83,45414.33,45438.83,34472
2026-03-30T13:45:00+00:00,45438.83,45483.83,45273.33,45307.83,30845
2026-03-30T14:00:00+00:00,45307.83,45423.33,45301.33,45381.83,26847
2026-03-30T14:15:00+00:00,45381.83,45420.33,45312.33,45411.33,26117
2026-03-30T14:30:00+00:00,45411.33,45459.83,45335.33,45341.33,28053
2026-03-30T14:45:00+00:00,45341.33,45542.33,45316.83,45525.83,34240
2026-03-30T15:00:00+00:00,45525.83,45600.33,45462.33,45487.83,21094
2026-03-30T15:15:00+00:00,45487.83,45541.33,45425.83,45496.33,17369
2026-03-30T15:30:00+00:00,45496.33,45610.83,45467.33,45598.83,17837
2026-03-30T15:45:00+00:00,45598.83,45626.33,45535.83,45560.83,15306
2026-03-30T16:00:00+00:00,45560.83,45567.83,45457.33,45513.83,13284
2026-03-30T16:15:00+00:00,45513.83,45516.33,45436.33,45444.33,11230
2026-03-30T16:30:00+00:00,45444.33,45489.33,45432.83,45443.33,11374
2026-03-30T16:45:00+00:00,45443.33,45443.33,45379.83,45399.83,9584
2026-03-30T17:00:00+00:00,45399.83,45440.83,45352.33,45359.33,10768
2026-03-30T17:15:00+00:00,45359.33,45369.83,45271.33,45292.33,13146
2026-03-30T17:30:00+00:00,45292.33,45353.33,45227.83,45346.83,13151
2026-03-30T17:45:00+00:00,45346.83,45372.83,45285.33,45312.83,11828
2026-03-30T18:00:00+00:00,45312.83,45338.93000000001,45273.43000000001,45327.43000000001,10441.845422455022
2026-03-30T18:15:00+00:00,45327.43000000001,45359.93000000001,45261.93000000001,45263.93000000001,10235
2026-03-30T18:30:00+00:00,45263.93000000001,45327.93000000001,45260.43000000001,45280.43000000001,8640
2026-03-30T18:45:00+00:00,45280.43000000001,45298.93000000001,45209.93000000001,45235.43000000001,8142
2026-03-30T19:00:00+00:00,45235.43000000001,45254.93000000001,45074.43000000001,45097.43000000001,11856
2026-03-30T19:15:00+00:00,45097.43000000001,45123.93000000001,45052.93000000001,45071.93000000001,11153
2026-03-30T19:30:00+00:00,45071.93000000001,45180.43000000001,45059.43000000001,45153.43000000001,13147
2026-03-30T19:45:00+00:00,45153.43000000001,45269.43000000001,45148.93000000001,45208.93000000001,19839
2026-03-30T20:00:00+00:00,45208.93000000001,45214.08000000001,45149.58000000001,45158.08000000001,4107
2026-03-30T20:15:00+00:00,45158.08000000001,45183.58000000001,45153.58000000001,45177.08000000001,1534
2026-03-30T20:30:00+00:00,45177.08000000001,45179.58000000001,45161.58000000001,45177.08000000001,710
2026-03-30T20:45:00+00:00,45177.08000000001,45200.33000000001,45173.08000000001,45199.83000000001,897
2026-03-30T22:00:00+00:00,45199.83000000001,45270.58000000001,45199.83000000001,45232.08000000001,2332
2026-03-30T22:15:00+00:00,45232.08000000001,45252.08000000001,45227.08000000001,45246.58000000001,1305
2026-03-30T22:30:00+00:00,45246.58000000001,45249.58000000001,45224.58000000001,45234.58000000001,1400
2026-03-30T22:45:00+00:00,45234.58000000001,45253.58000000001,45220.58000000001,45231.08000000001,1409
2026-03-30T23:00:00+00:00,45231.08000000001,45231.58000000001,45117.58000000001,45141.58000000001,4736
2026-03-30T23:15:00+00:00,45141.58000000001,45171.58000000001,45130.08000000001,45147.08000000001,2388
2026-03-30T23:30:00+00:00,45147.08000000001,45152.08000000001,45116.58000000001,45141.58000000001,2302
2026-03-30T23:45:00+00:00,45141.58000000001,45158.08000000001,45127.58000000001,45156.58000000001,2509
2026-03-31T00:00:00+00:00,45156.58000000001,45201.58000000001,45101.58000000001,45117.08000000001,7108
2026-03-31T00:15:00+00:00,45117.08000000001,45127.08000000001,45041.08000000001,45118.58000000001,6876
2026-03-31T00:30:00+00:00,45118.58000000001,45314.08000000001,45092.08000000001,45314.08000000001,11812
2026-03-31T00:45:00+00:00,45314.08000000001,45533.58000000001,45304.08000000001,45445.08000000001,19777
2026-03-31T01:00:00+00:00,45445.08000000001,45476.08000000001,45353.08000000001,45392.58000000001,11466
2026-03-31T01:15:00+00:00,45392.58000000001,45598.58000000001,45386.08000000001,45581.58000000001,11646
2026-03-31T01:30:00+00:00,45581.58000000001,45698.08000000001,45580.08000000001,45657.58000000001,14198
2026-03-31T01:45:00+00:00,45657.58000000001,45665.58000000001,45602.08000000001,45610.58000000001,10585
2026-03-31T02:00:00+00:00,45610.58000000001,45638.58000000001,45583.08000000001,45632.08000000001,7546
2026-03-31T02:15:00+00:00,45632.08000000001,45672.08000000001,45623.58000000001,45653.08000000001,7885
2026-03-31T02:30:00+00:00,45653.08000000001,45690.08000000001,45638.58000000001,45686.58000000001,5996
2026-03-31T02:45:00+00:00,45686.58000000001,45736.08000000001,45675.08000000001,45679.08000000001,5983
2026-03-31T03:00:00+00:00,45679.08000000001,45720.08000000001,45657.58000000001,45689.08000000001,4661
2026-03-31T03:15:00+00:00,45689.08000000001,45694.08000000001,45649.08000000001,45659.58000000001,3880
2026-03-31T03:30:00+00:00,45659.58000000001,45676.58000000001,45636.58000000001,45640.08000000001,4120
2026-03-31T03:45:00+00:00,45640.08000000001,45663.08000000001,45619.08000000001,45621.08000000001,3122
2026-03-31T04:00:00+00:00,45621.08000000001,45654.08000000001,45620.58000000001,45642.08000000001,3106
2026-03-31T04:15:00+00:00,45642.08000000001,45657.08000000001,45601.08000000001,45611.58000000001,3306
2026-03-31T04:30:00+00:00,45611.58000000001,45637.08000000001,45600.08000000001,45622.08000000001,3585
2026-03-31T04:45:00+00:00,45622.08000000001,45637.58000000001,45574.08000000001,45589.08000000001,3220
2026-03-31T05:00:00+00:00,45589.08000000001,45591.58000000001,45527.58000000001,45532.08000000001,3600
2026-03-31T05:15:00+00:00,45532.08000000001,45610.08000000001,45516.08000000001,45586.08000000001,5017
2026-03-31T05:30:00+00:00,45586.08000000001,45632.08000000001,45581.08000000001,45620.08000000001,4761
2026-03-31T05:45:00+00:00,45620.08000000001,45652.58000000001,45610.08000000001,45620.58000000001,5359
2026-03-31T06:00:00+00:00,45620.58000000001,45625.58000000001,45552.08000000001,45563.58000000001,6436
2026-03-31T06:15:00+00:00,45563.58000000001,45625.08000000001,45553.58000000001,45586.08000000001,6651
2026-03-31T06:30:00+00:00,45586.08000000001,45605.08000000001,45542.58000000001,45550.58000000001,7354
2026-03-31T06:45:00+00:00,45550.58000000001,45603.58000000001,45537.58000000001,45573.58000000001,5230
2026-03-31T07:00:00+00:00,45573.58000000001,45597.58000000001,45510.08000000001,45533.08000000001,9235
2026-03-31T07:15:00+00:00,45533.08000000001,45569.08000000001,45504.08000000001,45562.08000000001,7722
2026-03-31T07:30:00+00:00,45562.08000000001,45685.08000000001,45562.08000000001,45677.08000000001,7126
2026-03-31T07:45:00+00:00,45677.08000000001,45732.08000000001,45674.08000000001,45727.08000000001,6062
2026-03-31T08:00:00+00:00,45727.08000000001,45730.08000000001,45640.58000000001,45650.58000000001,7759
2026-03-31T08:15:00+00:00,45650.58000000001,45683.08000000001,45632.08000000001,45639.58000000001,5643
2026-03-31T08:30:00+00:00,45639.58000000001,45649.58000000001,45599.58000000001,45612.08000000001,5285
2026-03-31T08:45:00+00:00,45612.08000000001,45646.08000000001,45573.08000000001,45601.58000000001,6823
2026-03-31T09:00:00+00:00,45601.58000000001,45678.08000000001,45598.58000000001,45636.58000000001,5704
2026-03-31T09:15:00+00:00,45636.58000000001,45673.58000000001,45616.08000000001,45623.08000000001,4960
2026-03-31T09:30:00+00:00,45623.08000000001,45653.58000000001,45587.58000000001,45629.08000000001,6564
2026-03-31T09:45:00+00:00,45629.08000000001,45655.08000000001,45572.08000000001,45598.08000000001,5724
2026-03-31T10:00:00+00:00,45598.08000000001,45651.58000000001,45596.08000000001,45617.58000000001,5765
2026-03-31T10:15:00+00:00,45617.58000000001,45626.58000000001,45574.58000000001,45612.08000000001,4364
2026-03-31T10:30:00+00:00,45612.08000000001,45621.08000000001,45481.08000000001,45495.58000000001,6637
2026-03-31T10:45:00+00:00,45495.58000000001,45590.08000000001,45488.08000000001,45577.58000000001,5370
2026-03-31T11:00:00+00:00,45577.58000000001,45824.08000000001,45552.58000000001,45686.58000000001,13622
2026-03-31T11:15:00+00:00,45686.58000000001,45761.58000000001,45666.08000000001,45691.08000000001,15626
2026-03-31T11:30:00+00:00,45691.08000000001,45740.08000000001,45651.58000000001,45738.08000000001,7998
2026-03-31T11:45:00+00:00,45738.08000000001,45739.08000000001,45654.08000000001,45707.58000000001,9121
2026-03-31T12:00:00+00:00,45707.58000000001,45809.58000000001,45621.08000000001,45630.58000000001,11526
2026-03-31T12:15:00+00:00,45630.58000000001,45776.58000000001,45590.08000000001,45735.58000000001,12356
2026-03-31T12:30:00+00:00,45735.58000000001,45790.08000000001,45721.58000000001,45767.08000000001,8677
2026-03-31T12:45:00+00:00,45767.08000000001,45770.08000000001,45684.83000000001,45687.58000000001,6660
2026-03-31T13:00:00+00:00,45687.58000000001,45723.58000000001,45656.58000000001,45675.58000000001,7004
2026-03-31T13:15:00+00:00,45675.58000000001,45725.58000000001,45658.08000000001,45702.08000000001,5954
2026-03-31T13:30:00+00:00,45702.08000000001,45768.93000000001,45532.93000000001,45634.93000000001,41713
2026-03-31T13:45:00+00:00,45634.93000000001,45866.43000000001,45633.93000000001,45864.43000000001,32455
2026-03-31T14:00:00+00:00,45864.43000000001,45889.93000000001,45758.43000000001,45765.43000000001,30276
2026-03-31T14:15:00+00:00,45765.43000000001,45798.43000000001,45655.93000000001,45786.93000000001,30057
2026-03-31T14:30:00+00:00,45786.93000000001,45798.93000000001,45593.93000000001,45615.43000000001,25159
2026-03-31T14:45:00+00:00,45615.43000000001,45624.93000000001,45478.43000000001,45523.93000000001,28462
2026-03-31T15:00:00+00:00,45523.93000000001,45813.43000000001,45523.43000000001,45806.93000000001,25084
2026-03-31T15:15:00+00:00,45806.93000000001,45835.93000000001,45678.93000000001,45688.93000000001,24859
2026-03-31T15:30:00+00:00,45688.93000000001,45741.43000000001,45636.43000000001,45714.43000000001,24840
2026-03-31T15:45:00+00:00,45714.43000000001,45733.93000000001,45627.93000000001,45635.93000000001,17411
2026-03-31T16:00:00+00:00,45635.93000000001,45739.93000000001,45615.93000000001,45713.93000000001,18803
2026-03-31T16:15:00+00:00,45713.93000000001,45806.93000000001,45702.93000000001,45764.43000000001,14101
2026-03-31T16:30:00+00:00,45764.43000000001,46333.43000000001,45732.43000000001,46114.93000000001,57229
2026-03-31T16:45:00+00:00,46114.93000000001,46157.43000000001,45939.43000000001,46083.93000000001,64856
2026-03-31T17:00:00+00:00,46083.93000000001,46203.93000000001,46056.93000000001,46144.43000000001,38778
2026-03-31T17:15:00+00:00,46144.43000000001,46218.43000000001,46121.43000000001,46133.43000000001,27341
2026-03-31T17:30:00+00:00,46133.43000000001,46237.93000000001,46094.93000000001,46129.93000000001,34749
2026-03-31T17:45:00+00:00,46129.93000000001,46193.43000000001,46114.93000000001,46130.93000000001,20834
2026-03-31T18:00:00+00:00,46130.93000000001,46244.43000000001,46130.93000000001,46211.93000000001,20016
2026-03-31T18:15:00+00:00,46211.93000000001,46254.93000000001,46158.93000000001,46206.93000000001,17015
2026-03-31T18:30:00+00:00,46206.93000000001,46274.93000000001,46175.43000000001,46226.93000000001,16659
2026-03-31T18:45:00+00:00,46226.93000000001,46284.43000000001,46206.43000000001,46255.93000000001,10905
2026-03-31T19:00:00+00:00,46255.93000000001,46281.93000000001,46190.43000000001,46250.93000000001,12541
2026-03-31T19:15:00+00:00,46250.93000000001,46295.93000000001,46236.43000000001,46257.93000000001,11934
2026-03-31T19:30:00+00:00,46257.93000000001,46353.43000000001,46253.43000000001,46328.43000000001,13376
2026-03-31T19:45:00+00:00,46328.43000000001,46398.43000000001,46247.93000000001,46331.93000000001,27170
2026-03-31T20:00:00+00:00,46331.93000000001,46370.58000000001,46299.08000000001,46369.08000000001,12242
2026-03-31T20:15:00+00:00,46369.08000000001,46394.08000000001,46352.58000000001,46371.58000000001,3219
2026-03-31T20:30:00+00:00,46371.58000000001,46377.08000000001,46319.58000000001,46325.58000000001,2720
2026-03-31T20:45:00+00:00,46325.58000000001,46336.08000000001,46308.08000000001,46317.83000000001,2369
2026-03-31T22:00:00+00:00,46317.83000000001,46349.08000000001,46274.83000000001,46340.08000000001,2893
2026-03-31T22:15:00+00:00,46340.08000000001,46344.08000000001,46296.08000000001,46318.08000000001,3599
2026-03-31T22:30:00+00:00,46318.08000000001,46330.08000000001,46296.08000000001,46317.58000000001,1409
2026-03-31T22:45:00+00:00,46317.58000000001,46327.58000000001,46309.58000000001,46321.58000000001,952
2026-03-31T23:00:00+00:00,46321.58000000001,46326.08000000001,46294.58000000001,46302.08000000001,1882
2026-03-31T23:15:00+00:00,46302.08000000001,46332.58000000001,46290.58000000001,46326.08000000001,1244
2026-03-31T23:30:00+00:00,46326.08000000001,46397.08000000001,46322.08000000001,46355.58000000001,2279
2026-03-31T23:45:00+00:00,46355.58000000001,46419.08000000001,46350.58000000001,46404.08000000001,2488
2026-04-01T00:00:00+00:00,46404.08000000001,46422.58000000001,46370.08000000001,46390.08000000001,4917
2026-04-01T00:15:00+00:00,46390.08000000001,46413.08000000001,46375.08000000001,46402.08000000001,4668
2026-04-01T00:30:00+00:00,46402.08000000001,46423.58000000001,46358.58000000001,46418.58000000001,3566
2026-04-01T00:45:00+00:00,46418.58000000001,46449.08000000001,46406.08000000001,46447.08000000001,3730
2026-04-01T01:00:00+00:00,46447.08000000001,46458.58000000001,46372.08000000001,46414.08000000001,7627
2026-04-01T01:15:00+00:00,46414.08000000001,46437.08000000001,46397.08000000001,46434.08000000001,4113
2026-04-01T01:30:00+00:00,46434.08000000001,46446.08000000001,46384.08000000001,46389.08000000001,3634
2026-04-01T01:45:00+00:00,46389.08000000001,46403.08000000001,46378.08000000001,46390.58000000001,2008
2026-04-01T02:00:00+00:00,46390.58000000001,46418.58000000001,46385.08000000001,46390.08000000001,2227
2026-04-01T02:15:00+00:00,46390.08000000001,46400.58000000001,46372.08000000001,46377.58000000001,2040
2026-04-01T02:30:00+00:00,46377.58000000001,46381.58000000001,46350.08000000001,46372.08000000001,1947
2026-04-01T02:45:00+00:00,46372.08000000001,46388.08000000001,46365.58000000001,46374.08000000001,1965
2026-04-01T03:00:00+00:00,46374.08000000001,46395.08000000001,46365.58000000001,46386.58000000001,2004
2026-04-01T03:15:00+00:00,46386.58000000001,46390.58000000001,46370.08000000001,46375.58000000001,1638
2026-04-01T03:30:00+00:00,46375.58000000001,46392.58000000001,46375.08000000001,46390.08000000001,1553
2026-04-01T03:45:00+00:00,46390.08000000001,46398.08000000001,46372.08000000001,46377.58000000001,1251
2026-04-01T04:00:00+00:00,46377.58000000001,46390.58000000001,46370.08000000001,46375.08000000001,1039
2026-04-01T04:15:00+00:00,46375.08000000001,46395.58000000001,46371.08000000001,46391.08000000001,1293
2026-04-01T04:30:00+00:00,46391.08000000001,46403.58000000001,46386.58000000001,46395.08000000001,844
2026-04-01T04:45:00+00:00,46395.08000000001,46415.58000000001,46387.08000000001,46403.08000000001,916
2026-04-01T05:00:00+00:00,46403.08000000001,46449.08000000001,46398.58000000001,46447.58000000001,1202
2026-04-01T05:15:00+00:00,46447.58000000001,46488.08000000001,46438.08000000001,46457.08000000001,1693
2026-04-01T05:30:00+00:00,46457.08000000001,46471.58000000001,46433.08000000001,46467.08000000001,1931
2026-04-01T05:45:00+00:00,46467.08000000001,46482.08000000001,46455.08000000001,46466.08000000001,2096
2026-04-01T06:00:00+00:00,46466.08000000001,46542.08000000001,46464.08000000001,46541.08000000001,3494
2026-04-01T06:15:00+00:00,46541.08000000001,46600.58000000001,46525.08000000001,46591.58000000001,4558
2026-04-01T06:30:00+00:00,46591.58000000001,46673.08000000001,46581.08000000001,46663.58000000001,5125
2026-04-01T06:45:00+00:00,46663.58000000001,46673.08000000001,46622.08000000001,46656.58000000001,4756
2026-04-01T07:00:00+00:00,46656.58000000001,46678.08000000001,46626.58000000001,46638.58000000001,6076
2026-04-01T07:15:00+00:00,46638.58000000001,46639.58000000001,46606.58000000001,46630.08000000001,4529
2026-04-01T07:30:00+00:00,46630.08000000001,46682.08000000001,46624.08000000001,46654.58000000001,4118
2026-04-01T07:45:00+00:00,46654.58000000001,46664.58000000001,46527.58000000001,46541.08000000001,6712
2026-04-01T08:00:00+00:00,46541.08000000001,46569.58000000001,46467.08000000001,46499.08000000001,7715
2026-04-01T08:15:00+00:00,46499.08000000001,46600.08000000001,46496.08000000001,46560.58000000001,5862
2026-04-01T08:30:00+00:00,46560.58000000001,46606.08000000001,46559.08000000001,46597.58000000001,5217
2026-04-01T08:45:00+00:00,46597.58000000001,46613.58000000001,46479.83000000001,46573.58000000001,6993
2026-04-01T09:00:00+00:00,46573.58000000001,46608.58000000001,46509.08000000001,46530.08000000001,6757
2026-04-01T09:15:00+00:00,46530.08000000001,46538.58000000001,46467.08000000001,46513.08000000001,5449
2026-04-01T09:30:00+00:00,46513.08000000001,46558.58000000001,46511.08000000001,46545.08000000001,4574
2026-04-01T09:45:00+00:00,46545.08000000001,46608.08000000001,46544.08000000001,46583.58000000001,5140
2026-04-01T10:00:00+00:00,46583.58000000001,46612.08000000001,46549.58000000001,46587.08000000001,4184
2026-04-01T10:15:00+00:00,46587.08000000001,46608.08000000001,46554.58000000001,46569.08000000001,3961
2026-04-01T10:30:00+00:00,46569.08000000001,46603.08000000001,46543.58000000001,46590.58000000001,3781
2026-04-01T10:45:00+00:00,46590.58000000001,46677.08000000001,46590.08000000001,46662.58000000001,4979
2026-04-01T11:00:00+00:00,46662.58000000001,46698.08000000001,46649.58000000001,46697.58000000001,4023
2026-04-01T11:15:00+00:00,46697.58000000001,46715.58000000001,46675.08000000001,46689.58000000001,3957
2026-04-01T11:30:00+00:00,46689.58000000001,46751.58000000001,46681.58000000001,46717.08000000001,4682
2026-04-01T11:45:00+00:00,46717.08000000001,46741.08000000001,46696.58000000001,46725.58000000001,3682
2026-04-01T12:00:00+00:00,46725.58000000001,46730.08000000001,46666.58000000001,46678.08000000001,3929
2026-04-01T12:15:00+00:00,46678.08000000001,46685.58000000001,46587.58000000001,46618.83000000001,5250
2026-04-01T12:30:00+00:00,46618.83000000001,46851.08000000001,46546.08000000001,46708.08000000001,7201
2026-04-01T12:45:00+00:00,46708.08000000001,46769.58000000001,46500.58000000001,46522.58000000001,22160
2026-04-01T13:00:00+00:00,46522.58000000001,46560.08000000001,46473.58000000001,46526.08000000001,11977
2026-04-01T13:15:00+00:00,46526.08000000001,46626.58000000001,46519.58000000001,46623.08000000001,7883
2026-04-01T13:30:00+00:00,46623.08000000001,46748.93000000001,46532.43000000001,46566.43000000001,45434
2026-04-01T13:45:00+00:00,46566.43000000001,46653.43000000001,46473.93000000001,46627.93000000001,39763
2026-04-01T14:00:00+00:00,46627.93000000001,46676.93000000001,46559.93000000001,46595.43000000001,40279
2026-04-01T14:15:00+00:00,46595.43000000001,46663.93000000001,46521.43000000001,46597.43000000001,30898
2026-04-01T14:30:00+00:00,46597.43000000001,46727.43000000001,46504.93000000001,46693.43000000001,29611
2026-04-01T14:45:00+00:00,46693.43000000001,46791.93000000001,46664.43000000001,46751.43000000001,16425
2026-04-01T15:00:00+00:00,46751.43000000001,46784.93000000001,46726.93000000001,46757.93000000001,13337
2026-04-01T15:15:00+00:00,46757.93000000001,46791.93000000001,46730.93000000001,46740.93000000001,12440
2026-04-01T15:30:00+00:00,46740.93000000001,46816.43000000001,46714.93000000001,46779.93000000001,14252
2026-04-01T15:45:00+00:00,46779.93000000001,46807.43000000001,46750.93000000001,46789.93000000001,10182
2026-04-01T16:00:00+00:00,46789.93000000001,46808.43000000001,46756.93000000001,46772.93000000001,9698
2026-04-01T16:15:00+00:00,46772.93000000001,46788.93000000001,46710.93000000001,46716.43000000001,8608
2026-04-01T16:30:00+00:00,46716.43000000001,46767.43000000001,46688.93000000001,46761.93000000001,8327
2026-04-01T16:45:00+00:00,46761.93000000001,46771.43000000001,46737.93000000001,46758.93000000001,5822
2026-04-01T17:00:00+00:00,46758.93000000001,46802.43000000001,46747.43000000001,46785.93000000001,6522
2026-04-01T17:15:00+00:00,46785.93000000001,46809.43000000001,46768.43000000001,46797.93000000001,5352
2026-04-01T17:30:00+00:00,46797.93000000001,46804.43000000001,46746.93000000001,46758.93000000001,6623
2026-04-01T17:45:00+00:00,46758.93000000001,46774.93000000001,46680.93000000001,46683.43000000001,8651
2026-04-01T18:00:00+00:00,46683.43000000001,46694.93000000001,46633.43000000001,46651.93000000001,17921
2026-04-01T18:15:00+00:00,46651.93000000001,46656.43000000001,46523.93000000001,46543.93000000001,18981
2026-04-01T18:30:00+00:00,46543.93000000001,46639.93000000001,46528.93000000001,46595.93000000001,16973
2026-04-01T18:45:00+00:00,46595.93000000001,46607.93000000001,46558.93000000001,46586.43000000001,14285
2026-04-01T19:00:00+00:00,46586.43000000001,46633.93000000001,46575.93000000001,46607.93000000001,12064
2026-04-01T19:15:00+00:00,46607.93000000001,46663.93000000001,46594.43000000001,46654.93000000001,9542
2026-04-01T19:30:00+00:00,46654.93000000001,46702.93000000001,46622.43000000001,46665.93000000001,10580
2026-04-01T19:45:00+00:00,46665.93000000001,46674.43000000001,46554.43000000001,46575.93000000001,18415
2026-04-01T20:00:00+00:00,46575.93000000001,46609.58000000001,46562.58000000001,46602.58000000001,6119
2026-04-01T20:15:00+00:00,46602.58000000001,46604.58000000001,46576.08000000001,46581.58000000001,1699
2026-04-01T20:30:00+00:00,46581.58000000001,46616.58000000001,46581.58000000001,46606.58000000001,1173
2026-04-01T20:45:00+00:00,46606.58000000001,46612.58000000001,46583.58000000001,46590.83000000001,1295
2026-04-01T22:00:00+00:00,46590.83000000001,46608.65000000001,46562.40000000001,46579.15000000001,1548
2026-04-01T22:15:00+00:00,46579.15000000001,46589.15000000001,46556.65000000001,46584.15000000001,1749
2026-04-01T22:30:00+00:00,46584.15000000001,46593.65000000001,46572.15000000001,46575.65000000001,1254
2026-04-01T22:45:00+00:00,46575.65000000001,46591.65000000001,46550.65000000001,46564.15000000001,3313
2026-04-01T23:00:00+00:00,46564.15000000001,46599.65000000001,46560.15000000001,46595.15000000001,1689
2026-04-01T23:15:00+00:00,46595.15000000001,46597.65000000001,46578.15000000001,46593.15000000001,1209
2026-04-01T23:30:00+00:00,46593.15000000001,46593.15000000001,46568.65000000001,46576.15000000001,914
2026-04-01T23:45:00+00:00,46576.15000000001,46589.15000000001,46539.65000000001,46568.15000000001,2246
2026-04-02T00:00:00+00:00,46568.15000000001,46570.15000000001,46535.65000000001,46555.65000000001,5651
2026-04-02T00:15:00+00:00,46555.65000000001,46569.65000000001,46527.15000000001,46536.15000000001,4766
2026-04-02T00:30:00+00:00,46536.15000000001,46651.15000000001,46521.65000000001,46646.15000000001,5901
2026-04-02T00:45:00+00:00,46646.15000000001,46691.15000000001,46620.15000000001,46682.65000000001,6404
2026-04-02T01:00:00+00:00,46682.65000000001,46693.15000000001,46433.15000000001,46520.15000000001,14664
2026-04-02T01:15:00+00:00,46520.15000000001,46533.15000000001,46251.40000000001,46278.15000000001,15607
2026-04-02T01:30:00+00:00,46278.15000000001,46291.15000000001,46182.65000000001,46220.65000000001,18220
2026-04-02T01:45:00+00:00,46220.65000000001,46244.65000000001,46168.65000000001,46209.65000000001,13051
2026-04-02T02:00:00+00:00,46209.65000000001,46243.15000000001,46107.15000000001,46124.65000000001,10877
2026-04-02T02:15:00+00:00,46124.65000000001,46170.15000000001,46118.65000000001,46122.15000000001,7126
2026-04-02T02:30:00+00:00,46122.15000000001,46158.65000000001,46108.65000000001,46153.65000000001,6868
2026-04-02T02:45:00+00:00,46153.65000000001,46176.15000000001,46145.15000000001,46164.15000000001,4654
2026-04-02T03:00:00+00:00,46164.15000000001,46164.65000000001,46123.15000000001,46147.15000000001,4462
2026-04-02T03:15:00+00:00,46147.15000000001,46169.15000000001,46136.65000000001,46145.15000000001,3140
2026-04-02T03:30:00+00:00,46145.15000000001,46151.15000000001,46089.15000000001,46116.15000000001,5051
2026-04-02T03:45:00+00:00,46116.15000000001,46119.65000000001,46080.65000000001,46090.65000000001,3529
2026-04-02T04:00:00+00:00,46090.65000000001,46117.15000000001,46072.65000000001,46078.15000000001,3792
2026-04-02T04:15:00+00:00,46078.15000000001,46113.15000000001,46077.65000000001,46081.15000000001,3356
2026-04-02T04:30:00+00:00,46081.15000000001,46089.65000000001,46059.15000000001,46077.65000000001,2242
2026-04-02T04:45:00+00:00,46077.65000000001,46085.65000000001,46054.15000000001,46065.15000000001,1814
2026-04-02T05:00:00+00:00,46065.15000000001,46102.65000000001,46065.15000000001,46069.15000000001,2969
2026-04-02T05:15:00+00:00,46069.15000000001,46092.15000000001,46051.15000000001,46091.65000000001,2353
2026-04-02T05:30:00+00:00,46091.65000000001,46114.15000000001,46036.65000000001,46048.65000000001,4348
2026-04-02T05:45:00+00:00,46048.65000000001,46051.15000000001,46001.15000000001,46003.65000000001,3091
2026-04-02T06:00:00+00:00,46003.65000000001,46056.65000000001,45973.65000000001,45983.65000000001,4700
2026-04-02T06:15:00+00:00,45983.65000000001,46026.15000000001,45969.15000000001,46017.65000000001,4634
2026-04-02T06:30:00+00:00,46017.65000000001,46034.65000000001,45989.15000000001,46011.65000000001,4189
2026-04-02T06:45:00+00:00,46011.65000000001,46041.65000000001,45988.15000000001,46040.15000000001,3642
2026-04-02T07:00:00+00:00,46040.15000000001,46057.15000000001,46006.65000000001,46034.15000000001,6581
2026-04-02T07:15:00+00:00,46034.15000000001,46081.65000000001,46015.65000000001,46070.65000000001,5449
2026-04-02T07:30:00+00:00,46070.65000000001,46112.65000000001,46057.65000000001,46095.65000000001,5013
2026-04-02T07:45:00+00:00,46095.65000000001,46162.15000000001,46093.65000000001,46156.15000000001,3532
2026-04-02T08:00:00+00:00,46156.15000000001,46171.15000000001,46121.65000000001,46131.15000000001,4828
2026-04-02T08:15:00+00:00,46131.15000000001,46144.65000000001,46099.65000000001,46136.65000000001,4201
2026-04-02T08:30:00+00:00,46136.65000000001,46185.15000000001,46136.15000000001,46144.15000000001,3875
2026-04-02T08:45:00+00:00,46144.15000000001,46161.65000000001,46120.65000000001,46133.65000000001,3434
2026-04-02T09:00:00+00:00,46133.65000000001,46153.15000000001,46103.15000000001,46105.65000000001,3282
2026-04-02T09:15:00+00:00,46105.65000000001,46163.65000000001,46103.15000000001,46144.15000000001,3200
2026-04-02T09:30:00+00:00,46144.15000000001,46146.65000000001,46086.15000000001,46093.15000000001,2842
2026-04-02T09:45:00+00:00,46093.15000000001,46123.65000000001,46081.15000000001,46120.65000000001,3185
2026-04-02T10:00:00+00:00,46120.65000000001,46134.15000000001,46054.15000000001,46055.65000000001,3798
2026-04-02T10:15:00+00:00,46055.65000000001,46061.65000000001,46026.15000000001,46037.65000000001,3499
2026-04-02T10:30:00+00:00,46037.65000000001,46090.65000000001,46019.65000000001,46071.15000000001,4039
2026-04-02T10:45:00+00:00,46071.15000000001,46093.15000000001,46051.65000000001,46074.15000000001,4272
2026-04-02T11:00:00+00:00,46074.15000000001,46088.15000000001,46019.15000000001,46019.65000000001,4845
2026-04-02T11:15:00+00:00,46019.65000000001,46022.65000000001,45937.65000000001,45944.15000000001,4720
2026-04-02T11:30:00+00:00,45944.15000000001,45990.65000000001,45896.40000000001,45912.65000000001,4891
2026-04-02T11:45:00+00:00,45912.65000000001,45966.65000000001,45888.65000000001,45889.15000000001,4480
2026-04-02T12:00:00+00:00,45889.15000000001,45908.65000000001,45843.65000000001,45873.65000000001,5890
2026-04-02T12:15:00+00:00,45873.65000000001,45947.65000000001,45859.65000000001,45936.65000000001,5658
2026-04-02T12:30:00+00:00,45936.65000000001,45945.65000000001,45915.65000000001,45937.15000000001,6392
2026-04-02T12:45:00+00:00,45937.15000000001,45975.65000000001,45909.65000000001,45919.15000000001,7153
2026-04-02T13:00:00+00:00,45919.15000000001,45988.15000000001,45908.65000000001,45944.65000000001,10222
2026-04-02T13:15:00+00:00,45944.65000000001,46031.65000000001,45944.15000000001,46005.15000000001,5939
2026-04-02T13:30:00+00:00,46005.15000000001,46026.00000000001,45880.50000000001,45891.50000000001,43120
2026-04-02T13:45:00+00:00,45891.50000000001,46131.50000000001,45885.00000000001,46120.50000000001,37419
2026-04-02T14:00:00+00:00,46120.50000000001,46147.00000000001,46026.00000000001,46079.50000000001,33441
2026-04-02T14:15:00+00:00,46079.50000000001,46210.50000000001,46067.50000000001,46191.50000000001,27661
2026-04-02T14:30:00+00:00,46191.50000000001,46754.00000000001,46174.50000000001,46586.50000000001,66362
2026-04-02T14:45:00+00:00,46586.50000000001,46594.50000000001,46404.00000000001,46535.00000000001,41004
2026-04-02T15:00:00+00:00,46535.00000000001,46570.00000000001,46433.50000000001,46533.50000000001,35908
2026-04-02T15:15:00+00:00,46533.50000000001,46576.00000000001,46426.50000000001,46505.50000000001,29183
2026-04-02T15:30:00+00:00,46505.50000000001,46554.00000000001,46436.00000000001,46492.50000000001,23425
2026-04-02T15:45:00+00:00,46492.50000000001,46493.00000000001,46338.50000000001,46417.00000000001,21703
2026-04-02T16:00:00+00:00,46417.00000000001,46463.00000000001,46334.00000000001,46358.50000000001,17668
2026-04-02T16:15:00+00:00,46358.50000000001,46377.00000000001,46280.00000000001,46323.00000000001,18160
2026-04-02T16:30:00+00:00,46323.00000000001,46493.00000000001,46316.50000000001,46439.00000000001,21930
2026-04-02T16:45:00+00:00,46439.00000000001,46461.50000000001,46359.50000000001,46363.50000000001,12665
2026-04-02T17:00:00+00:00,46363.50000000001,46435.00000000001,46327.00000000001,46420.50000000001,12869
2026-04-02T17:15:00+00:00,46420.50000000001,46462.50000000001,46411.50000000001,46430.00000000001,10919
2026-04-02T17:30:00+00:00,46430.00000000001,46440.00000000001,46381.00000000001,46414.00000000001,10432
2026-04-02T17:45:00+00:00,46414.00000000001,46420.00000000001,46307.00000000001,46354.50000000001,12901
2026-04-02T18:00:00+00:00,46354.50000000001,46427.50000000001,46354.50000000001,46396.00000000001,12484
2026-04-02T18:15:00+00:00,46396.00000000001,46423.50000000001,46351.00000000001,46370.50000000001,10246
2026-04-02T18:30:00+00:00,46370.50000000001,46447.50000000001,46355.50000000001,46431.50000000001,9794
2026-04-02T18:45:00+00:00,46431.50000000001,46483.50000000001,46422.50000000001,46448.50000000001,8230
2026-04-02T19:00:00+00:00,46448.50000000001,46478.50000000001,46431.00000000001,46448.50000000001,8204
2026-04-02T19:15:00+00:00,46448.50000000001,46485.00000000001,46434.00000000001,46454.00000000001,8472
2026-04-02T19:30:00+00:00,46454.00000000001,46491.50000000001,46428.50000000001,46440.00000000001,7453
2026-04-02T19:45:00+00:00,46440.00000000001,46528.50000000001,46428.50000000001,46504.00000000001,12896
2026-04-02T20:00:00+00:00,46504.00000000001,46514.65000000001,46468.15000000001,46495.15000000001,4246
2026-04-02T20:15:00+00:00,46495.15000000001,46538.65000000001,46488.65000000001,46530.65000000001,1498
2026-04-02T20:30:00+00:00,46530.65000000001,46535.15000000001,46500.65000000001,46510.15000000001,1450
2026-04-02T20:45:00+00:00,46510.15000000001,46524.15000000001,46494.15000000001,46513.40000000001,770
2026-04-02T22:00:00+00:00,46513.40000000001,46513.40000000001,46482.65000000001,46493.15000000001,334
2026-04-02T22:15:00+00:00,46493.15000000001,46530.65000000001,46489.40000000001,46519.65000000001,1797
2026-04-02T22:30:00+00:00,46519.65000000001,46544.15000000001,46514.65000000001,46529.15000000001,969
2026-04-02T22:45:00+00:00,46529.15000000001,46534.65000000001,46522.65000000001,46525.15000000001,517
2026-04-02T23:00:00+00:00,46525.15000000001,46526.65000000001,46506.15000000001,46510.65000000001,889.4559820726987
2026-04-02T23:15:00+00:00,46510.65000000001,46520.65000000001,46508.15000000001,46516.15000000001,755
2026-04-02T23:30:00+00:00,46516.15000000001,46530.15000000001,46512.15000000001,46520.15000000001,575
2026-04-02T23:45:00+00:00,46520.15000000001,46523.15000000001,46509.15000000001,46516.65000000001,538
2026-04-03T00:00:00+00:00,46516.65000000001,46556.65000000001,46516.65000000001,46541.65000000001,2506
2026-04-03T00:15:00+00:00,46541.65000000001,46541.65000000001,46516.15000000001,46529.15000000001,1509
2026-04-03T00:30:00+00:00,46529.15000000001,46531.15000000001,46501.15000000001,46511.15000000001,1399
2026-04-03T00:45:00+00:00,46511.15000000001,46514.15000000001,46502.15000000001,46509.15000000001,739
2026-04-03T01:00:00+00:00,46509.15000000001,46513.15000000001,46487.15000000001,46491.65000000001,842
2026-04-03T01:15:00+00:00,46491.65000000001,46511.15000000001,46489.15000000001,46510.15000000001,795
2026-04-03T01:30:00+00:00,46510.15000000001,46511.15000000001,46489.65000000001,46496.65000000001,689
2026-04-03T01:45:00+00:00,46496.65000000001,46499.15000000001,46484.65000000001,46486.15000000001,597
2026-04-03T02:00:00+00:00,46486.15000000001,46495.15000000001,46482.15000000001,46494.15000000001,639
2026-04-03T02:15:00+00:00,46494.15000000001,46495.65000000001,46450.15000000001,46452.15000000001,890
2026-04-03T02:30:00+00:00,46452.15000000001,46455.15000000001,46426.15000000001,46444.65000000001,1171
2026-04-03T02:45:00+00:00,46444.65000000001,46464.65000000001,46424.65000000001,46449.15000000001,1584
2026-04-03T03:00:00+00:00,46449.15000000001,46467.15000000001,46445.65000000001,46449.15000000001,745
2026-04-03T03:15:00+00:00,46449.15000000001,46463.65000000001,46444.65000000001,46452.15000000001,591
2026-04-03T03:30:00+00:00,46452.15000000001,46463.15000000001,46441.15000000001,46445.65000000001,523
2026-04-03T03:45:00+00:00,46445.65000000001,46458.65000000001,46445.15000000001,46451.15000000001,474
2026-04-03T04:00:00+00:00,46451.15000000001,46459.65000000001,46450.15000000001,46456.15000000001,365
2026-04-03T04:15:00+00:00,46456.15000000001,46467.15000000001,46456.15000000001,46456.15000000001,412
2026-04-03T04:30:00+00:00,46456.15000000001,46460.15000000001,46429.65000000001,46434.15000000001,496
2026-04-03T04:45:00+00:00,46434.15000000001,46452.15000000001,46431.15000000001,46440.65000000001,499
2026-04-03T05:00:00+00:00,46440.65000000001,46458.65000000001,46439.15000000001,46450.15000000001,698
2026-04-03T05:15:00+00:00,46450.15000000001,46451.15000000001,46426.65000000001,46441.65000000001,548
2026-04-03T05:30:00+00:00,46441.65000000001,46470.15000000001,46441.65000000001,46469.65000000001,572
2026-04-03T05:45:00+00:00,46469.65000000001,46476.15000000001,46455.15000000001,46458.15000000001,667
2026-04-03T06:00:00+00:00,46458.15000000001,46460.15000000001,46442.15000000001,46445.15000000001,512
2026-04-03T06:15:00+00:00,46445.15000000001,46448.65000000001,46432.15000000001,46440.15000000001,460
2026-04-03T06:30:00+00:00,46440.15000000001,46441.15000000001,46397.65000000001,46401.65000000001,1221
2026-04-03T06:45:00+00:00,46401.65000000001,46416.15000000001,46376.65000000001,46401.15000000001,945
2026-04-03T07:00:00+00:00,46401.15000000001,46416.15000000001,46359.15000000001,46379.15000000001,1131
2026-04-03T07:15:00+00:00,46379.15000000001,46416.15000000001,46378.65000000001,46411.65000000001,771
2026-04-03T07:30:00+00:00,46411.65000000001,46441.15000000001,46411.15000000001,46427.65000000001,993
2026-04-03T07:45:00+00:00,46427.65000000001,46429.15000000001,46398.65000000001,46401.65000000001,530
2026-04-03T08:00:00+00:00,46401.65000000001,46419.65000000001,46399.65000000001,46401.65000000001,595
2026-04-03T08:15:00+00:00,46401.65000000001,46405.65000000001,46383.65000000001,46389.15000000001,512
2026-04-03T08:30:00+00:00,46389.15000000001,46405.15000000001,46387.15000000001,46395.65000000001,581
2026-04-03T08:45:00+00:00,46395.65000000001,46408.65000000001,46394.15000000001,46402.15000000001,366
2026-04-03T09:00:00+00:00,46402.15000000001,46414.65000000001,46396.65000000001,46405.15000000001,649
2026-04-03T09:15:00+00:00,46405.15000000001,46418.65000000001,46397.15000000001,46412.15000000001,591
2026-04-03T09:30:00+00:00,46412.15000000001,46420.65000000001,46407.15000000001,46407.65000000001,471
2026-04-03T09:45:00+00:00,46407.65000000001,46411.15000000001,46401.65000000001,46402.15000000001,283
2026-04-03T10:00:00+00:00,46402.15000000001,46409.15000000001,46390.65000000001,46394.65000000001,630
2026-04-03T10:15:00+00:00,46394.65000000001,46411.15000000001,46385.15000000001,46390.15000000001,503
2026-04-03T10:30:00+00:00,46390.15000000001,46401.65000000001,46378.15000000001,46399.15000000001,519
2026-04-03T10:45:00+00:00,46399.15000000001,46416.15000000001,46398.15000000001,46411.15000000001,347
2026-04-03T11:00:00+00:00,46411.15000000001,46411.15000000001,46369.15000000001,46402.15000000001,753
2026-04-03T11:15:00+00:00,46402.15000000001,46434.15000000001,46396.65000000001,46433.15000000001,1157
2026-04-03T11:30:00+00:00,46433.15000000001,46456.15000000001,46431.15000000001,46439.15000000001,891
2026-04-03T11:45:00+00:00,46439.15000000001,46447.65000000001,46428.65000000001,46436.15000000001,637
2026-04-03T12:00:00+00:00,46436.15000000001,46479.15000000001,46433.15000000001,46463.15000000001,1348
2026-04-03T12:15:00+00:00,46463.15000000001,46468.65000000001,46410.15000000001,46466.15000000001,2305
2026-04-03T12:30:00+00:00,46466.15000000001,46666.65000000001,46368.65000000001,46427.65000000001,7999
2026-04-03T12:45:00+00:00,46427.65000000001,46448.15000000001,46361.65000000001,46386.15000000001,2915
2026-04-03T13:00:00+00:00,46386.15000000001,46421.15000000001,46369.15000000001,46399.65000000001,1368
2026-04-05T22:00:00+00:00,46401.55,46401.55,46151.32,46212.32,4947
2026-04-05T22:15:00+00:00,46212.32,46278.32,46197.82,46243.32,5715
2026-04-05T22:30:00+00:00,46243.32,46288.32,46237.32,46265.57,3550.40499771446
2026-04-05T22:45:00+00:00,46265.57,46300.82,46257.57,46287.82,1175.0764026654458
2026-04-05T23:00:00+00:00,46287.82,46311.82,46227.82,46249.32,5971
2026-04-05T23:15:00+00:00,46249.32,46259.82,46235.82,46242.82,2543
2026-04-05T23:30:00+00:00,46242.82,46263.82,46237.32,46243.32,1251
2026-04-05T23:45:00+00:00,46243.32,46282.32,46236.82,46280.82,1833
2026-04-06T00:00:00+00:00,46280.82,46378.32,46269.82,46358.82,7457
2026-04-06T00:15:00+00:00,46358.82,46376.82,46318.82,46331.32,5274
2026-04-06T00:30:00+00:00,46331.32,46375.32,46329.82,46361.32,3593
2026-04-06T00:45:00+00:00,46361.32,46389.82,46354.32,46381.32,2784
2026-04-06T01:00:00+00:00,46381.32,46415.32,46376.32,46412.82,2320
2026-04-06T01:15:00+00:00,46412.82,46451.82,46395.32,46434.82,2549
2026-04-06T01:30:00+00:00,46434.82,46439.82,46411.82,46436.32,2057
2026-04-06T01:45:00+00:00,46436.32,46439.82,46386.82,46405.32,2420
2026-04-06T02:00:00+00:00,46405.32,46482.82,46397.32,46463.32,4772
2026-04-06T02:15:00+00:00,46463.32,46556.82,46453.82,46549.32,5338
2026-04-06T02:30:00+00:00,46549.32,46553.82,46460.82,46467.82,3634
2026-04-06T02:45:00+00:00,46467.82,46476.82,46427.32,46433.32,3243
2026-04-06T03:00:00+00:00,46433.32,46435.82,46385.32,46389.32,2958.083606834715
2026-04-06T03:15:00+00:00,46389.32,46400.32,46295.82,46369.32,5526
2026-04-06T03:30:00+00:00,46369.32,46392.32,46358.32,46390.82,2703
2026-04-06T03:45:00+00:00,46390.82,46410.32,46384.32,46405.82,2207
2026-04-06T04:00:00+00:00,46405.82,46446.82,46396.32,46438.82,2267
2026-04-06T04:15:00+00:00,46438.82,46441.82,46417.32,46423.32,1637
2026-04-06T04:30:00+00:00,46423.32,46448.82,46415.82,46441.82,1692
2026-04-06T04:45:00+00:00,46441.82,46453.32,46432.32,46442.32,1441
2026-04-06T05:00:00+00:00,46442.32,46460.82,46440.32,46452.82,1552
2026-04-06T05:15:00+00:00,46452.82,46466.82,46439.82,46440.82,1552
2026-04-06T05:30:00+00:00,46440.82,46445.32,46405.82,46412.32,2319
2026-04-06T05:45:00+00:00,46412.32,46425.32,46396.32,46417.32,1772
2026-04-06T06:00:00+00:00,46417.32,46496.82,46402.82,46490.32,2712
2026-04-06T06:15:00+00:00,46490.32,46490.32,46424.82,46430.82,2366
2026-04-06T06:30:00+00:00,46430.82,46447.32,46417.32,46438.32,1690
2026-04-06T06:45:00+00:00,46438.32,46537.82,46424.82,46479.82,5952
2026-04-06T07:00:00+00:00,46479.82,46487.82,46413.82,46441.82,3067
2026-04-06T07:15:00+00:00,46441.82,46488.82,46436.82,46453.82,2660
2026-04-06T07:30:00+00:00,46453.82,46515.82,46449.82,46499.82,2432
2026-04-06T07:45:00+00:00,46499.82,46576.82,46494.82,46548.82,3306
2026-04-06T08:00:00+00:00,46548.82,46599.82,46548.82,46558.32,3512
2026-04-06T08:15:00+00:00,46558.32,46580.82,46539.32,46574.32,2872
2026-04-06T08:30:00+00:00,46574.32,46616.32,46564.32,46611.32,2367
2026-04-06T08:45:00+00:00,46611.32,46618.82,46583.82,46597.32,1608
2026-04-06T09:00:00+00:00,46597.32,46633.32,46594.32,46603.82,2185
2026-04-06T09:15:00+00:00,46603.82,46630.32,46593.32,46602.32,1981
2026-04-06T09:30:00+00:00,46602.32,46613.32,46586.32,46587.32,1180
2026-04-06T09:45:00+00:00,46587.32,46590.32,46526.32,46537.32,3281
2026-04-06T10:00:00+00:00,46537.32,46571.82,46527.82,46552.82,2149
2026-04-06T10:15:00+00:00,46552.82,46556.32,46508.32,46521.82,1703
2026-04-06T10:30:00+00:00,46521.82,46547.82,46512.82,46540.32,1513
2026-04-06T10:45:00+00:00,46540.32,46545.82,46430.82,46502.32,6514
2026-04-06T11:00:00+00:00,46502.32,46502.32,46457.32,46472.82,4593
2026-04-06T11:15:00+00:00,46472.82,46499.82,46460.82,46477.82,2866
2026-04-06T11:30:00+00:00,46477.82,46497.82,46468.82,46470.32,2595
2026-04-06T11:45:00+00:00,46470.32,46497.32,46465.82,46470.32,2114
2026-04-06T12:00:00+00:00,46470.32,46485.32,46457.32,46470.82,2259
2026-04-06T12:15:00+00:00,46470.82,46484.82,46451.82,46476.32,2406
2026-04-06T12:30:00+00:00,46476.32,46519.32,46464.82,46513.82,2886
2026-04-06T12:45:00+00:00,46513.82,46556.32,46508.32,46515.82,3605
2026-04-06T13:00:00+00:00,46515.82,46523.82,46454.82,46492.82,4393
2026-04-06T13:15:00+00:00,46492.82,46504.32,46433.82,46442.32,3892
2026-04-06T13:30:00+00:00,46442.32,46602.17,46374.67,46467.17,27674
2026-04-06T13:45:00+00:00,46467.17,46604.17,46459.67,46603.67,20827
2026-04-06T14:00:00+00:00,46603.67,46691.17,46462.67,46657.17,25177
2026-04-06T14:15:00+00:00,46657.17,46728.17,46606.67,46684.17,18682
2026-04-06T14:30:00+00:00,46684.17,46734.67,46567.67,46646.17,20423
2026-04-06T14:45:00+00:00,46646.17,46646.17,46563.17,46624.17,16889
2026-04-06T15:00:00+00:00,46624.17,46651.17,46575.67,46625.17,13831
2026-04-06T15:15:00+00:00,46625.17,46633.17,46584.67,46600.17,11483
2026-04-06T15:30:00+00:00,46600.17,46611.67,46547.17,46600.67,9893
2026-04-06T15:45:00+00:00,46600.67,46650.67,46588.17,46648.67,7384
2026-04-06T16:00:00+00:00,46648.67,46662.67,46616.67,46637.67,6997
2026-04-06T16:15:00+00:00,46637.67,46650.67,46614.17,46636.67,5659
2026-04-06T16:30:00+00:00,46636.67,46690.67,46625.67,46676.67,5894
2026-04-06T16:45:00+00:00,46676.67,46688.17,46625.17,46654.17,6376
2026-04-06T17:00:00+00:00,46654.17,46657.67,46487.17,46518.17,9000
2026-04-06T17:15:00+00:00,46518.17,46601.67,46506.67,46592.67,7137
2026-04-06T17:30:00+00:00,46592.67,46631.67,46558.67,46584.67,6170
2026-04-06T17:45:00+00:00,46584.67,46584.67,46543.67,46549.67,4548
2026-04-06T18:00:00+00:00,46549.67,46650.17,46539.17,46606.17,6163
2026-04-06T18:15:00+00:00,46606.17,46704.17,46603.17,46678.17,5954
2026-04-06T18:30:00+00:00,46678.17,46696.17,46612.17,46621.67,5680
2026-04-06T18:45:00+00:00,46621.67,46663.17,46620.67,46655.17,5028
2026-04-06T19:00:00+00:00,46655.17,46672.17,46630.67,46647.67,4972
2026-04-06T19:15:00+00:00,46647.67,46661.17,46622.67,46624.17,4311
2026-04-06T19:30:00+00:00,46624.17,46671.17,46619.17,46669.67,4262
2026-04-06T19:45:00+00:00,46669.67,46715.17,46663.17,46715.17,7771
2026-04-06T20:00:00+00:00,46715.17,46765.32,46685.32,46735.32,3809
2026-04-06T20:15:00+00:00,46735.32,46855.32,46720.82,46831.82,3092
2026-04-06T20:30:00+00:00,46831.82,46841.82,46810.32,46816.32,1018
2026-04-06T20:45:00+00:00,46816.32,46818.82,46799.82,46813.57,650
2026-04-06T22:00:00+00:00,46813.57,46846.32,46778.82,46826.32,2990
2026-04-06T22:15:00+00:00,46826.32,46835.82,46755.32,46776.82,3459
2026-04-06T22:30:00+00:00,46776.82,46782.82,46751.82,46772.32,1776
2026-04-06T22:45:00+00:00,46772.32,46774.32,46749.32,46750.82,1228
2026-04-06T23:00:00+00:00,46750.82,46780.82,46747.32,46777.32,1190
2026-04-06T23:15:00+00:00,46777.32,46782.32,46749.82,46749.82,764
2026-04-06T23:30:00+00:00,46749.82,46763.32,46747.32,46757.82,626
2026-04-06T23:45:00+00:00,46757.82,46771.82,46737.32,46740.82,1071
2026-04-07T00:00:00+00:00,46740.82,46789.82,46724.82,46782.32,4116
2026-04-07T00:15:00+00:00,46782.32,46830.82,46767.82,46779.32,4531
2026-04-07T00:30:00+00:00,46779.32,46782.82,46731.82,46742.32,3368
2026-04-07T00:45:00+00:00,46742.32,46766.32,46732.82,46735.82,2171
2026-04-07T01:00:00+00:00,46735.82,46758.82,46674.82,46680.32,5298
2026-04-07T01:15:00+00:00,46680.32,46704.32,46678.82,46698.82,3521
2026-04-07T01:30:00+00:00,46698.82,46702.82,46618.32,46622.32,4779
2026-04-07T01:45:00+00:00,46622.32,46643.82,46530.82,46543.82,5704
2026-04-07T02:00:00+00:00,46543.82,46558.32,46514.32,46530.82,4948
2026-04-07T02:15:00+00:00,46530.82,46572.32,46519.32,46566.82,3886
2026-04-07T02:30:00+00:00,46566.82,46588.82,46566.32,46585.32,3472
2026-04-07T02:45:00+00:00,46585.32,46609.82,46581.32,46598.32,2081
2026-04-07T03:00:00+00:00,46598.32,46610.32,46581.32,46593.32,2089
2026-04-07T03:15:00+00:00,46593.32,46596.32,46559.32,46588.32,2035
2026-04-07T03:30:00+00:00,46588.32,46612.32,46585.32,46609.32,1770
2026-04-07T03:45:00+00:00,46609.32,46609.32,46593.32,46596.32,1299
2026-04-07T04:00:00+00:00,46596.32,46611.32,46559.32,46561.32,2109
2026-04-07T04:15:00+00:00,46561.32,46607.82,46554.32,46585.32,2414
2026-04-07T04:30:00+00:00,46585.32,46621.32,46584.32,46602.32,2311
2026-04-07T04:45:00+00:00,46602.32,46630.32,46599.32,46613.32,1765
2026-04-07T05:00:00+00:00,46613.32,46630.82,46609.32,46617.32,1315
2026-04-07T05:15:00+00:00,46617.32,46630.32,46584.82,46589.32,2033
2026-04-07T05:30:00+00:00,46589.32,46592.82,46556.32,46574.32,2899
2026-04-07T05:45:00+00:00,46574.32,46614.32,46573.32,46607.82,1835
2026-04-07T06:00:00+00:00,46607.82,46619.82,46591.82,46593.82,3292
2026-04-07T06:15:00+00:00,46593.82,46632.32,46578.82,46629.32,3448
2026-04-07T06:30:00+00:00,46629.32,46638.82,46589.82,46602.32,3453
2026-04-07T06:45:00+00:00,46602.32,46619.32,46580.32,46618.82,2503
2026-04-07T07:00:00+00:00,46618.82,46640.32,46594.32,46621.82,5493
2026-04-07T07:15:00+00:00,46621.82,46632.32,46589.32,46597.32,4764
2026-04-07T07:30:00+00:00,46597.32,46637.32,46595.82,46625.82,4005
2026-04-07T07:45:00+00:00,46625.82,46628.82,46582.82,46622.32,3269
2026-04-07T08:00:00+00:00,46622.32,46779.82,46620.32,46722.32,11090
2026-04-07T08:15:00+00:00,46722.32,46790.32,46692.82,46748.32,8968
2026-04-07T08:30:00+00:00,46748.32,46816.82,46741.32,46783.32,7017
2026-04-07T08:45:00+00:00,46783.32,46801.32,46760.32,46784.82,5415
2026-04-07T09:00:00+00:00,46784.82,46830.82,46770.82,46801.82,4743
2026-04-07T09:15:00+00:00,46801.82,46853.32,46786.82,46834.32,5398
2026-04-07T09:30:00+00:00,46834.32,46844.32,46802.32,46802.32,5066
2026-04-07T09:45:00+00:00,46802.32,46828.82,46787.32,46811.32,3548
2026-04-07T10:00:00+00:00,46811.32,46837.32,46672.07,46773.82,8166
2026-04-07T10:15:00+00:00,46773.82,46812.32,46665.32,46731.32,9049
2026-04-07T10:30:00+00:00,46731.32,46741.82,46616.32,46650.32,7507
2026-04-07T10:45:00+00:00,46650.32,46654.32,46484.82,46512.82,9808
2026-04-07T11:00:00+00:00,46512.82,46547.32,46483.82,46537.82,7653
2026-04-07T11:15:00+00:00,46537.82,46588.82,46530.82,46532.32,6143
2026-04-07T11:30:00+00:00,46532.32,46537.32,46458.32,46511.82,7072
2026-04-07T11:45:00+00:00,46511.82,46525.32,46478.32,46514.82,4641
2026-04-07T12:00:00+00:00,46514.82,46569.82,46416.82,46493.82,8028
2026-04-07T12:15:00+00:00,46493.82,46597.32,46477.82,46589.07,9657
2026-04-07T12:30:00+00:00,46589.07,46599.82,46531.32,46556.82,7048
2026-04-07T12:45:00+00:00,46556.82,46677.32,46514.82,46573.32,7445
2026-04-07T13:00:00+00:00,46573.32,46624.32,46553.32,46603.32,7605
2026-04-07T13:15:00+00:00,46603.32,46621.82,46574.82,46613.82,6030
2026-04-07T13:30:00+00:00,46613.82,46644.17,46366.17,46385.17,28054
2026-04-07T13:45:00+00:00,46385.17,46522.17,46357.17,46396.17,21757
2026-04-07T14:00:00+00:00,46396.17,46401.17,46269.17,46322.17,22835
2026-04-07T14:15:00+00:00,46322.17,46502.67,46301.17,46489.17,21312
2026-04-07T14:30:00+00:00,46489.17,46566.67,46457.67,46506.67,19077
2026-04-07T14:45:00+00:00,46506.67,46579.17,46364.17,46366.17,17255
2026-04-07T15:00:00+00:00,46366.17,46371.17,46241.17,46271.67,19554
2026-04-07T15:15:00+00:00,46271.67,46397.67,46246.67,46341.17,15503
2026-04-07T15:30:00+00:00,46341.17,46366.17,46268.67,46276.17,13305
2026-04-07T15:45:00+00:00,46276.17,46383.67,46262.17,46341.67,12729
2026-04-07T16:00:00+00:00,46341.67,46580.67,46341.67,46442.17,17726
2026-04-07T16:15:00+00:00,46442.17,46528.17,46409.17,46468.17,15102
2026-04-07T16:30:00+00:00,46468.17,46496.17,46417.67,46460.67,11329
2026-04-07T16:45:00+00:00,46460.67,46528.17,46460.17,46478.17,10872
2026-04-07T17:00:00+00:00,46478.17,46527.67,46458.17,46499.67,9995
2026-04-07T17:15:00+00:00,46499.67,46508.17,46440.67,46455.17,9280
2026-04-07T17:30:00+00:00,46455.17,46638.17,46452.17,46539.67,15137
2026-04-07T17:45:00+00:00,46539.67,46556.17,46511.17,46522.17,9637
2026-04-07T18:00:00+00:00,46522.17,46543.17,46483.17,46513.17,8216
2026-04-07T18:15:00+00:00,46513.17,46552.67,46498.17,46509.67,9034
2026-04-07T18:30:00+00:00,46509.67,46515.67,46423.17,46444.17,8197
2026-04-07T18:45:00+00:00,46444.17,46453.67,46300.17,46344.67,11551
2026-04-07T19:00:00+00:00,46344.67,46359.67,46285.67,46348.17,11692
2026-04-07T19:15:00+00:00,46348.17,46600.67,46342.17,46511.67,20691
2026-04-07T19:30:00+00:00,46511.67,46521.17,46437.67,46492.17,14728
2026-04-07T19:45:00+00:00,46492.17,46666.17,46471.17,46627.67,18832
2026-04-07T20:00:00+00:00,46627.67,46683.82,46584.82,46668.32,8024
2026-04-07T20:15:00+00:00,46668.32,46699.82,46617.32,46646.82,4960
2026-04-07T20:30:00+00:00,46646.82,46743.82,46645.82,46692.32,6782
2026-04-07T20:45:00+00:00,46692.32,46726.82,46665.82,46686.07,6870
2026-04-07T22:00:00+00:00,46686.07,47144.82,46686.07,47031.32,6089
2026-04-07T22:15:00+00:00,47031.32,47051.82,47003.82,47012.32,7625
2026-04-07T22:30:00+00:00,47012.32,47414.32,46661.07,47341.82,3122
2026-04-07T22:45:00+00:00,47341.82,47595.32,47287.07,47586.82,2287
2026-04-07T23:00:00+00:00,47586.82,47613.82,47508.32,47548.32,3915
2026-04-07T23:15:00+00:00,47548.32,47639.82,47529.82,47588.32,7099
2026-04-07T23:30:00+00:00,47588.32,47636.82,47556.32,47557.82,6008
2026-04-07T23:45:00+00:00,47557.82,47592.32,47525.32,47564.82,6315
2026-04-08T00:00:00+00:00,47564.82,47597.82,47482.32,47508.32,8593
2026-04-08T00:15:00+00:00,47508.32,47529.82,47473.82,47494.32,6737
2026-04-08T00:30:00+00:00,47494.32,47537.82,47468.32,47491.82,5575
2026-04-08T00:45:00+00:00,47491.82,47567.32,47482.32,47552.32,4943
2026-04-08T01:00:00+00:00,47552.32,47606.82,47532.82,47578.82,4640
2026-04-08T01:15:00+00:00,47578.82,47605.82,47536.32,47541.82,3968
2026-04-08T01:30:00+00:00,47541.82,47590.32,47530.82,47584.82,3472
2026-04-08T01:45:00+00:00,47584.82,47632.32,47584.82,47609.82,2493
2026-04-08T02:00:00+00:00,47609.82,47639.32,47609.82,47637.32,2150
2026-04-08T02:15:00+00:00,47637.32,47654.32,47627.82,47632.32,1541
2026-04-08T02:30:00+00:00,47632.32,47680.82,47630.32,47670.32,2031
2026-04-08T02:45:00+00:00,47670.32,47688.32,47665.82,47683.32,1199
2026-04-08T03:00:00+00:00,47683.32,47698.82,47674.32,47677.82,1248
2026-04-08T03:15:00+00:00,47677.82,47681.32,47649.32,47655.32,1307
2026-04-08T03:30:00+00:00,47655.32,47663.32,47644.32,47648.32,1059
2026-04-08T03:45:00+00:00,47648.32,47655.82,47640.82,47653.82,1066
2026-04-08T04:00:00+00:00,47653.82,47687.82,47653.82,47686.32,1230
2026-04-08T04:15:00+00:00,47686.32,47709.82,47674.82,47701.82,1474
2026-04-08T04:30:00+00:00,47701.82,47717.32,47697.32,47703.82,1021
2026-04-08T04:45:00+00:00,47703.82,47708.82,47678.82,47680.82,1366
2026-04-08T05:00:00+00:00,47680.82,47697.32,47663.32,47694.82,1867
2026-04-08T05:15:00+00:00,47694.82,47730.82,47691.32,47727.32,1494
2026-04-08T05:30:00+00:00,47727.32,47757.32,47720.32,47742.32,2612
2026-04-08T05:45:00+00:00,47742.32,47789.32,47727.82,47772.32,2622
2026-04-08T06:00:00+00:00,47772.32,47796.32,47742.32,47789.32,3954
2026-04-08T06:15:00+00:00,47789.32,47793.82,47756.32,47767.82,3174
2026-04-08T06:30:00+00:00,47767.82,47775.32,47745.32,47758.32,3293
2026-04-08T06:45:00+00:00,47758.32,47785.32,47747.32,47748.82,3064
2026-04-08T07:00:00+00:00,47748.82,47757.82,47693.32,47706.32,5227
2026-04-08T07:15:00+00:00,47706.32,47779.32,47696.32,47743.32,5114
2026-04-08T07:30:00+00:00,47743.32,47749.82,47706.32,47717.32,4193
2026-04-08T07:45:00+00:00,47717.32,47732.32,47671.82,47676.32,3868
2026-04-08T08:00:00+00:00,47676.32,47703.32,47673.82,47691.82,4696
2026-04-08T08:15:00+00:00,47691.82,47721.32,47685.32,47703.82,4207
2026-04-08T08:30:00+00:00,47703.82,47734.32,47663.32,47685.32,5021
2026-04-08T08:45:00+00:00,47685.32,47756.32,47682.32,47755.82,4024
2026-04-08T09:00:00+00:00,47755.82,47799.32,47736.32,47791.32,3659
2026-04-08T09:15:00+00:00,47791.32,47808.32,47781.32,47782.82,2505
2026-04-08T09:30:00+00:00,47782.82,47819.32,47754.82,47764.32,3346
2026-04-08T09:45:00+00:00,47764.32,47842.82,47762.32,47806.82,4229
2026-04-08T10:00:00+00:00,47806.82,47828.32,47783.32,47793.32,3492
2026-04-08T10:15:00+00:00,47793.32,47830.82,47774.32,47827.32,2865
2026-04-08T10:30:00+00:00,47827.32,47856.32,47813.32,47852.32,2548
2026-04-08T10:45:00+00:00,47852.32,47901.82,47843.32,47869.32,2777
2026-04-08T11:00:00+00:00,47869.32,47874.82,47823.32,47863.32,3632
2026-04-08T11:15:00+00:00,47863.32,47960.82,47847.32,47946.32,4674
2026-04-08T11:30:00+00:00,47946.32,47958.82,47905.32,47932.32,5400
2026-04-08T11:45:00+00:00,47932.32,47967.82,47905.32,47912.32,3774
2026-04-08T12:00:00+00:00,47912.32,47936.32,47872.32,47920.82,5507
2026-04-08T12:15:00+00:00,47920.82,47921.32,47762.32,47859.32,12581
2026-04-08T12:30:00+00:00,47859.32,47895.32,47827.82,47853.32,5772
2026-04-08T12:45:00+00:00,47853.32,47904.32,47850.32,47865.32,5027
2026-04-08T13:00:00+00:00,47865.32,47907.32,47854.32,47881.32,4807
2026-04-08T13:15:00+00:00,47881.32,47947.32,47860.82,47946.32,6835
2026-04-08T13:30:00+00:00,47946.32,48056.67,47917.17,47989.17,41742
2026-04-08T13:45:00+00:00,47989.17,48085.67,47888.17,47942.17,29127
2026-04-08T14:00:00+00:00,47942.17,47990.67,47895.67,47933.67,24723
2026-04-08T14:15:00+00:00,47933.67,47964.67,47824.67,47831.67,21628
2026-04-08T14:30:00+00:00,47831.67,47851.67,47704.17,47742.17,23847
2026-04-08T14:45:00+00:00,47742.17,47773.17,47614.17,47695.67,20825
2026-04-08T15:00:00+00:00,47695.67,47756.67,47659.17,47693.67,15677
2026-04-08T15:15:00+00:00,47693.67,47752.67,47676.17,47707.67,13369
2026-04-08T15:30:00+00:00,47707.67,47820.17,47706.17,47802.17,12561
2026-04-08T15:45:00+00:00,47802.17,47886.17,47802.17,47869.67,6633
2026-04-08T16:00:00+00:00,47869.67,47922.67,47869.67,47874.17,8671
2026-04-08T16:15:00+00:00,47874.17,47880.67,47832.17,47849.17,9224
2026-04-08T16:30:00+00:00,47849.17,47888.67,47838.67,47886.17,6429
2026-04-08T16:45:00+00:00,47886.17,47895.17,47853.17,47876.17,5440
2026-04-08T17:00:00+00:00,47876.17,47908.67,47862.17,47882.17,5655
2026-04-08T17:15:00+00:00,47882.17,47893.17,47810.67,47827.17,10003
2026-04-08T17:30:00+00:00,47827.17,47890.67,47815.17,47885.17,10070
2026-04-08T17:45:00+00:00,47885.17,47918.17,47862.67,47913.17,5072
2026-04-08T18:00:00+00:00,47913.17,47965.17,47886.67,47957.17,7071
2026-04-08T18:15:00+00:00,47957.17,47986.17,47821.67,47870.67,22611
2026-04-08T18:30:00+00:00,47870.67,47903.67,47809.67,47815.67,10009
2026-04-08T18:45:00+00:00,47815.67,47841.17,47734.17,47743.67,10389
2026-04-08T19:00:00+00:00,47743.67,47844.67,47735.17,47831.17,11794
2026-04-08T19:15:00+00:00,47831.17,47847.67,47766.17,47774.17,10608
2026-04-08T19:30:00+00:00,47774.17,47876.17,47771.17,47870.67,11876
2026-04-08T19:45:00+00:00,47870.67,47982.67,47868.17,47964.67,11827
2026-04-08T20:00:00+00:00,47964.67,47984.82,47943.82,47958.82,4154
2026-04-08T20:15:00+00:00,47958.82,47970.82,47948.82,47954.82,1331
2026-04-08T20:30:00+00:00,47954.82,47960.32,47930.32,47930.32,926
2026-04-08T20:45:00+00:00,47930.32,47933.82,47912.32,47926.57,1099
2026-04-08T22:00:00+00:00,47926.57,47982.11,47911.36,47945.11,2064
2026-04-08T22:15:00+00:00,47945.11,47961.11,47911.61,47933.11,2891
2026-04-08T22:30:00+00:00,47933.11,47962.11,47933.11,47942.61,1552
2026-04-08T22:45:00+00:00,47942.61,47948.61,47932.61,47942.11,1030
2026-04-08T23:00:00+00:00,47942.11,47971.61,47933.61,47956.11,1161
2026-04-08T23:15:00+00:00,47956.11,47963.11,47937.11,47942.61,934
2026-04-08T23:30:00+00:00,47942.61,47948.11,47927.61,47928.61,923
2026-04-08T23:45:00+00:00,47928.61,47942.61,47915.61,47922.61,1178
2026-04-09T00:00:00+00:00,47922.61,47927.61,47876.11,47914.61,2835
2026-04-09T00:15:00+00:00,47914.61,47957.61,47906.11,47930.61,4128
2026-04-09T00:30:00+00:00,47930.61,47971.61,47929.61,47961.61,3167
2026-04-09T00:45:00+00:00,47961.61,47966.11,47925.61,47933.61,2676
2026-04-09T01:00:00+00:00,47933.61,47950.11,47903.11,47910.61,2909
2026-04-09T01:15:00+00:00,47910.61,47913.61,47883.61,47900.61,2424
2026-04-09T01:30:00+00:00,47900.61,47928.61,47893.61,47903.61,2583
2026-04-09T01:45:00+00:00,47903.61,47927.61,47884.61,47916.11,2258
2026-04-09T02:00:00+00:00,47916.11,47923.11,47894.61,47905.61,1824
2026-04-09T02:15:00+00:00,47905.61,47920.61,47897.11,47901.11,1567
2026-04-09T02:30:00+00:00,47901.11,47912.61,47898.11,47905.61,1021
2026-04-09T02:45:00+00:00,47905.61,47925.61,47893.11,47893.61,1305
2026-04-09T03:00:00+00:00,47893.61,47907.11,47887.61,47894.11,958
2026-04-09T03:15:00+00:00,47894.11,47894.11,47877.11,47879.61,829
2026-04-09T03:30:00+00:00,47879.61,47901.61,47878.61,47893.61,829
2026-04-09T03:45:00+00:00,47893.61,47916.61,47877.11,47909.61,1654
2026-04-09T04:00:00+00:00,47909.61,47919.11,47901.11,47913.11,941
2026-04-09T04:15:00+00:00,47913.11,47914.61,47885.61,47896.11,734
2026-04-09T04:30:00+00:00,47896.11,47905.61,47887.61,47899.61,917
2026-04-09T04:45:00+00:00,47899.61,47910.11,47894.61,47894.61,698
2026-04-09T05:00:00+00:00,47894.61,47901.61,47865.61,47889.61,1554
2026-04-09T05:15:00+00:00,47889.61,47920.61,47889.11,47915.61,1947
2026-04-09T05:30:00+00:00,47915.61,47935.61,47905.61,47927.61,1477
2026-04-09T05:45:00+00:00,47927.61,47928.61,47892.61,47906.11,1166
2026-04-09T06:00:00+00:00,47906.11,47938.11,47895.61,47902.61,2646
2026-04-09T06:15:00+00:00,47902.61,47905.11,47882.11,47895.11,2066
2026-04-09T06:30:00+00:00,47895.11,47904.61,47880.11,47894.61,2742
2026-04-09T06:45:00+00:00,47894.61,47894.61,47854.61,47889.61,2356
2026-04-09T07:00:00+00:00,47889.61,47908.61,47848.11,47858.61,3548
2026-04-09T07:15:00+00:00,47858.61,47859.11,47810.11,47832.11,3162
2026-04-09T07:30:00+00:00,47832.11,47842.61,47795.11,47806.11,3465
2026-04-09T07:45:00+00:00,47806.11,47817.11,47777.11,47812.11,2534
2026-04-09T08:00:00+00:00,47812.11,47827.61,47781.61,47783.11,3286
2026-04-09T08:15:00+00:00,47783.11,47808.61,47763.61,47780.61,2987
2026-04-09T08:30:00+00:00,47780.61,47809.61,47780.11,47808.61,3236
2026-04-09T08:45:00+00:00,47808.61,47813.11,47769.61,47777.11,2214
2026-04-09T09:00:00+00:00,47777.11,47810.11,47757.61,47806.61,2596
2026-04-09T09:15:00+00:00,47806.61,47819.61,47790.61,47806.61,2270
2026-04-09T09:30:00+00:00,47806.61,47814.11,47787.61,47789.61,1967
2026-04-09T09:45:00+00:00,47789.61,47806.61,47787.61,47803.61,1694
2026-04-09T10:00:00+00:00,47803.61,47817.61,47790.61,47798.61,2694
2026-04-09T10:15:00+00:00,47798.61,47808.61,47778.61,47796.11,2671
2026-04-09T10:30:00+00:00,47796.11,47814.61,47775.61,47807.61,2248
2026-04-09T10:45:00+00:00,47807.61,47821.61,47759.61,47763.11,3430
2026-04-09T11:00:00+00:00,47763.11,47793.11,47744.11,47744.11,3320
2026-04-09T11:15:00+00:00,47744.11,47756.61,47732.61,47737.61,2592
2026-04-09T11:30:00+00:00,47737.61,47803.11,47737.11,47794.61,3471
2026-04-09T11:45:00+00:00,47794.61,47814.61,47779.11,47796.61,3070
2026-04-09T12:00:00+00:00,47796.61,47818.11,47791.11,47804.61,2682
2026-04-09T12:15:00+00:00,47804.61,47820.11,47789.61,47801.36,2509
2026-04-09T12:30:00+00:00,47801.36,47848.61,47764.61,47808.11,6772
2026-04-09T12:45:00+00:00,47808.11,47829.11,47782.61,47814.61,4043
2026-04-09T13:00:00+00:00,47814.61,47818.61,47769.11,47798.61,4369
2026-04-09T13:15:00+00:00,47798.61,47810.11,47777.61,47796.61,4054
2026-04-09T13:30:00+00:00,47796.61,47880.46,47754.46,47831.46,27321
2026-04-09T13:45:00+00:00,47831.46,47928.46,47813.46,47923.46,20093
2026-04-09T14:00:00+00:00,47923.46,47932.96,47841.96,47847.96,16203
2026-04-09T14:15:00+00:00,47847.96,47878.46,47813.96,47852.46,15280
2026-04-09T14:30:00+00:00,47852.46,47870.46,47808.46,47812.46,13707
2026-04-09T14:45:00+00:00,47812.46,47868.46,47802.96,47849.46,12203
2026-04-09T15:00:00+00:00,47849.46,47860.96,47787.46,47853.46,10747
2026-04-09T15:15:00+00:00,47853.46,47928.96,47852.46,47899.46,11994
2026-04-09T15:30:00+00:00,47899.46,48069.46,47881.96,48032.46,31014
2026-04-09T15:45:00+00:00,48032.46,48135.46,48012.46,48129.46,15796
2026-04-09T16:00:00+00:00,48129.46,48277.46,48128.46,48204.46,16235
2026-04-09T16:15:00+00:00,48204.46,48267.96,48202.46,48231.96,10735
2026-04-09T16:30:00+00:00,48231.96,48254.96,48203.96,48228.96,9737
2026-04-09T16:45:00+00:00,48228.96,48303.96,48207.46,48299.46,9485
2026-04-09T17:00:00+00:00,48299.46,48358.46,48295.96,48324.46,8003
2026-04-09T17:15:00+00:00,48324.46,48348.46,48314.96,48325.46,7500
2026-04-09T17:30:00+00:00,48325.46,48385.46,48284.96,48353.46,9475
2026-04-09T17:45:00+00:00,48353.46,48386.96,48346.46,48360.46,6864
2026-04-09T18:00:00+00:00,48360.46,48367.46,48232.96,48271.46,16998
2026-04-09T18:15:00+00:00,48271.46,48289.46,48238.96,48254.46,13545
2026-04-09T18:30:00+00:00,48254.46,48275.96,48217.96,48245.46,9221
2026-04-09T18:45:00+00:00,48245.46,48260.46,48226.96,48239.96,6563
2026-04-09T19:00:00+00:00,48239.96,48309.96,48227.46,48289.96,6644
2026-04-09T19:15:00+00:00,48289.96,48303.96,48257.96,48279.46,6398
2026-04-09T19:30:00+00:00,48279.46,48319.46,48275.96,48302.46,7060
2026-04-09T19:45:00+00:00,48302.46,48310.46,48239.46,48242.46,9276
2026-04-09T20:00:00+00:00,48242.46,48256.61,48213.61,48229.11,3415
2026-04-09T20:15:00+00:00,48229.11,48242.61,48213.11,48232.61,1240
2026-04-09T20:30:00+00:00,48232.61,48258.61,48232.61,48255.61,877
2026-04-09T20:45:00+00:00,48255.61,48258.11,48229.61,48247.86,1165
2026-04-09T22:00:00+00:00,48247.86,48247.86,48213.95,48242.2,1874
2026-04-09T22:15:00+00:00,48242.2,48246.7,48195.7,48209.7,1290
2026-04-09T22:30:00+00:00,48209.7,48238.7,48204.95,48223.2,2029
2026-04-09T22:45:00+00:00,48223.2,48227.7,48193.7,48206.2,1440
2026-04-09T23:00:00+00:00,48206.2,48211.7,48191.2,48209.7,699
2026-04-09T23:15:00+00:00,48209.7,48214.2,48205.2,48206.2,359
2026-04-09T23:30:00+00:00,48206.2,48211.2,48196.2,48202.7,465
2026-04-09T23:45:00+00:00,48202.7,48225.7,48200.7,48207.2,921
2026-04-10T00:00:00+00:00,48207.2,48214.7,48184.7,48201.2,1675
2026-04-10T00:15:00+00:00,48201.2,48215.7,48194.2,48211.2,1676
2026-04-10T00:30:00+00:00,48211.2,48224.2,48203.7,48203.7,1423
2026-04-10T00:45:00+00:00,48203.7,48233.7,48194.7,48227.7,1234
2026-04-10T01:00:00+00:00,48227.7,48229.2,48205.7,48210.7,1371
2026-04-10T01:15:00+00:00,48210.7,48229.2,48203.2,48228.7,1160
2026-04-10T01:30:00+00:00,48228.7,48251.7,48223.7,48240.2,1804
2026-04-10T01:45:00+00:00,48240.2,48240.7,48220.7,48223.7,946
2026-04-10T02:00:00+00:00,48223.7,48226.7,48198.7,48200.2,1088
2026-04-10T02:15:00+00:00,48200.2,48202.2,48183.2,48191.2,1212
2026-04-10T02:30:00+00:00,48191.2,48197.7,48182.2,48194.7,579
2026-04-10T02:45:00+00:00,48194.7,48197.7,48189.2,48190.7,471
2026-04-10T03:00:00+00:00,48190.7,48203.2,48190.7,48200.2,671
2026-04-10T03:15:00+00:00,48200.2,48200.2,48181.7,48182.7,460
2026-04-10T03:30:00+00:00,48182.7,48211.2,48182.7,48205.7,884
2026-04-10T03:45:00+00:00,48205.7,48216.2,48204.2,48207.7,587
2026-04-10T04:00:00+00:00,48207.7,48210.7,48196.2,48200.2,555
2026-04-10T04:15:00+00:00,48200.2,48207.2,48196.7,48201.2,479
2026-04-10T04:30:00+00:00,48201.2,48204.2,48185.2,48192.2,463
2026-04-10T04:45:00+00:00,48192.2,48193.7,48184.7,48187.2,358
2026-04-10T05:00:00+00:00,48187.2,48204.7,48187.2,48196.7,687
2026-04-10T05:15:00+00:00,48196.7,48204.2,48187.7,48187.7,474
2026-04-10T05:30:00+00:00,48187.7,48207.7,48187.2,48200.7,799
2026-04-10T05:45:00+00:00,48200.7,48205.2,48186.2,48193.2,513
2026-04-10T06:00:00+00:00,48193.2,48196.2,48168.7,48171.2,1229
2026-04-10T06:15:00+00:00,48171.2,48177.2,48162.7,48172.7,957
2026-04-10T06:30:00+00:00,48172.7,48177.7,48154.2,48169.2,1208
2026-04-10T06:45:00+00:00,48169.2,48176.2,48154.2,48167.7,1139
2026-04-10T07:00:00+00:00,48167.7,48181.2,48157.7,48164.2,2075
2026-04-10T07:15:00+00:00,48164.2,48193.2,48155.7,48193.2,1540
2026-04-10T07:30:00+00:00,48193.2,48215.2,48193.2,48203.2,1464
2026-04-10T07:45:00+00:00,48203.2,48222.7,48187.2,48211.2,1862
2026-04-10T08:00:00+00:00,48211.2,48217.2,48165.7,48176.2,2237
2026-04-10T08:15:00+00:00,48176.2,48185.7,48159.2,48178.2,1547
2026-04-10T08:30:00+00:00,48178.2,48192.2,48176.2,48182.2,1111
2026-04-10T08:45:00+00:00,48182.2,48182.2,48114.2,48122.2,2080
2026-04-10T09:00:00+00:00,48122.2,48154.2,48122.2,48141.2,1433
2026-04-10T09:15:00+00:00,48141.2,48245.2,48138.2,48197.2,6748
2026-04-10T09:30:00+00:00,48197.2,48201.7,48161.7,48196.2,3144
2026-04-10T09:45:00+00:00,48196.2,48219.7,48188.7,48209.2,2587
2026-04-10T10:00:00+00:00,48209.2,48216.2,48171.2,48172.2,1755
2026-04-10T10:15:00+00:00,48172.2,48222.2,48171.2,48212.2,1486
2026-04-10T10:30:00+00:00,48212.2,48230.7,48200.2,48219.2,1636
2026-04-10T10:45:00+00:00,48219.2,48236.2,48215.2,48218.2,1499
2026-04-10T11:00:00+00:00,48218.2,48244.2,48217.2,48226.2,1783
2026-04-10T11:15:00+00:00,48226.2,48256.7,48222.2,48234.2,1327
2026-04-10T11:30:00+00:00,48234.2,48248.2,48225.2,48232.7,1545
2026-04-10T11:45:00+00:00,48232.7,48236.2,48203.2,48219.7,1553
2026-04-10T12:00:00+00:00,48219.7,48235.7,48212.2,48231.2,1880
2026-04-10T12:15:00+00:00,48231.2,48276.7,48224.2,48245.2,2570
2026-04-10T12:30:00+00:00,48245.2,48350.2,48240.2,48247.2,4435
2026-04-10T12:45:00+00:00,48247.2,48260.7,48230.7,48244.7,2966
2026-04-10T13:00:00+00:00,48244.7,48253.7,48222.2,48244.2,3010
2026-04-10T13:15:00+00:00,48244.2,48267.2,48229.2,48257.2,2959
2026-04-10T13:30:00+00:00,48257.2,48285.05,48070.55,48109.55,25610
2026-04-10T13:45:00+00:00,48109.55,48121.05,47987.05,48084.55,16235
2026-04-10T14:00:00+00:00,48084.55,48141.05,48035.55,48140.05,14789
2026-04-10T14:15:00+00:00,48140.05,48163.05,48110.55,48158.05,9625
2026-04-10T14:30:00+00:00,48158.05,48179.05,48076.05,48106.05,12573
2026-04-10T14:45:00+00:00,48106.05,48129.05,48062.55,48094.55,11874
2026-04-10T15:00:00+00:00,48094.55,48127.05,48069.55,48105.05,8245
2026-04-10T15:15:00+00:00,48105.05,48126.55,48075.05,48082.05,9496
2026-04-10T15:30:00+00:00,48082.05,48105.05,48022.55,48039.05,13082
2026-04-10T15:45:00+00:00,48039.05,48070.55,47978.05,47990.05,10669
2026-04-10T16:00:00+00:00,47990.05,48015.05,47957.55,48000.05,9626
2026-04-10T16:15:00+00:00,48000.05,48014.05,47953.55,47959.05,6803
2026-04-10T16:30:00+00:00,47959.05,47979.05,47905.05,47918.05,8120
2026-04-10T16:45:00+00:00,47918.05,47981.05,47909.05,47957.05,7859
2026-04-10T17:00:00+00:00,47957.05,47961.05,47908.05,47939.05,6503
2026-04-10T17:15:00+00:00,47939.05,47950.05,47911.55,47918.05,6080
2026-04-10T17:30:00+00:00,47918.05,47967.05,47908.05,47956.55,7068
2026-04-10T17:45:00+00:00,47956.55,47989.05,47950.05,47985.05,5097
2026-04-10T18:00:00+00:00,47985.05,47991.05,47947.05,47959.05,5956
2026-04-10T18:15:00+00:00,47959.05,48003.05,47959.05,47997.05,5832
2026-04-10T18:30:00+00:00,47997.05,48010.05,47965.55,47976.05,5251
2026-04-10T18:45:00+00:00,47976.05,47988.55,47964.05,47975.55,3523
2026-04-10T19:00:00+00:00,47975.55,47993.05,47957.55,47991.05,4495
2026-04-10T19:15:00+00:00,47991.05,47992.05,47950.55,47960.05,4234
2026-04-10T19:30:00+00:00,47960.05,47960.05,47909.55,47931.55,5596
2026-04-10T19:45:00+00:00,47931.55,47973.55,47906.05,47961.05,8273
2026-04-10T20:00:00+00:00,47961.05,47967.7,47925.7,47960.7,2516
2026-04-10T20:15:00+00:00,47960.7,47977.7,47955.7,47974.2,1213
2026-04-10T20:30:00+00:00,47974.2,47986.7,47969.7,47983.95,785
2026-04-12T22:00:00+00:00,47983.95,47983.95,47422.369999999995,47451.869999999995,2915
2026-04-12T22:15:00+00:00,47451.869999999995,47456.869999999995,47354.869999999995,47364.369999999995,4144
2026-04-12T22:30:00+00:00,47364.369999999995,47435.369999999995,47354.369999999995,47430.869999999995,3394
2026-04-12T22:45:00+00:00,47430.869999999995,47441.369999999995,47420.369999999995,47433.869999999995,1347
2026-04-12T23:00:00+00:00,47433.869999999995,47435.869999999995,47407.869999999995,47417.369999999995,1402
2026-04-12T23:15:00+00:00,47417.369999999995,47422.369999999995,47394.869999999995,47412.869999999995,991
2026-04-12T23:30:00+00:00,47412.869999999995,47414.369999999995,47390.369999999995,47404.369999999995,919
2026-04-12T23:45:00+00:00,47404.369999999995,47456.369999999995,47391.369999999995,47454.369999999995,1944
2026-04-13T00:00:00+00:00,47454.369999999995,47487.369999999995,47418.369999999995,47483.369999999995,3649
2026-04-13T00:15:00+00:00,47483.369999999995,47491.869999999995,47467.369999999995,47469.869999999995,2749
2026-04-13T00:30:00+00:00,47469.869999999995,47495.369999999995,47465.869999999995,47493.869999999995,2082
2026-04-13T00:45:00+00:00,47493.869999999995,47546.869999999995,47491.369999999995,47545.869999999995,2010
2026-04-13T01:00:00+00:00,47545.869999999995,47592.869999999995,47544.869999999995,47574.869999999995,3110
2026-04-13T01:15:00+00:00,47574.869999999995,47577.369999999995,47557.369999999995,47564.369999999995,1829
2026-04-13T01:30:00+00:00,47564.369999999995,47582.869999999995,47544.869999999995,47550.369999999995,1830
2026-04-13T01:45:00+00:00,47550.369999999995,47577.869999999995,47546.369999999995,47572.369999999995,1341
2026-04-13T02:00:00+00:00,47572.369999999995,47573.869999999995,47551.369999999995,47553.369999999995,1155
2026-04-13T02:15:00+00:00,47553.369999999995,47562.369999999995,47545.369999999995,47556.869999999995,1060
2026-04-13T02:30:00+00:00,47556.869999999995,47565.869999999995,47550.869999999995,47563.869999999995,654
2026-04-13T02:45:00+00:00,47563.869999999995,47580.369999999995,47555.369999999995,47577.369999999995,645
2026-04-13T03:00:00+00:00,47577.369999999995,47584.369999999995,47556.369999999995,47562.869999999995,763
2026-04-13T03:15:00+00:00,47562.869999999995,47574.369999999995,47561.369999999995,47570.369999999995,535
2026-04-13T03:30:00+00:00,47570.369999999995,47571.369999999995,47553.369999999995,47566.369999999995,644
2026-04-13T03:45:00+00:00,47566.369999999995,47567.369999999995,47551.869999999995,47553.369999999995,572
2026-04-13T04:00:00+00:00,47553.369999999995,47570.369999999995,47542.869999999995,47565.869999999995,686
2026-04-13T04:15:00+00:00,47565.869999999995,47587.369999999995,47561.369999999995,47584.869999999995,650
2026-04-13T04:30:00+00:00,47584.869999999995,47598.869999999995,47583.869999999995,47593.869999999995,696
2026-04-13T04:45:00+00:00,47593.869999999995,47634.369999999995,47589.869999999995,47615.869999999995,947
2026-04-13T05:00:00+00:00,47615.869999999995,47627.369999999995,47607.369999999995,47616.369999999995,999
2026-04-13T05:15:00+00:00,47616.369999999995,47637.369999999995,47605.869999999995,47629.369999999995,938
2026-04-13T05:30:00+00:00,47629.369999999995,47633.869999999995,47620.369999999995,47630.369999999995,1033
2026-04-13T05:45:00+00:00,47630.369999999995,47658.369999999995,47630.369999999995,47646.369999999995,906
2026-04-13T06:00:00+00:00,47646.369999999995,47671.369999999995,47646.369999999995,47660.869999999995,1856
2026-04-13T06:15:00+00:00,47660.869999999995,47706.369999999995,47659.369999999995,47689.869999999995,1822
2026-04-13T06:30:00+00:00,47689.869999999995,47696.369999999995,47672.369999999995,47676.869999999995,1428
2026-04-13T06:45:00+00:00,47676.869999999995,47683.869999999995,47663.869999999995,47681.869999999995,1349
2026-04-13T07:00:00+00:00,47681.869999999995,47706.869999999995,47681.869999999995,47705.369999999995,2346
2026-04-13T07:15:00+00:00,47705.369999999995,47722.369999999995,47678.869999999995,47714.869999999995,1918
2026-04-13T07:30:00+00:00,47714.869999999995,47724.369999999995,47691.369999999995,47705.369999999995,1713
2026-04-13T07:45:00+00:00,47705.369999999995,47707.369999999995,47676.369999999995,47692.369999999995,1697
2026-04-13T08:00:00+00:00,47692.369999999995,47734.369999999995,47689.869999999995,47719.369999999995,3231
2026-04-13T08:15:00+00:00,47719.369999999995,47754.369999999995,47712.369999999995,47739.869999999995,2206
2026-04-13T08:30:00+00:00,47739.869999999995,47746.369999999995,47671.869999999995,47691.869999999995,2504
2026-04-13T08:45:00+00:00,47691.869999999995,47717.369999999995,47682.369999999995,47708.869999999995,1688
2026-04-13T09:00:00+00:00,47708.869999999995,47752.869999999995,47695.869999999995,47703.369999999995,2557
2026-04-13T09:15:00+00:00,47703.369999999995,47729.369999999995,47699.369999999995,47705.869999999995,1427
2026-04-13T09:30:00+00:00,47705.869999999995,47725.369999999995,47691.869999999995,47699.369999999995,1255
2026-04-13T09:45:00+00:00,47699.369999999995,47705.369999999995,47683.369999999995,47692.869999999995,990
2026-04-13T10:00:00+00:00,47692.869999999995,47702.869999999995,47685.869999999995,47699.869999999995,1258
2026-04-13T10:15:00+00:00,47699.869999999995,47714.869999999995,47684.869999999995,47714.369999999995,1185
2026-04-13T10:30:00+00:00,47714.369999999995,47727.369999999995,47686.369999999995,47692.869999999995,1342
2026-04-13T10:45:00+00:00,47692.869999999995,47737.369999999995,47690.369999999995,47734.869999999995,1846
2026-04-13T11:00:00+00:00,47734.869999999995,47807.869999999995,47729.869999999995,47743.369999999995,3988
2026-04-13T11:15:00+00:00,47743.369999999995,47757.869999999995,47613.369999999995,47650.869999999995,3837
2026-04-13T11:30:00+00:00,47650.869999999995,47655.369999999995,47472.369999999995,47498.369999999995,5760
2026-04-13T11:45:00+00:00,47498.369999999995,47519.869999999995,47434.869999999995,47452.869999999995,3959
2026-04-13T12:00:00+00:00,47452.869999999995,47505.369999999995,47440.869999999995,47453.869999999995,4132
2026-04-13T12:15:00+00:00,47453.869999999995,47471.869999999995,47437.369999999995,47450.369999999995,2332
2026-04-13T12:30:00+00:00,47450.369999999995,47480.869999999995,47435.869999999995,47453.369999999995,3114
2026-04-13T12:45:00+00:00,47453.369999999995,47513.869999999995,47448.369999999995,47511.869999999995,3300
2026-04-13T13:00:00+00:00,47511.869999999995,47576.869999999995,47504.869999999995,47573.369999999995,3096
2026-04-13T13:15:00+00:00,47573.369999999995,47652.869999999995,47565.369999999995,47627.869999999995,3511
2026-04-13T13:30:00+00:00,47627.869999999995,47705.219999999994,47530.219999999994,47600.219999999994,24077
2026-04-13T13:45:00+00:00,47600.219999999994,47774.219999999994,47558.219999999994,47763.119999999995,29153
2026-04-13T14:00:00+00:00,47763.119999999995,47803.219999999994,47648.219999999994,47720.719999999994,18281
2026-04-13T14:15:00+00:00,47720.719999999994,47744.219999999994,47657.719999999994,47741.219999999994,16545
2026-04-13T14:30:00+00:00,47741.219999999994,47810.719999999994,47735.719999999994,47796.219999999994,10333
2026-04-13T14:45:00+00:00,47796.219999999994,47804.219999999994,47735.219999999994,47761.219999999994,9045
2026-04-13T15:00:00+00:00,47761.219999999994,47763.219999999994,47685.219999999994,47709.219999999994,10439
2026-04-13T15:15:00+00:00,47709.219999999994,47719.219999999994,47654.219999999994,47673.219999999994,8116
2026-04-13T15:30:00+00:00,47673.219999999994,47727.719999999994,47647.719999999994,47691.219999999994,9318
2026-04-13T15:45:00+00:00,47691.219999999994,47726.219999999994,47670.219999999994,47707.219999999994,4745
2026-04-13T16:00:00+00:00,47707.219999999994,47808.719999999994,47691.219999999994,47771.219999999994,11028
2026-04-13T16:15:00+00:00,47771.219999999994,47879.719999999994,47763.219999999994,47863.219999999994,10464
2026-04-13T16:30:00+00:00,47863.219999999994,47951.719999999994,47839.219999999994,47913.219999999994,15177
2026-04-13T16:45:00+00:00,47913.219999999994,48011.719999999994,47907.219999999994,47954.219999999994,11903
2026-04-13T17:00:00+00:00,47954.219999999994,47984.719999999994,47947.719999999994,47980.219999999994,5785
2026-04-13T17:15:00+00:00,47980.219999999994,48012.719999999994,47969.219999999994,47981.219999999994,4693
2026-04-13T17:30:00+00:00,47981.219999999994,47995.719999999994,47956.719999999994,47966.719999999994,4617
2026-04-13T17:45:00+00:00,47966.719999999994,47972.719999999994,47948.219999999994,47962.719999999994,3616
2026-04-13T18:00:00+00:00,47962.719999999994,48024.219999999994,47962.719999999994,48020.219999999994,3719
2026-04-13T18:15:00+00:00,48020.219999999994,48041.219999999994,48004.219999999994,48018.219999999994,3393
2026-04-13T18:30:00+00:00,48018.219999999994,48032.219999999994,48004.219999999994,48024.219999999994,3226
2026-04-13T18:45:00+00:00,48024.219999999994,48075.219999999994,48023.219999999994,48051.219999999994,4973
2026-04-13T19:00:00+00:00,48051.219999999994,48074.719999999994,48047.719999999994,48064.719999999994,3886
2026-04-13T19:15:00+00:00,48064.719999999994,48099.719999999994,48063.219999999994,48093.719999999994,3115
2026-04-13T19:30:00+00:00,48093.719999999994,48155.719999999994,48088.219999999994,48131.219999999994,4581
2026-04-13T19:45:00+00:00,48131.219999999994,48260.219999999994,48097.219999999994,48240.219999999994,10962
2026-04-13T20:00:00+00:00,48240.219999999994,48259.369999999995,48225.869999999995,48247.369999999995,3064
2026-04-13T20:15:00+00:00,48247.369999999995,48260.369999999995,48228.369999999995,48245.869999999995,1199
2026-04-13T20:30:00+00:00,48245.869999999995,48254.869999999995,48239.869999999995,48248.869999999995,680
2026-04-13T20:45:00+00:00,48248.869999999995,48276.869999999995,48246.869999999995,48269.619999999995,889
2026-04-13T22:00:00+00:00,48269.619999999995,48275.06999999999,48244.31999999999,48259.06999999999,612
2026-04-13T22:15:00+00:00,48259.06999999999,48266.06999999999,48249.06999999999,48253.56999999999,160
2026-04-13T22:30:00+00:00,48253.56999999999,48260.56999999999,48248.56999999999,48254.06999999999,132.8782142466353
2026-04-13T22:45:00+00:00,48254.06999999999,48264.56999999999,48249.06999999999,48260.06999999999,288
2026-04-13T23:00:00+00:00,48260.06999999999,48279.56999999999,48250.56999999999,48267.56999999999,919
2026-04-13T23:15:00+00:00,48267.56999999999,48269.06999999999,48259.56999999999,48260.06999999999,323
2026-04-13T23:30:00+00:00,48260.06999999999,48264.06999999999,48253.56999999999,48258.06999999999,399
2026-04-13T23:45:00+00:00,48258.06999999999,48268.06999999999,48239.56999999999,48244.06999999999,544
2026-04-14T00:00:00+00:00,48244.06999999999,48244.06999999999,48215.56999999999,48232.56999999999,1290
2026-04-14T00:15:00+00:00,48232.56999999999,48250.06999999999,48232.56999999999,48238.06999999999,1355
2026-04-14T00:30:00+00:00,48238.06999999999,48267.56999999999,48237.06999999999,48259.56999999999,986
2026-04-14T00:45:00+00:00,48259.56999999999,48268.56999999999,48242.56999999999,48255.56999999999,933
2026-04-14T01:00:00+00:00,48255.56999999999,48256.06999999999,48237.06999999999,48251.06999999999,866
2026-04-14T01:15:00+00:00,48251.06999999999,48256.06999999999,48246.06999999999,48251.56999999999,604
2026-04-14T01:30:00+00:00,48251.56999999999,48267.56999999999,48240.56999999999,48264.06999999999,1073
2026-04-14T01:45:00+00:00,48264.06999999999,48272.06999999999,48253.06999999999,48254.06999999999,393
2026-04-14T02:00:00+00:00,48254.06999999999,48270.06999999999,48248.56999999999,48270.06999999999,532
2026-04-14T02:15:00+00:00,48270.06999999999,48276.56999999999,48262.06999999999,48269.06999999999,317
2026-04-14T02:30:00+00:00,48269.06999999999,48269.06999999999,48263.06999999999,48263.56999999999,297
2026-04-14T02:45:00+00:00,48263.56999999999,48266.06999999999,48251.06999999999,48253.56999999999,347
2026-04-14T03:00:00+00:00,48253.56999999999,48254.06999999999,48242.06999999999,48244.56999999999,411
2026-04-14T03:15:00+00:00,48244.56999999999,48246.06999999999,48232.56999999999,48236.06999999999,381
2026-04-14T03:30:00+00:00,48236.06999999999,48253.56999999999,48232.06999999999,48243.06999999999,670
2026-04-14T03:45:00+00:00,48243.06999999999,48251.56999999999,48241.06999999999,48246.56999999999,492
2026-04-14T04:00:00+00:00,48246.56999999999,48251.56999999999,48239.06999999999,48239.06999999999,352
2026-04-14T04:15:00+00:00,48239.06999999999,48252.06999999999,48238.06999999999,48248.06999999999,422
2026-04-14T04:30:00+00:00,48248.06999999999,48248.06999999999,48238.06999999999,48238.56999999999,278
2026-04-14T04:45:00+00:00,48238.56999999999,48243.06999999999,48236.56999999999,48240.06999999999,212
2026-04-14T05:00:00+00:00,48240.06999999999,48241.06999999999,48231.56999999999,48238.06999999999,289
2026-04-14T05:15:00+00:00,48238.06999999999,48241.56999999999,48227.06999999999,48232.06999999999,372.6729688298416
2026-04-14T05:30:00+00:00,48232.06999999999,48232.06999999999,48217.06999999999,48226.06999999999,494
2026-04-14T05:45:00+00:00,48226.06999999999,48234.06999999999,48223.56999999999,48226.06999999999,316
2026-04-14T06:00:00+00:00,48226.06999999999,48233.06999999999,48221.06999999999,48224.06999999999,765
2026-04-14T06:15:00+00:00,48224.06999999999,48245.06999999999,48215.06999999999,48239.56999999999,667
2026-04-14T06:30:00+00:00,48239.56999999999,48265.56999999999,48231.06999999999,48257.06999999999,974
2026-04-14T06:45:00+00:00,48257.06999999999,48259.56999999999,48236.56999999999,48250.06999999999,731
2026-04-14T07:00:00+00:00,48250.06999999999,48318.56999999999,48240.06999999999,48307.56999999999,4460
2026-04-14T07:15:00+00:00,48307.56999999999,48315.56999999999,48283.56999999999,48299.56999999999,2604
2026-04-14T07:30:00+00:00,48299.56999999999,48325.06999999999,48294.56999999999,48300.06999999999,2289
2026-04-14T07:45:00+00:00,48300.06999999999,48312.56999999999,48286.56999999999,48301.06999999999,1685
2026-04-14T08:00:00+00:00,48301.06999999999,48321.06999999999,48286.56999999999,48311.56999999999,2379
2026-04-14T08:15:00+00:00,48311.56999999999,48325.06999999999,48298.56999999999,48322.06999999999,1750
2026-04-14T08:30:00+00:00,48322.06999999999,48344.56999999999,48312.06999999999,48323.06999999999,1710
2026-04-14T08:45:00+00:00,48323.06999999999,48341.06999999999,48323.06999999999,48340.06999999999,1230
2026-04-14T09:00:00+00:00,48340.06999999999,48357.56999999999,48329.06999999999,48338.06999999999,1379
2026-04-14T09:15:00+00:00,48338.06999999999,48342.06999999999,48297.06999999999,48308.56999999999,1162
2026-04-14T09:30:00+00:00,48308.56999999999,48309.06999999999,48270.06999999999,48274.56999999999,1279
2026-04-14T09:45:00+00:00,48274.56999999999,48277.56999999999,48260.56999999999,48271.56999999999,1244
2026-04-14T10:00:00+00:00,48271.56999999999,48293.06999999999,48256.06999999999,48274.06999999999,1548
2026-04-14T10:15:00+00:00,48274.06999999999,48287.06999999999,48239.56999999999,48251.56999999999,1881
2026-04-14T10:30:00+00:00,48251.56999999999,48317.06999999999,48166.06999999999,48178.56999999999,4213
2026-04-14T10:45:00+00:00,48178.56999999999,48219.56999999999,48173.56999999999,48205.06999999999,1899
2026-04-14T11:00:00+00:00,48205.06999999999,48230.56999999999,48197.06999999999,48214.06999999999,2040
2026-04-14T11:15:00+00:00,48214.06999999999,48249.06999999999,48213.06999999999,48245.06999999999,1479
2026-04-14T11:30:00+00:00,48245.06999999999,48255.06999999999,48233.56999999999,48240.56999999999,1313
2026-04-14T11:45:00+00:00,48240.56999999999,48312.56999999999,48239.06999999999,48276.56999999999,3057
2026-04-14T12:00:00+00:00,48276.56999999999,48296.56999999999,48260.56999999999,48270.56999999999,2957
2026-04-14T12:15:00+00:00,48270.56999999999,48290.56999999999,48249.56999999999,48289.06999999999,2574
2026-04-14T12:30:00+00:00,48289.06999999999,48327.06999999999,48257.56999999999,48271.56999999999,3678
2026-04-14T12:45:00+00:00,48271.56999999999,48295.06999999999,48266.06999999999,48292.56999999999,2317
2026-04-14T13:00:00+00:00,48292.56999999999,48313.06999999999,48276.56999999999,48310.06999999999,2694
2026-04-14T13:15:00+00:00,48310.06999999999,48335.06999999999,48259.56999999999,48270.56999999999,3313
2026-04-14T13:30:00+00:00,48270.56999999999,48475.42,48212.42,48422.92,31281
2026-04-14T13:45:00+00:00,48422.92,48429.92,48337.42,48410.42,16876
2026-04-14T14:00:00+00:00,48410.42,48529.92,48402.42,48526.42,14217
2026-04-14T14:15:00+00:00,48526.42,48528.92,48417.92,48432.42,10537
2026-04-14T14:30:00+00:00,48432.42,48469.42,48409.42,48440.42,8272
2026-04-14T14:45:00+00:00,48440.42,48529.42,48440.42,48524.42,7566
2026-04-14T15:00:00+00:00,48524.42,48539.92,48467.42,48467.42,8194
2026-04-14T15:15:00+00:00,48467.42,48583.92,48460.42,48567.42,8231
2026-04-14T15:30:00+00:00,48567.42,48593.92,48548.92,48564.42,6545
2026-04-14T15:45:00+00:00,48564.42,48577.42,48544.42,48567.42,5198
2026-04-14T16:00:00+00:00,48567.42,48569.42,48524.42,48535.42,4903
2026-04-14T16:15:00+00:00,48535.42,48561.42,48521.92,48550.92,4541
2026-04-14T16:30:00+00:00,48550.92,48559.42,48526.42,48540.42,4402
2026-04-14T16:45:00+00:00,48540.42,48542.42,48481.92,48492.42,4618
2026-04-14T17:00:00+00:00,48492.42,48524.92,48492.42,48503.42,4124
2026-04-14T17:15:00+00:00,48503.42,48536.92,48499.42,48531.42,4383
2026-04-14T17:30:00+00:00,48531.42,48574.92,48528.92,48560.42,3763
2026-04-14T17:45:00+00:00,48560.42,48569.92,48531.92,48542.92,3453
2026-04-14T18:00:00+00:00,48542.92,48578.42,48541.42,48564.92,4382
2026-04-14T18:15:00+00:00,48564.92,48566.42,48465.92,48501.42,9150
2026-04-14T18:30:00+00:00,48501.42,48556.42,48493.42,48516.92,5287
2026-04-14T18:45:00+00:00,48516.92,48533.42,48495.42,48529.42,4288
2026-04-14T19:00:00+00:00,48529.42,48581.92,48523.42,48564.42,4740
2026-04-14T19:15:00+00:00,48564.42,48604.42,48558.42,48602.42,4001
2026-04-14T19:30:00+00:00,48602.42,48630.42,48583.42,48607.42,5796
2026-04-14T19:45:00+00:00,48607.42,48625.42,48559.42,48583.42,8147
2026-04-14T20:00:00+00:00,48583.42,48592.06999999999,48563.56999999999,48577.06999999999,2535
2026-04-14T20:15:00+00:00,48577.06999999999,48591.06999999999,48569.06999999999,48588.56999999999,980
2026-04-14T20:30:00+00:00,48588.56999999999,48600.06999999999,48584.06999999999,48595.06999999999,724
2026-04-14T20:45:00+00:00,48595.06999999999,48615.06999999999,48592.56999999999,48609.31999999999,950
2026-04-14T22:00:00+00:00,48609.31999999999,48609.31999999999,48547.369999999995,48578.369999999995,1783
2026-04-14T22:15:00+00:00,48578.369999999995,48588.869999999995,48574.369999999995,48578.369999999995,467
2026-04-14T22:30:00+00:00,48578.369999999995,48590.369999999995,48572.369999999995,48584.369999999995,279
2026-04-14T22:45:00+00:00,48584.369999999995,48587.369999999995,48571.369999999995,48573.369999999995,272
2026-04-14T23:00:00+00:00,48573.369999999995,48586.369999999995,48570.869999999995,48579.369999999995,260
2026-04-14T23:15:00+00:00,48579.369999999995,48586.369999999995,48577.869999999995,48584.869999999995,237
2026-04-14T23:30:00+00:00,48584.869999999995,48613.369999999995,48577.869999999995,48597.869999999995,1512
2026-04-14T23:45:00+00:00,48597.869999999995,48618.369999999995,48581.869999999995,48582.869999999995,1087
2026-04-15T00:00:00+00:00,48582.869999999995,48592.369999999995,48571.869999999995,48581.369999999995,1309
2026-04-15T00:15:00+00:00,48581.369999999995,48594.369999999995,48574.869999999995,48589.869999999995,1072
2026-04-15T00:30:00+00:00,48589.869999999995,48591.869999999995,48573.369999999995,48578.869999999995,969
2026-04-15T00:45:00+00:00,48578.869999999995,48593.869999999995,48577.369999999995,48592.869999999995,653
2026-04-15T01:00:00+00:00,48592.869999999995,48608.869999999995,48580.869999999995,48607.869999999995,863
2026-04-15T01:15:00+00:00,48607.869999999995,48610.369999999995,48588.869999999995,48594.869999999995,718
2026-04-15T01:30:00+00:00,48594.869999999995,48602.369999999995,48580.869999999995,48589.869999999995,839
2026-04-15T01:45:00+00:00,48589.869999999995,48595.869999999995,48586.869999999995,48592.869999999995,477
2026-04-15T02:00:00+00:00,48592.869999999995,48592.869999999995,48578.869999999995,48580.369999999995,495
2026-04-15T02:15:00+00:00,48580.369999999995,48583.869999999995,48568.869999999995,48569.369999999995,417
2026-04-15T02:30:00+00:00,48569.369999999995,48570.869999999995,48549.369999999995,48561.869999999995,639
2026-04-15T02:45:00+00:00,48561.869999999995,48571.869999999995,48561.369999999995,48565.369999999995,337
2026-04-15T03:00:00+00:00,48565.369999999995,48572.369999999995,48560.869999999995,48567.369999999995,325
2026-04-15T03:15:00+00:00,48567.369999999995,48573.369999999995,48565.869999999995,48569.369999999995,272
2026-04-15T03:30:00+00:00,48569.369999999995,48584.369999999995,48567.869999999995,48583.869999999995,481
2026-04-15T03:45:00+00:00,48583.869999999995,48599.369999999995,48581.369999999995,48590.869999999995,390
2026-04-15T04:00:00+00:00,48590.869999999995,48594.369999999995,48581.869999999995,48590.869999999995,311
2026-04-15T04:15:00+00:00,48590.869999999995,48592.869999999995,48583.869999999995,48585.869999999995,282
2026-04-15T04:30:00+00:00,48585.869999999995,48592.369999999995,48582.869999999995,48584.869999999995,255
2026-04-15T04:45:00+00:00,48584.869999999995,48585.869999999995,48569.369999999995,48571.869999999995,427
2026-04-15T05:00:00+00:00,48571.869999999995,48621.869999999995,48562.869999999995,48579.869999999995,2549
2026-04-15T05:15:00+00:00,48579.869999999995,48581.869999999995,48549.869999999995,48559.869999999995,980
2026-04-15T05:30:00+00:00,48559.869999999995,48562.369999999995,48540.369999999995,48546.869999999995,843
2026-04-15T05:45:00+00:00,48546.869999999995,48562.369999999995,48531.369999999995,48562.369999999995,1162
2026-04-15T06:00:00+00:00,48562.369999999995,48587.869999999995,48562.369999999995,48583.369999999995,1418
2026-04-15T06:15:00+00:00,48583.369999999995,48594.869999999995,48579.869999999995,48593.369999999995,717
2026-04-15T06:30:00+00:00,48593.369999999995,48615.869999999995,48591.869999999995,48604.869999999995,896
2026-04-15T06:45:00+00:00,48604.869999999995,48606.869999999995,48587.869999999995,48589.869999999995,458
2026-04-15T07:00:00+00:00,48589.869999999995,48591.869999999995,48570.869999999995,48581.869999999995,1317
2026-04-15T07:15:00+00:00,48581.869999999995,48582.869999999995,48556.869999999995,48560.869999999995,953
2026-04-15T07:30:00+00:00,48560.869999999995,48572.869999999995,48557.869999999995,48562.369999999995,783
2026-04-15T07:45:00+00:00,48562.369999999995,48579.369999999995,48538.869999999995,48563.869999999995,1423
2026-04-15T08:00:00+00:00,48563.869999999995,48573.869999999995,48541.869999999995,48544.869999999995,1205
2026-04-15T08:15:00+00:00,48544.869999999995,48561.369999999995,48533.869999999995,48558.869999999995,1257
2026-04-15T08:30:00+00:00,48558.869999999995,48566.869999999995,48551.869999999995,48558.869999999995,1107
2026-04-15T08:45:00+00:00,48558.869999999995,48581.369999999995,48552.869999999995,48565.369999999995,736
2026-04-15T09:00:00+00:00,48565.369999999995,48579.869999999995,48502.369999999995,48531.369999999995,3168
2026-04-15T09:15:00+00:00,48531.369999999995,48547.369999999995,48516.369999999995,48520.369999999995,1533
2026-04-15T09:30:00+00:00,48520.369999999995,48542.369999999995,48519.369999999995,48533.369999999995,1282
2026-04-15T09:45:00+00:00,48533.369999999995,48548.869999999995,48527.869999999995,48540.869999999995,1039
2026-04-15T10:00:00+00:00,48540.869999999995,48579.369999999995,48540.869999999995,48570.369999999995,1509
2026-04-15T10:15:00+00:00,48570.369999999995,48570.369999999995,48490.869999999995,48506.369999999995,3088
2026-04-15T10:30:00+00:00,48506.369999999995,48563.369999999995,48500.369999999995,48562.369999999995,2737
2026-04-15T10:45:00+00:00,48562.369999999995,48573.369999999995,48530.369999999995,48541.869999999995,2034
2026-04-15T11:00:00+00:00,48541.869999999995,48563.869999999995,48538.369999999995,48548.369999999995,1617
2026-04-15T11:15:00+00:00,48548.369999999995,48565.869999999995,48527.369999999995,48550.369999999995,1505
2026-04-15T11:30:00+00:00,48550.369999999995,48578.869999999995,48548.869999999995,48565.869999999995,1948
2026-04-15T11:45:00+00:00,48565.869999999995,48662.369999999995,48550.369999999995,48593.369999999995,3772
2026-04-15T12:00:00+00:00,48593.369999999995,48606.369999999995,48547.869999999995,48590.869999999995,3626
2026-04-15T12:15:00+00:00,48590.869999999995,48606.369999999995,48580.369999999995,48592.869999999995,1620
2026-04-15T12:30:00+00:00,48592.869999999995,48629.869999999995,48584.119999999995,48615.869999999995,1529
2026-04-15T12:45:00+00:00,48615.869999999995,48638.869999999995,48614.369999999995,48630.369999999995,1708
2026-04-15T13:00:00+00:00,48630.369999999995,48649.369999999995,48613.869999999995,48640.869999999995,1944
2026-04-15T13:15:00+00:00,48640.869999999995,48680.369999999995,48622.869999999995,48680.369999999995,1987
2026-04-15T13:30:00+00:00,48680.369999999995,48736.219999999994,48485.719999999994,48497.219999999994,24875
2026-04-15T13:45:00+00:00,48497.219999999994,48531.219999999994,48435.219999999994,48493.219999999994,17449
2026-04-15T14:00:00+00:00,48493.219999999994,48495.719999999994,48387.219999999994,48420.719999999994,12196
2026-04-15T14:15:00+00:00,48420.719999999994,48482.219999999994,48418.719999999994,48479.219999999994,10589
2026-04-15T14:30:00+00:00,48479.219999999994,48492.219999999994,48357.219999999994,48419.219999999994,9627
2026-04-15T14:45:00+00:00,48419.219999999994,48438.219999999994,48363.219999999994,48366.219999999994,7045
2026-04-15T15:00:00+00:00,48366.219999999994,48421.219999999994,48341.719999999994,48417.219999999994,8224
2026-04-15T15:15:00+00:00,48417.219999999994,48434.219999999994,48391.219999999994,48397.219999999994,6262
2026-04-15T15:30:00+00:00,48397.219999999994,48399.719999999994,48351.719999999994,48363.219999999994,6589
2026-04-15T15:45:00+00:00,48363.219999999994,48386.719999999994,48329.219999999994,48335.219999999994,5366
2026-04-15T16:00:00+00:00,48335.219999999994,48348.719999999994,48308.219999999994,48337.219999999994,5079
2026-04-15T16:15:00+00:00,48337.219999999994,48364.719999999994,48321.219999999994,48347.219999999994,4634
2026-04-15T16:30:00+00:00,48347.219999999994,48370.719999999994,48318.219999999994,48333.219999999994,6815
2026-04-15T16:45:00+00:00,48333.219999999994,48364.719999999994,48315.719999999994,48358.219999999994,8589
2026-04-15T17:00:00+00:00,48358.219999999994,48403.719999999994,48357.219999999994,48388.219999999994,4961
2026-04-15T17:15:00+00:00,48388.219999999994,48409.219999999994,48381.219999999994,48399.219999999994,3251
2026-04-15T17:30:00+00:00,48399.219999999994,48431.219999999994,48385.219999999994,48417.719999999994,3729
2026-04-15T17:45:00+00:00,48417.719999999994,48429.219999999994,48403.219999999994,48411.219999999994,3069
2026-04-15T18:00:00+00:00,48411.219999999994,48482.219999999994,48397.219999999994,48441.219999999994,9552
2026-04-15T18:15:00+00:00,48441.219999999994,48461.219999999994,48437.719999999994,48444.219999999994,3930
2026-04-15T18:30:00+00:00,48444.219999999994,48470.219999999994,48420.219999999994,48439.219999999994,4219
2026-04-15T18:45:00+00:00,48439.219999999994,48509.719999999994,48439.219999999994,48504.719999999994,3670
2026-04-15T19:00:00+00:00,48504.719999999994,48531.719999999994,48487.719999999994,48496.219999999994,4408
2026-04-15T19:15:00+00:00,48496.219999999994,48528.719999999994,48482.719999999994,48525.219999999994,3576
2026-04-15T19:30:00+00:00,48525.219999999994,48525.219999999994,48451.719999999994,48476.219999999994,4762
2026-04-15T19:45:00+00:00,48476.219999999994,48531.219999999994,48469.219999999994,48493.219999999994,7701
2026-04-15T20:00:00+00:00,48493.219999999994,48509.369999999995,48452.369999999995,48487.869999999995,2252
2026-04-15T20:15:00+00:00,48487.869999999995,48531.369999999995,48487.869999999995,48508.369999999995,914
2026-04-15T20:30:00+00:00,48508.369999999995,48533.369999999995,48507.869999999995,48530.869999999995,405
2026-04-15T20:45:00+00:00,48530.869999999995,48544.369999999995,48510.869999999995,48531.119999999995,688
2026-04-15T22:00:00+00:00,48531.119999999995,48549.81,48505.06,48543.31,820
2026-04-15T22:15:00+00:00,48543.31,48547.31,48531.31,48542.31,452
2026-04-15T22:30:00+00:00,48542.31,48565.81,48542.31,48555.31,586
2026-04-15T22:45:00+00:00,48555.31,48557.31,48542.31,48557.31,538
2026-04-15T23:00:00+00:00,48557.31,48559.31,48545.81,48546.81,419.67140639552935
2026-04-15T23:15:00+00:00,48546.81,48555.31,48545.81,48555.31,210
2026-04-15T23:30:00+00:00,48555.31,48566.31,48552.81,48564.31,225
2026-04-15T23:45:00+00:00,48564.31,48574.31,48562.81,48568.31,411
2026-04-16T00:00:00+00:00,48568.31,48576.31,48557.31,48567.31,713
2026-04-16T00:15:00+00:00,48567.31,48587.31,48563.31,48568.31,1085
2026-04-16T00:30:00+00:00,48568.31,48585.81,48568.31,48580.81,591
2026-04-16T00:45:00+00:00,48580.81,48606.81,48578.31,48593.31,849
2026-04-16T01:00:00+00:00,48593.31,48593.81,48577.81,48588.31,731
2026-04-16T01:15:00+00:00,48588.31,48600.81,48586.81,48590.31,437
2026-04-16T01:30:00+00:00,48590.31,48602.31,48579.81,48589.81,614
2026-04-16T01:45:00+00:00,48589.81,48590.81,48565.31,48571.31,692
2026-04-16T02:00:00+00:00,48571.31,48586.31,48571.31,48578.31,582
2026-04-16T02:15:00+00:00,48578.31,48580.81,48566.81,48569.31,390
2026-04-16T02:30:00+00:00,48569.31,48581.31,48568.31,48575.31,368
2026-04-16T02:45:00+00:00,48575.31,48579.31,48560.31,48566.31,337
2026-04-16T03:00:00+00:00,48566.31,48583.81,48565.31,48573.31,524
2026-04-16T03:15:00+00:00,48573.31,48575.31,48563.31,48563.31,314
2026-04-16T03:30:00+00:00,48563.31,48567.31,48548.81,48549.31,530
2026-04-16T03:45:00+00:00,48549.31,48554.81,48543.31,48543.31,312
2026-04-16T04:00:00+00:00,48543.31,48550.31,48535.31,48548.31,381
2026-04-16T04:15:00+00:00,48548.31,48556.81,48544.31,48546.81,279
2026-04-16T04:30:00+00:00,48546.81,48547.31,48538.31,48545.31,225
2026-04-16T04:45:00+00:00,48545.31,48548.31,48540.81,48546.81,213
2026-04-16T05:00:00+00:00,48546.81,48548.81,48531.31,48534.31,394
2026-04-16T05:15:00+00:00,48534.31,48551.31,48533.81,48549.31,426
2026-04-16T05:30:00+00:00,48549.31,48560.31,48541.31,48544.81,795
2026-04-16T05:45:00+00:00,48544.81,48555.31,48542.31,48552.31,451
2026-04-16T06:00:00+00:00,48552.31,48571.81,48552.31,48560.81,827
2026-04-16T06:15:00+00:00,48560.81,48570.31,48555.81,48563.81,628
2026-04-16T06:30:00+00:00,48563.81,48573.81,48548.31,48566.31,754
2026-04-16T06:45:00+00:00,48566.31,48569.81,48561.81,48564.31,481
2026-04-16T07:00:00+00:00,48564.31,48568.31,48543.31,48548.31,1099
2026-04-16T07:15:00+00:00,48548.31,48561.31,48544.31,48557.31,838
2026-04-16T07:30:00+00:00,48557.31,48561.31,48546.81,48557.81,933
2026-04-16T07:45:00+00:00,48557.81,48558.81,48516.81,48526.31,1044
2026-04-16T08:00:00+00:00,48526.31,48535.31,48508.31,48509.31,1679
2026-04-16T08:15:00+00:00,48509.31,48527.31,48492.81,48500.81,1662
2026-04-16T08:30:00+00:00,48500.81,48516.31,48491.31,48514.31,1331
2026-04-16T08:45:00+00:00,48514.31,48526.81,48512.81,48516.31,755
2026-04-16T09:00:00+00:00,48516.31,48526.31,48510.31,48517.31,851
2026-04-16T09:15:00+00:00,48517.31,48527.31,48504.31,48509.31,692
2026-04-16T09:30:00+00:00,48509.31,48520.81,48505.31,48512.31,606
2026-04-16T09:45:00+00:00,48512.31,48513.31,48496.31,48513.31,678
2026-04-16T10:00:00+00:00,48513.31,48535.81,48512.81,48534.81,815
2026-04-16T10:15:00+00:00,48534.81,48543.81,48532.81,48539.31,840
2026-04-16T10:30:00+00:00,48539.31,48556.31,48532.31,48554.81,1100
2026-04-16T10:45:00+00:00,48554.81,48556.81,48524.31,48533.81,1270
2026-04-16T11:00:00+00:00,48533.81,48537.81,48480.81,48535.31,2157
2026-04-16T11:15:00+00:00,48535.31,48548.81,48532.81,48548.81,838
2026-04-16T11:30:00+00:00,48548.81,48568.81,48548.81,48568.31,1007
2026-04-16T11:45:00+00:00,48568.31,48589.81,48562.31,48583.81,1256
2026-04-16T12:00:00+00:00,48583.81,48598.31,48574.31,48589.31,1369
2026-04-16T12:15:00+00:00,48589.31,48596.81,48579.81,48589.81,916
2026-04-16T12:30:00+00:00,48589.81,48630.31,48582.81,48626.31,1250
2026-04-16T12:45:00+00:00,48626.31,48632.81,48616.81,48617.31,1342
2026-04-16T13:00:00+00:00,48617.31,48637.81,48615.81,48628.81,1245
2026-04-16T13:15:00+00:00,48628.81,48636.81,48583.31,48610.81,2520
2026-04-16T13:30:00+00:00,48610.81,48703.659999999996,48552.159999999996,48582.659999999996,23653
2026-04-16T13:45:00+00:00,48582.659999999996,48590.659999999996,48428.159999999996,48483.159999999996,17552
2026-04-16T14:00:00+00:00,48483.159999999996,48492.659999999996,48411.159999999996,48435.159999999996,16451
2026-04-16T14:15:00+00:00,48435.159999999996,48451.659999999996,48361.159999999996,48398.159999999996,10797
2026-04-16T14:30:00+00:00,48398.159999999996,48408.659999999996,48367.659999999996,48401.659999999996,10713
2026-04-16T14:45:00+00:00,48401.659999999996,48468.659999999996,48395.659999999996,48453.659999999996,9157
2026-04-16T15:00:00+00:00,48453.659999999996,48560.159999999996,48452.159999999996,48560.159999999996,8371
2026-04-16T15:15:00+00:00,48560.159999999996,48604.659999999996,48472.159999999996,48472.659999999996,8333
2026-04-16T15:30:00+00:00,48472.659999999996,48557.659999999996,48449.659999999996,48513.659999999996,13663
2026-04-16T15:45:00+00:00,48513.659999999996,48591.659999999996,48512.159999999996,48588.159999999996,5978
2026-04-16T16:00:00+00:00,48588.159999999996,48616.659999999996,48576.659999999996,48588.659999999996,4405
2026-04-16T16:15:00+00:00,48588.659999999996,48619.659999999996,48579.659999999996,48609.659999999996,4767
2026-04-16T16:30:00+00:00,48609.659999999996,48615.159999999996,48512.159999999996,48549.659999999996,11801
2026-04-16T16:45:00+00:00,48549.659999999996,48565.659999999996,48500.659999999996,48510.659999999996,6385
2026-04-16T17:00:00+00:00,48510.659999999996,48514.659999999996,48467.659999999996,48481.159999999996,7236
2026-04-16T17:15:00+00:00,48481.159999999996,48532.159999999996,48468.159999999996,48522.659999999996,7266
2026-04-16T17:30:00+00:00,48522.659999999996,48567.659999999996,48519.659999999996,48561.659999999996,4906
2026-04-16T17:45:00+00:00,48561.659999999996,48564.659999999996,48512.659999999996,48540.159999999996,5796
2026-04-16T18:00:00+00:00,48540.159999999996,48586.659999999996,48529.159999999996,48583.159999999996,8283
2026-04-16T18:15:00+00:00,48583.159999999996,48608.159999999996,48548.659999999996,48560.659999999996,6423
2026-04-16T18:30:00+00:00,48560.659999999996,48592.159999999996,48558.659999999996,48579.159999999996,4972
2026-04-16T18:45:00+00:00,48579.159999999996,48584.659999999996,48548.659999999996,48569.659999999996,3782
2026-04-16T19:00:00+00:00,48569.659999999996,48597.159999999996,48565.659999999996,48575.659999999996,4238
2026-04-16T19:15:00+00:00,48575.659999999996,48616.159999999996,48574.659999999996,48596.659999999996,3289
2026-04-16T19:30:00+00:00,48596.659999999996,48629.159999999996,48591.659999999996,48615.659999999996,3967
2026-04-16T19:45:00+00:00,48615.659999999996,48638.659999999996,48591.659999999996,48597.159999999996,6057
2026-04-16T20:00:00+00:00,48597.159999999996,48628.31,48591.81,48621.31,1449
2026-04-16T20:15:00+00:00,48621.31,48628.81,48614.81,48624.31,555
2026-04-16T20:30:00+00:00,48624.31,48649.81,48623.81,48648.31,459
2026-04-16T20:45:00+00:00,48648.31,48665.31,48641.81,48661.06,510
2026-04-16T22:00:00+00:00,48661.06,48673.38999999999,48642.13999999999,48671.38999999999,501
2026-04-16T22:15:00+00:00,48671.38999999999,48679.38999999999,48669.38999999999,48678.88999999999,154
2026-04-16T22:30:00+00:00,48678.88999999999,48686.88999999999,48676.88999999999,48680.38999999999,325
2026-04-16T22:45:00+00:00,48680.38999999999,48687.38999999999,48676.88999999999,48684.38999999999,295
2026-04-16T23:00:00+00:00,48684.38999999999,48689.88999999999,48679.38999999999,48684.38999999999,242
2026-04-16T23:15:00+00:00,48684.38999999999,48704.88999999999,48683.38999999999,48692.38999999999,202
2026-04-16T23:30:00+00:00,48692.38999999999,48705.38999999999,48688.38999999999,48699.38999999999,331
2026-04-16T23:45:00+00:00,48699.38999999999,48699.88999999999,48682.88999999999,48688.38999999999,365
2026-04-17T00:00:00+00:00,48688.38999999999,48688.88999999999,48655.38999999999,48662.38999999999,1199
2026-04-17T00:15:00+00:00,48662.38999999999,48679.88999999999,48656.88999999999,48673.88999999999,1253
2026-04-17T00:30:00+00:00,48673.88999999999,48681.88999999999,48670.88999999999,48677.88999999999,661
2026-04-17T00:45:00+00:00,48677.88999999999,48680.88999999999,48673.38999999999,48678.38999999999,403
2026-04-17T01:00:00+00:00,48678.38999999999,48681.88999999999,48667.88999999999,48678.38999999999,702
2026-04-17T01:15:00+00:00,48678.38999999999,48685.88999999999,48669.38999999999,48672.38999999999,636
2026-04-17T01:30:00+00:00,48672.38999999999,48684.88999999999,48671.38999999999,48682.88999999999,553
2026-04-17T01:45:00+00:00,48682.88999999999,48687.88999999999,48672.88999999999,48683.38999999999,580
2026-04-17T02:00:00+00:00,48683.38999999999,48685.38999999999,48668.38999999999,48670.38999999999,422
2026-04-17T02:15:00+00:00,48670.38999999999,48673.38999999999,48655.88999999999,48659.88999999999,493
2026-04-17T02:30:00+00:00,48659.88999999999,48671.38999999999,48658.88999999999,48666.38999999999,360
2026-04-17T02:45:00+00:00,48666.38999999999,48669.38999999999,48660.88999999999,48667.88999999999,198
2026-04-17T03:00:00+00:00,48667.88999999999,48670.88999999999,48655.88999999999,48657.88999999999,316
2026-04-17T03:15:00+00:00,48657.88999999999,48665.88999999999,48654.88999999999,48660.88999999999,233
2026-04-17T03:30:00+00:00,48660.88999999999,48662.88999999999,48655.88999999999,48659.38999999999,315
2026-04-17T03:45:00+00:00,48659.38999999999,48665.88999999999,48659.38999999999,48662.38999999999,202
2026-04-17T04:00:00+00:00,48662.38999999999,48676.88999999999,48659.38999999999,48676.88999999999,274
2026-04-17T04:15:00+00:00,48676.88999999999,48688.88999999999,48668.38999999999,48669.88999999999,434
2026-04-17T04:30:00+00:00,48669.88999999999,48694.38999999999,48665.38999999999,48682.38999999999,424
2026-04-17T04:45:00+00:00,48682.38999999999,48693.38999999999,48679.38999999999,48681.88999999999,309
2026-04-17T05:00:00+00:00,48681.88999999999,48681.88999999999,48658.88999999999,48666.88999999999,529
2026-04-17T05:15:00+00:00,48666.88999999999,48692.38999999999,48666.88999999999,48692.38999999999,439
2026-04-17T05:30:00+00:00,48692.38999999999,48719.38999999999,48675.38999999999,48712.38999999999,818
2026-04-17T05:45:00+00:00,48712.38999999999,48718.88999999999,48709.88999999999,48715.88999999999,336
2026-04-17T06:00:00+00:00,48715.88999999999,48727.88999999999,48713.38999999999,48723.38999999999,727
2026-04-17T06:15:00+00:00,48723.38999999999,48730.88999999999,48699.88999999999,48705.38999999999,773
2026-04-17T06:30:00+00:00,48705.38999999999,48705.38999999999,48681.88999999999,48704.38999999999,934
2026-04-17T06:45:00+00:00,48704.38999999999,48718.38999999999,48701.88999999999,48705.38999999999,662
2026-04-17T07:00:00+00:00,48705.38999999999,48739.38999999999,48705.38999999999,48730.88999999999,1252
2026-04-17T07:15:00+00:00,48730.88999999999,48732.38999999999,48713.38999999999,48721.38999999999,940
2026-04-17T07:30:00+00:00,48721.38999999999,48729.38999999999,48716.38999999999,48725.38999999999,850
2026-04-17T07:45:00+00:00,48725.38999999999,48758.38999999999,48711.38999999999,48750.38999999999,1065
2026-04-17T08:00:00+00:00,48750.38999999999,48755.88999999999,48735.38999999999,48740.88999999999,1320
2026-04-17T08:15:00+00:00,48740.88999999999,48751.88999999999,48733.88999999999,48743.88999999999,988
2026-04-17T08:30:00+00:00,48743.88999999999,48769.88999999999,48734.88999999999,48765.88999999999,1091
2026-04-17T08:45:00+00:00,48765.88999999999,48767.88999999999,48752.88999999999,48766.88999999999,621
2026-04-17T09:00:00+00:00,48766.88999999999,48779.88999999999,48752.88999999999,48756.88999999999,909
2026-04-17T09:15:00+00:00,48756.88999999999,48778.88999999999,48747.88999999999,48773.88999999999,857
2026-04-17T09:30:00+00:00,48773.88999999999,48786.38999999999,48765.38999999999,48777.88999999999,869
2026-04-17T09:45:00+00:00,48777.88999999999,48786.38999999999,48768.88999999999,48776.88999999999,1112
2026-04-17T10:00:00+00:00,48776.88999999999,48777.88999999999,48758.38999999999,48768.88999999999,926
2026-04-17T10:15:00+00:00,48768.88999999999,48769.38999999999,48755.88999999999,48763.88999999999,776
2026-04-17T10:30:00+00:00,48763.88999999999,48770.88999999999,48752.88999999999,48760.88999999999,962
2026-04-17T10:45:00+00:00,48760.88999999999,48779.38999999999,48750.88999999999,48776.88999999999,983
2026-04-17T11:00:00+00:00,48776.88999999999,48806.88999999999,48773.88999999999,48798.88999999999,960
2026-04-17T11:15:00+00:00,48798.88999999999,48813.88999999999,48790.88999999999,48803.38999999999,742
2026-04-17T11:30:00+00:00,48803.38999999999,48825.38999999999,48803.38999999999,48823.38999999999,1092
2026-04-17T11:45:00+00:00,48823.38999999999,48853.38999999999,48816.88999999999,48848.38999999999,1004
2026-04-17T12:00:00+00:00,48848.38999999999,48884.38999999999,48835.88999999999,48881.88999999999,1521
2026-04-17T12:15:00+00:00,48881.88999999999,48958.38999999999,48861.88999999999,48954.38999999999,4132
2026-04-17T12:30:00+00:00,48954.38999999999,48989.38999999999,48944.88999999999,48969.38999999999,4362
2026-04-17T12:45:00+00:00,48969.38999999999,49173.38999999999,48959.38999999999,49166.38999999999,15916
2026-04-17T13:00:00+00:00,49166.38999999999,49217.88999999999,49113.38999999999,49188.38999999999,10257
2026-04-17T13:15:00+00:00,49188.38999999999,49211.38999999999,49096.88999999999,49110.88999999999,9803
2026-04-17T13:30:00+00:00,49110.88999999999,49337.24,49084.24,49168.24,36019
2026-04-17T13:45:00+00:00,49168.24,49381.74,49094.24,49352.74,25955
2026-04-17T14:00:00+00:00,49352.74,49473.24,49329.24,49436.74,15740
2026-04-17T14:15:00+00:00,49436.74,49583.24,49430.24,49547.24,14176
2026-04-17T14:30:00+00:00,49547.24,49650.24,49518.24,49633.24,12812
2026-04-17T14:45:00+00:00,49633.24,49687.24,49597.24,49597.74,11308
2026-04-17T15:00:00+00:00,49597.74,49658.74,49575.74,49581.24,14957
2026-04-17T15:15:00+00:00,49581.24,49606.24,49539.74,49568.24,11168
2026-04-17T15:30:00+00:00,49568.24,49615.74,49560.74,49581.24,9700
2026-04-17T15:45:00+00:00,49581.24,49711.24,49581.24,49694.24,10447
2026-04-17T16:00:00+00:00,49694.24,49740.24,49669.74,49685.24,7022
2026-04-17T16:15:00+00:00,49685.24,49702.74,49658.74,49687.74,5554
2026-04-17T16:30:00+00:00,49687.74,49752.24,49684.74,49748.24,5474
2026-04-17T16:45:00+00:00,49748.24,49761.24,49736.24,49738.24,3922
2026-04-17T17:00:00+00:00,49738.24,49749.24,49618.24,49636.74,9495
2026-04-17T17:15:00+00:00,49636.74,49649.24,49497.24,49551.74,16767
2026-04-17T17:30:00+00:00,49551.74,49572.24,49526.74,49533.24,9551
2026-04-17T17:45:00+00:00,49533.24,49609.24,49528.74,49577.74,5925
2026-04-17T18:00:00+00:00,49577.74,49590.74,49512.74,49519.24,7317
2026-04-17T18:15:00+00:00,49519.24,49567.74,49500.24,49527.24,9753
2026-04-17T18:30:00+00:00,49527.24,49555.24,49502.24,49530.24,5544
2026-04-17T18:45:00+00:00,49530.24,49537.24,49473.24,49491.24,6130
2026-04-17T19:00:00+00:00,49491.24,49509.24,49450.24,49455.24,5409
2026-04-17T19:15:00+00:00,49455.24,49484.24,49442.24,49443.24,4894
2026-04-17T19:30:00+00:00,49443.24,49531.74,49443.24,49524.24,5951
2026-04-17T19:45:00+00:00,49524.24,49524.24,49463.74,49475.24,9873
2026-04-17T20:00:00+00:00,49475.24,49508.88999999999,49474.38999999999,49503.88999999999,2109
2026-04-17T20:15:00+00:00,49503.88999999999,49519.13,49473.63,49494.13,1239
2026-04-17T20:30:00+00:00,49494.13,49508.13,49484.63,49494.88,597
2026-04-19T22:00:00+00:00,49494.88,49494.88,48922.52999999999,49028.77999999999,5469
2026-04-19T22:15:00+00:00,49028.77999999999,49054.77999999999,49005.77999999999,49008.27999999999,3112
2026-04-19T22:30:00+00:00,49008.27999999999,49095.77999999999,49001.77999999999,49080.27999999999,1930
2026-04-19T22:45:00+00:00,49080.27999999999,49090.77999999999,49044.77999999999,49049.77999999999,1613
2026-04-19T23:00:00+00:00,49049.77999999999,49066.27999999999,49020.77999999999,49023.27999999999,1332
2026-04-19T23:15:00+00:00,49023.27999999999,49037.77999999999,49020.27999999999,49028.77999999999,1028
2026-04-19T23:30:00+00:00,49028.77999999999,49030.77999999999,48992.27999999999,49005.77999999999,1012
2026-04-19T23:45:00+00:00,49005.77999999999,49010.77999999999,48976.77999999999,49001.77999999999,1311
2026-04-20T00:00:00+00:00,49001.77999999999,49016.27999999999,48972.77999999999,49009.77999999999,3210
2026-04-20T00:15:00+00:00,49009.77999999999,49061.77999999999,49007.27999999999,49041.27999999999,3204
2026-04-20T00:30:00+00:00,49041.27999999999,49044.27999999999,49013.27999999999,49030.27999999999,2003
2026-04-20T00:45:00+00:00,49030.27999999999,49043.27999999999,49025.77999999999,49040.77999999999,1232
2026-04-20T01:00:00+00:00,49040.77999999999,49083.77999999999,49040.77999999999,49078.27999999999,2290
2026-04-20T01:15:00+00:00,49078.27999999999,49086.27999999999,49063.77999999999,49077.27999999999,1104
2026-04-20T01:30:00+00:00,49077.27999999999,49119.77999999999,49077.27999999999,49115.27999999999,1115
2026-04-20T01:45:00+00:00,49115.27999999999,49140.27999999999,49109.77999999999,49130.77999999999,757
2026-04-20T02:00:00+00:00,49130.77999999999,49131.27999999999,49109.77999999999,49118.27999999999,866
2026-04-20T02:15:00+00:00,49118.27999999999,49134.77999999999,49113.27999999999,49128.27999999999,734
2026-04-20T02:30:00+00:00,49128.27999999999,49135.77999999999,49126.27999999999,49129.27999999999,538
2026-04-20T02:45:00+00:00,49129.27999999999,49132.77999999999,49112.27999999999,49129.77999999999,621
2026-04-20T03:00:00+00:00,49129.77999999999,49136.27999999999,49119.77999999999,49125.77999999999,580
2026-04-20T03:15:00+00:00,49125.77999999999,49139.27999999999,49115.77999999999,49133.77999999999,502
2026-04-20T03:30:00+00:00,49133.77999999999,49143.77999999999,49121.27999999999,49125.27999999999,576
2026-04-20T03:45:00+00:00,49125.27999999999,49125.27999999999,49101.27999999999,49103.77999999999,673
2026-04-20T04:00:00+00:00,49103.77999999999,49117.27999999999,49095.77999999999,49108.77999999999,609
2026-04-20T04:15:00+00:00,49108.77999999999,49117.27999999999,49103.77999999999,49113.27999999999,444
2026-04-20T04:30:00+00:00,49113.27999999999,49123.77999999999,49100.27999999999,49122.27999999999,508
2026-04-20T04:45:00+00:00,49122.27999999999,49141.77999999999,49119.77999999999,49133.27999999999,689
2026-04-20T05:00:00+00:00,49133.27999999999,49136.77999999999,49115.77999999999,49121.77999999999,712
2026-04-20T05:15:00+00:00,49121.77999999999,49128.77999999999,49098.27999999999,49100.27999999999,907
2026-04-20T05:30:00+00:00,49100.27999999999,49107.77999999999,49076.77999999999,49078.27999999999,1557
2026-04-20T05:45:00+00:00,49078.27999999999,49109.77999999999,49075.77999999999,49108.77999999999,1391
2026-04-20T06:00:00+00:00,49108.77999999999,49128.27999999999,49104.27999999999,49114.27999999999,1739
2026-04-20T06:15:00+00:00,49114.27999999999,49124.27999999999,49108.27999999999,49121.27999999999,1176
2026-04-20T06:30:00+00:00,49121.27999999999,49138.77999999999,49113.27999999999,49118.77999999999,1668
2026-04-20T06:45:00+00:00,49118.77999999999,49181.27999999999,49101.27999999999,49154.77999999999,3284
2026-04-20T07:00:00+00:00,49154.77999999999,49189.27999999999,49142.27999999999,49175.77999999999,4391
2026-04-20T07:15:00+00:00,49175.77999999999,49204.77999999999,49149.77999999999,49160.27999999999,2806
2026-04-20T07:30:00+00:00,49160.27999999999,49168.27999999999,49099.77999999999,49117.77999999999,5443
2026-04-20T07:45:00+00:00,49117.77999999999,49118.27999999999,49077.77999999999,49110.27999999999,2385
2026-04-20T08:00:00+00:00,49110.27999999999,49140.27999999999,49079.27999999999,49131.77999999999,3187
2026-04-20T08:15:00+00:00,49131.77999999999,49153.27999999999,49101.77999999999,49149.27999999999,2641
2026-04-20T08:30:00+00:00,49149.27999999999,49154.77999999999,49121.27999999999,49151.77999999999,1809
2026-04-20T08:45:00+00:00,49151.77999999999,49207.77999999999,49150.27999999999,49201.27999999999,2493
2026-04-20T09:00:00+00:00,49201.27999999999,49230.27999999999,49177.77999999999,49184.77999999999,2197
2026-04-20T09:15:00+00:00,49184.77999999999,49198.27999999999,49170.27999999999,49196.77999999999,1438
2026-04-20T09:30:00+00:00,49196.77999999999,49212.27999999999,49184.77999999999,49212.27999999999,1227
2026-04-20T09:45:00+00:00,49212.27999999999,49217.27999999999,49196.77999999999,49197.27999999999,1033
2026-04-20T10:00:00+00:00,49197.27999999999,49258.27999999999,49197.27999999999,49241.77999999999,1387
2026-04-20T10:15:00+00:00,49241.77999999999,49267.77999999999,49221.27999999999,49230.77999999999,1525
2026-04-20T10:30:00+00:00,49230.77999999999,49234.77999999999,49196.77999999999,49202.27999999999,938
2026-04-20T10:45:00+00:00,49202.27999999999,49218.27999999999,49189.27999999999,49191.77999999999,1436
2026-04-20T11:00:00+00:00,49191.77999999999,49197.27999999999,49150.77999999999,49193.27999999999,2025
2026-04-20T11:15:00+00:00,49193.27999999999,49198.27999999999,49172.27999999999,49177.77999999999,1561
2026-04-20T11:30:00+00:00,49177.77999999999,49209.27999999999,49170.77999999999,49209.27999999999,3116
2026-04-20T11:45:00+00:00,49209.27999999999,49240.27999999999,49203.27999999999,49235.77999999999,2243
2026-04-20T12:00:00+00:00,49235.77999999999,49267.77999999999,49213.77999999999,49242.27999999999,3154
2026-04-20T12:15:00+00:00,49242.27999999999,49268.27999999999,49228.27999999999,49242.77999999999,2305
2026-04-20T12:30:00+00:00,49242.77999999999,49265.77999999999,49230.27999999999,49258.27999999999,2540
2026-04-20T12:45:00+00:00,49258.27999999999,49300.27999999999,49258.27999999999,49275.77999999999,2341
2026-04-20T13:00:00+00:00,49275.77999999999,49343.27999999999,49256.77999999999,49292.77999999999,6314
2026-04-20T13:15:00+00:00,49292.77999999999,49383.27999999999,49271.27999999999,49383.27999999999,3606
2026-04-20T13:30:00+00:00,49383.27999999999,49516.63,49381.13,49476.63,27040
2026-04-20T13:45:00+00:00,49476.63,49519.13,49437.63,49479.63,16421
2026-04-20T14:00:00+00:00,49479.63,49505.13,49397.63,49461.63,13040
2026-04-20T14:15:00+00:00,49461.63,49498.13,49441.63,49455.63,12344
2026-04-20T14:30:00+00:00,49455.63,49460.13,49350.13,49367.63,12620
2026-04-20T14:45:00+00:00,49367.63,49422.63,49266.52999999999,49348.13,19201
2026-04-20T15:00:00+00:00,49348.13,49375.63,49318.63,49342.63,14309
2026-04-20T15:15:00+00:00,49342.63,49458.13,49324.63,49442.13,15644
2026-04-20T15:30:00+00:00,49442.13,49444.63,49378.13,49435.13,10196
2026-04-20T15:45:00+00:00,49435.13,49445.63,49408.63,49436.13,6633
2026-04-20T16:00:00+00:00,49436.13,49439.63,49385.63,49392.63,5616
2026-04-20T16:15:00+00:00,49392.63,49423.63,49347.63,49409.63,5296
2026-04-20T16:30:00+00:00,49409.63,49427.13,49369.63,49389.63,5974
2026-04-20T16:45:00+00:00,49389.63,49413.13,49387.63,49408.63,3712
2026-04-20T17:00:00+00:00,49408.63,49448.63,49383.13,49444.63,5384
2026-04-20T17:15:00+00:00,49444.63,49461.13,49428.13,49431.63,4062
2026-04-20T17:30:00+00:00,49431.63,49438.13,49374.63,49394.63,5693
2026-04-20T17:45:00+00:00,49394.63,49396.63,49369.63,49381.63,3612
2026-04-20T18:00:00+00:00,49381.63,49426.13,49355.13,49419.13,5419
2026-04-20T18:15:00+00:00,49419.13,49462.13,49409.52999999999,49425.63,4323
2026-04-20T18:30:00+00:00,49425.63,49433.63,49387.63,49402.63,4214
2026-04-20T18:45:00+00:00,49402.63,49445.13,49397.63,49420.63,2804
2026-04-20T19:00:00+00:00,49420.63,49460.63,49420.63,49443.63,2487
2026-04-20T19:15:00+00:00,49443.63,49446.63,49421.63,49426.63,2489
2026-04-20T19:30:00+00:00,49426.63,49442.13,49398.63,49402.63,3819
2026-04-20T19:45:00+00:00,49402.63,49476.13,49397.63,49472.63,6836
2026-04-20T20:00:00+00:00,49472.63,49475.77999999999,49455.27999999999,49468.27999999999,1625
2026-04-20T20:15:00+00:00,49468.27999999999,49475.77999999999,49455.27999999999,49474.27999999999,643
2026-04-20T20:30:00+00:00,49474.27999999999,49563.77999999999,49460.27999999999,49544.77999999999,2660
2026-04-20T20:45:00+00:00,49544.77999999999,49545.77999999999,49513.27999999999,49529.02999999999,1440
2026-04-20T22:00:00+00:00,49529.02999999999,49575.88,49517.63,49554.88,943
2026-04-20T22:15:00+00:00,49554.88,49562.88,49547.88,49553.88,529
2026-04-20T22:30:00+00:00,49553.88,49554.38,49540.38,49549.88,473
2026-04-20T22:45:00+00:00,49549.88,49561.38,49546.38,49560.88,419
2026-04-20T23:00:00+00:00,49560.88,49563.38,49553.88,49559.88,221
2026-04-20T23:15:00+00:00,49559.88,49560.88,49553.88,49555.38,202.9008672248804
2026-04-20T23:30:00+00:00,49555.38,49557.38,49550.88,49554.88,171
2026-04-20T23:45:00+00:00,49554.88,49554.88,49537.38,49545.38,274
2026-04-21T00:00:00+00:00,49545.38,49551.88,49525.38,49535.38,1298
2026-04-21T00:15:00+00:00,49535.38,49540.38,49509.88,49511.88,1062
2026-04-21T00:30:00+00:00,49511.88,49520.88,49494.88,49515.38,927
2026-04-21T00:45:00+00:00,49515.38,49554.88,49511.88,49553.38,2092
2026-04-21T01:00:00+00:00,49553.38,49555.38,49531.38,49534.88,980
2026-04-21T01:15:00+00:00,49534.88,49555.38,49530.88,49555.38,624
2026-04-21T01:30:00+00:00,49555.38,49584.38,49551.88,49584.38,982
2026-04-21T01:45:00+00:00,49584.38,49587.88,49556.88,49563.38,757
2026-04-21T02:00:00+00:00,49563.38,49572.38,49562.38,49570.38,494
2026-04-21T02:15:00+00:00,49570.38,49571.88,49562.38,49569.88,380
2026-04-21T02:30:00+00:00,49569.88,49586.88,49557.38,49583.88,581
2026-04-21T02:45:00+00:00,49583.88,49588.38,49562.38,49564.88,372
2026-04-21T03:00:00+00:00,49564.88,49568.38,49548.38,49551.38,397
2026-04-21T03:15:00+00:00,49551.38,49551.38,49514.38,49531.88,957
2026-04-21T03:30:00+00:00,49531.88,49536.38,49523.88,49529.88,380
2026-04-21T03:45:00+00:00,49529.88,49537.38,49529.38,49534.88,312
2026-04-21T04:00:00+00:00,49534.88,49550.88,49534.88,49545.38,305
2026-04-21T04:15:00+00:00,49545.38,49560.88,49544.88,49556.38,246
2026-04-21T04:30:00+00:00,49556.38,49565.38,49552.38,49556.38,266
2026-04-21T04:45:00+00:00,49556.38,49560.38,49547.38,49557.38,469
2026-04-21T05:00:00+00:00,49557.38,49605.38,49556.88,49605.38,712
2026-04-21T05:15:00+00:00,49605.38,49607.38,49584.88,49590.88,634
2026-04-21T05:30:00+00:00,49590.88,49591.38,49584.38,49584.38,391
2026-04-21T05:45:00+00:00,49584.38,49584.38,49562.38,49563.38,518
2026-04-21T06:00:00+00:00,49563.38,49578.38,49550.38,49571.88,1157
2026-04-21T06:15:00+00:00,49571.88,49579.38,49561.38,49563.38,743
2026-04-21T06:30:00+00:00,49563.38,49569.38,49560.38,49561.38,761
2026-04-21T06:45:00+00:00,49561.38,49564.38,49555.88,49558.38,606
2026-04-21T07:00:00+00:00,49558.38,49559.38,49505.38,49531.88,2301
2026-04-21T07:15:00+00:00,49531.88,49558.88,49530.88,49545.38,1729
2026-04-21T07:30:00+00:00,49545.38,49557.88,49535.88,49547.88,1235
2026-04-21T07:45:00+00:00,49547.88,49586.88,49543.88,49545.88,1542
2026-04-21T08:00:00+00:00,49545.88,49554.38,49518.88,49522.88,2190
2026-04-21T08:15:00+00:00,49522.88,49576.88,49522.38,49570.38,1771
2026-04-21T08:30:00+00:00,49570.38,49594.88,49558.88,49585.88,1639
2026-04-21T08:45:00+00:00,49585.88,49595.88,49576.38,49578.88,1219
2026-04-21T09:00:00+00:00,49578.88,49579.88,49549.88,49562.88,1568
2026-04-21T09:15:00+00:00,49562.88,49582.38,49561.38,49572.88,1034
2026-04-21T09:30:00+00:00,49572.88,49584.38,49569.88,49577.38,801
2026-04-21T09:45:00+00:00,49577.38,49757.38,49574.38,49754.88,3589
2026-04-21T10:00:00+00:00,49754.88,49773.88,49733.88,49743.38,2469
2026-04-21T10:15:00+00:00,49743.38,49749.88,49723.88,49741.88,1016
2026-04-21T10:30:00+00:00,49741.88,49796.38,49719.88,49762.38,1926
2026-04-21T10:45:00+00:00,49762.38,49787.88,49758.88,49775.38,1240
2026-04-21T11:00:00+00:00,49775.38,49799.88,49719.88,49746.88,3699
2026-04-21T11:15:00+00:00,49746.88,49794.38,49738.38,49794.38,1625
2026-04-21T11:30:00+00:00,49794.38,49820.88,49790.88,49802.38,1770
2026-04-21T11:45:00+00:00,49802.38,49803.38,49756.88,49758.38,1960
2026-04-21T12:00:00+00:00,49758.38,49782.88,49756.38,49757.88,1938
2026-04-21T12:15:00+00:00,49757.88,49766.88,49719.88,49766.38,2844
2026-04-21T12:30:00+00:00,49766.38,49787.38,49681.38,49701.88,5271
2026-04-21T12:45:00+00:00,49701.88,49728.88,49686.88,49714.88,3894
2026-04-21T13:00:00+00:00,49714.88,49728.88,49695.88,49702.38,3201
2026-04-21T13:15:00+00:00,49702.38,49769.38,49701.38,49767.38,3323
2026-04-21T13:30:00+00:00,49767.38,49785.229999999996,49663.729999999996,49777.729999999996,23651
2026-04-21T13:45:00+00:00,49777.729999999996,49882.729999999996,49774.729999999996,49814.729999999996,14433
2026-04-21T14:00:00+00:00,49814.729999999996,49854.729999999996,49761.729999999996,49810.229999999996,11487
2026-04-21T14:15:00+00:00,49810.229999999996,49820.729999999996,49704.229999999996,49729.729999999996,10435
2026-04-21T14:30:00+00:00,49729.729999999996,49745.729999999996,49640.229999999996,49644.729999999996,14261
2026-04-21T14:45:00+00:00,49644.729999999996,49645.729999999996,49458.729999999996,49467.729999999996,17053
2026-04-21T15:00:00+00:00,49467.729999999996,49491.729999999996,49387.729999999996,49478.729999999996,24568
2026-04-21T15:15:00+00:00,49478.729999999996,49498.729999999996,49346.229999999996,49379.229999999996,17303
2026-04-21T15:30:00+00:00,49379.229999999996,49421.229999999996,49329.729999999996,49385.729999999996,16271
2026-04-21T15:45:00+00:00,49385.729999999996,49428.229999999996,49355.729999999996,49392.729999999996,12216
2026-04-21T16:00:00+00:00,49392.729999999996,49472.729999999996,49392.729999999996,49423.729999999996,12079
2026-04-21T16:15:00+00:00,49423.729999999996,49432.229999999996,49365.729999999996,49399.729999999996,7358
2026-04-21T16:30:00+00:00,49399.729999999996,49435.229999999996,49355.729999999996,49366.729999999996,7472
2026-04-21T16:45:00+00:00,49366.729999999996,49406.729999999996,49319.729999999996,49320.729999999996,7181
2026-04-21T17:00:00+00:00,49320.729999999996,49368.729999999996,49231.229999999996,49248.729999999996,17161
2026-04-21T17:15:00+00:00,49248.729999999996,49273.229999999996,49185.729999999996,49257.729999999996,10884
2026-04-21T17:30:00+00:00,49257.729999999996,49452.729999999996,49247.729999999996,49380.229999999996,21351
2026-04-21T17:45:00+00:00,49380.229999999996,49385.729999999996,49294.729999999996,49326.729999999996,10175
2026-04-21T18:00:00+00:00,49326.729999999996,49368.229999999996,49283.729999999996,49310.729999999996,8307
2026-04-21T18:15:00+00:00,49310.729999999996,49339.729999999996,49219.729999999996,49249.729999999996,12259
2026-04-21T18:30:00+00:00,49249.729999999996,49292.729999999996,49235.229999999996,49245.729999999996,6681
2026-04-21T18:45:00+00:00,49245.729999999996,49353.729999999996,49226.729999999996,49304.729999999996,16774
2026-04-21T19:00:00+00:00,49304.729999999996,49365.229999999996,49285.229999999996,49319.229999999996,13372
2026-04-21T19:15:00+00:00,49319.229999999996,49407.729999999996,49294.229999999996,49404.729999999996,11119
2026-04-21T19:30:00+00:00,49404.729999999996,49405.729999999996,49067.729999999996,49105.729999999996,23434
2026-04-21T19:45:00+00:00,49105.729999999996,49212.729999999996,49100.729999999996,49177.729999999996,24849
2026-04-21T20:00:00+00:00,49177.729999999996,49441.88,49131.38,49322.88,14203
2026-04-21T20:15:00+00:00,49322.88,49357.38,49297.38,49314.88,6186
2026-04-21T20:30:00+00:00,49314.88,49344.38,49306.38,49321.38,2480
2026-04-21T20:45:00+00:00,49321.38,49363.88,49301.88,49323.63,2163
2026-04-21T22:00:00+00:00,49323.63,49387.03999999999,49323.63,49377.53999999999,2039
2026-04-21T22:15:00+00:00,49377.53999999999,49382.03999999999,49360.03999999999,49366.03999999999,517
2026-04-21T22:30:00+00:00,49366.03999999999,49374.03999999999,49355.53999999999,49362.53999999999,510
2026-04-21T22:45:00+00:00,49362.53999999999,49369.03999999999,49339.03999999999,49349.53999999999,723
2026-04-21T23:00:00+00:00,49349.53999999999,49370.53999999999,49335.53999999999,49364.53999999999,498
2026-04-21T23:15:00+00:00,49364.53999999999,49376.53999999999,49356.53999999999,49362.53999999999,462
2026-04-21T23:30:00+00:00,49362.53999999999,49378.03999999999,49350.53999999999,49377.03999999999,530
2026-04-21T23:45:00+00:00,49377.03999999999,49388.53999999999,49375.53999999999,49387.03999999999,681
2026-04-22T00:00:00+00:00,49387.03999999999,49419.53999999999,49387.03999999999,49409.03999999999,1679
2026-04-22T00:15:00+00:00,49409.03999999999,49430.03999999999,49395.03999999999,49416.03999999999,1595
2026-04-22T00:30:00+00:00,49416.03999999999,49423.03999999999,49408.03999999999,49414.03999999999,858
2026-04-22T00:45:00+00:00,49414.03999999999,49414.03999999999,49393.03999999999,49395.53999999999,1071
2026-04-22T01:00:00+00:00,49395.53999999999,49417.03999999999,49394.03999999999,49407.53999999999,1195
2026-04-22T01:15:00+00:00,49407.53999999999,49410.53999999999,49396.53999999999,49403.03999999999,840
2026-04-22T01:30:00+00:00,49403.03999999999,49437.03999999999,49398.53999999999,49420.03999999999,1050
2026-04-22T01:45:00+00:00,49420.03999999999,49425.03999999999,49404.53999999999,49420.03999999999,918
2026-04-22T02:00:00+00:00,49420.03999999999,49436.03999999999,49419.53999999999,49434.53999999999,796
2026-04-22T02:15:00+00:00,49434.53999999999,49439.03999999999,49423.53999999999,49435.53999999999,503
2026-04-22T02:30:00+00:00,49435.53999999999,49437.53999999999,49420.03999999999,49420.03999999999,467
2026-04-22T02:45:00+00:00,49420.03999999999,49427.03999999999,49415.53999999999,49419.03999999999,393
2026-04-22T03:00:00+00:00,49419.03999999999,49432.03999999999,49412.53999999999,49413.03999999999,438
2026-04-22T03:15:00+00:00,49413.03999999999,49418.03999999999,49407.53999999999,49409.03999999999,408
2026-04-22T03:30:00+00:00,49409.03999999999,49421.03999999999,49389.03999999999,49402.53999999999,706
2026-04-22T03:45:00+00:00,49402.53999999999,49409.53999999999,49394.03999999999,49396.03999999999,344
2026-04-22T04:00:00+00:00,49396.03999999999,49411.53999999999,49386.53999999999,49407.03999999999,520
2026-04-22T04:15:00+00:00,49407.03999999999,49409.03999999999,49389.53999999999,49390.03999999999,512
2026-04-22T04:30:00+00:00,49390.03999999999,49392.53999999999,49381.03999999999,49388.53999999999,412
2026-04-22T04:45:00+00:00,49388.53999999999,49395.53999999999,49369.53999999999,49371.03999999999,750
2026-04-22T05:00:00+00:00,49371.03999999999,49399.03999999999,49367.03999999999,49394.03999999999,772
2026-04-22T05:15:00+00:00,49394.03999999999,49491.53999999999,49391.53999999999,49446.03999999999,4185
2026-04-22T05:30:00+00:00,49446.03999999999,49468.03999999999,49441.53999999999,49459.53999999999,1138
2026-04-22T05:45:00+00:00,49459.53999999999,49464.03999999999,49441.53999999999,49447.03999999999,754
2026-04-22T06:00:00+00:00,49447.03999999999,49449.03999999999,49408.53999999999,49415.03999999999,1348
2026-04-22T06:15:00+00:00,49415.03999999999,49435.03999999999,49402.53999999999,49434.53999999999,972
2026-04-22T06:30:00+00:00,49434.53999999999,49471.53999999999,49433.03999999999,49450.53999999999,1533
2026-04-22T06:45:00+00:00,49450.53999999999,49469.03999999999,49445.53999999999,49458.53999999999,944
2026-04-22T07:00:00+00:00,49458.53999999999,49491.53999999999,49456.53999999999,49464.53999999999,1997
2026-04-22T07:15:00+00:00,49464.53999999999,49479.03999999999,49431.53999999999,49473.03999999999,1843
2026-04-22T07:30:00+00:00,49473.03999999999,49483.03999999999,49438.03999999999,49479.53999999999,2036
2026-04-22T07:45:00+00:00,49479.53999999999,49490.03999999999,49444.03999999999,49455.53999999999,1803
2026-04-22T08:00:00+00:00,49455.53999999999,49466.03999999999,49413.03999999999,49415.03999999999,2138
2026-04-22T08:15:00+00:00,49415.03999999999,49415.03999999999,49371.53999999999,49382.53999999999,2238
2026-04-22T08:30:00+00:00,49382.53999999999,49397.03999999999,49344.03999999999,49388.03999999999,2611
2026-04-22T08:45:00+00:00,49388.03999999999,49414.03999999999,49378.53999999999,49409.53999999999,1596
2026-04-22T09:00:00+00:00,49409.53999999999,49459.53999999999,49402.53999999999,49431.53999999999,3203
2026-04-22T09:15:00+00:00,49431.53999999999,49450.03999999999,49421.53999999999,49445.03999999999,1483
2026-04-22T09:30:00+00:00,49445.03999999999,49457.03999999999,49430.53999999999,49445.53999999999,1191
2026-04-22T09:45:00+00:00,49445.53999999999,49446.03999999999,49377.03999999999,49405.53999999999,2221
2026-04-22T10:00:00+00:00,49405.53999999999,49426.53999999999,49370.53999999999,49388.53999999999,3169
2026-04-22T10:15:00+00:00,49388.53999999999,49439.03999999999,49387.53999999999,49428.03999999999,1722
2026-04-22T10:30:00+00:00,49428.03999999999,49450.53999999999,49410.03999999999,49413.53999999999,1397
2026-04-22T10:45:00+00:00,49413.53999999999,49441.03999999999,49409.53999999999,49432.53999999999,1191
2026-04-22T11:00:00+00:00,49432.53999999999,49445.53999999999,49407.53999999999,49414.53999999999,1961
2026-04-22T11:15:00+00:00,49414.53999999999,49437.53999999999,49405.53999999999,49422.53999999999,1607
2026-04-22T11:30:00+00:00,49422.53999999999,49467.03999999999,49422.03999999999,49445.53999999999,2162
2026-04-22T11:45:00+00:00,49445.53999999999,49493.53999999999,49442.53999999999,49487.03999999999,1634
2026-04-22T12:00:00+00:00,49487.03999999999,49555.03999999999,49482.53999999999,49546.03999999999,2354
2026-04-22T12:15:00+00:00,49546.03999999999,49576.53999999999,49511.53999999999,49513.53999999999,2573
2026-04-22T12:30:00+00:00,49513.53999999999,49532.53999999999,49480.03999999999,49484.03999999999,3994
2026-04-22T12:45:00+00:00,49484.03999999999,49507.03999999999,49454.53999999999,49457.53999999999,2659
2026-04-22T13:00:00+00:00,49457.53999999999,49550.53999999999,49444.03999999999,49506.03999999999,5174
2026-04-22T13:15:00+00:00,49506.03999999999,49576.03999999999,49471.53999999999,49571.03999999999,5876
2026-04-22T13:30:00+00:00,49571.03999999999,49601.88999999999,49459.88999999999,49465.38999999999,25898
2026-04-22T13:45:00+00:00,49465.38999999999,49626.88999999999,49460.38999999999,49620.88999999999,17055
2026-04-22T14:00:00+00:00,49620.88999999999,49647.38999999999,49555.38999999999,49635.38999999999,13152
2026-04-22T14:15:00+00:00,49635.38999999999,49654.38999999999,49582.38999999999,49595.38999999999,10302
2026-04-22T14:30:00+00:00,49595.38999999999,49607.38999999999,49507.88999999999,49534.88999999999,14841
2026-04-22T14:45:00+00:00,49534.88999999999,49597.88999999999,49530.38999999999,49570.38999999999,9568
2026-04-22T15:00:00+00:00,49570.38999999999,49585.38999999999,49509.38999999999,49538.38999999999,11326
2026-04-22T15:15:00+00:00,49538.38999999999,49588.88999999999,49514.38999999999,49570.38999999999,7910
2026-04-22T15:30:00+00:00,49570.38999999999,49578.38999999999,49470.38999999999,49475.38999999999,7019
2026-04-22T15:45:00+00:00,49475.38999999999,49532.88999999999,49469.38999999999,49508.38999999999,6278
2026-04-22T16:00:00+00:00,49508.38999999999,49537.88999999999,49490.38999999999,49508.38999999999,5423
2026-04-22T16:15:00+00:00,49508.38999999999,49514.38999999999,49435.88999999999,49441.38999999999,4606
2026-04-22T16:30:00+00:00,49441.38999999999,49493.38999999999,49418.88999999999,49447.88999999999,6479
2026-04-22T16:45:00+00:00,49447.88999999999,49476.38999999999,49421.38999999999,49429.38999999999,5370
2026-04-22T17:00:00+00:00,49429.38999999999,49524.38999999999,49421.38999999999,49480.38999999999,7843
2026-04-22T17:15:00+00:00,49480.38999999999,49495.38999999999,49449.38999999999,49482.88999999999,4681
2026-04-22T17:30:00+00:00,49482.88999999999,49499.38999999999,49445.38999999999,49458.38999999999,3519
2026-04-22T17:45:00+00:00,49458.38999999999,49477.38999999999,49425.38999999999,49431.88999999999,4609
2026-04-22T18:00:00+00:00,49431.88999999999,49441.38999999999,49403.38999999999,49411.38999999999,3323
2026-04-22T18:15:00+00:00,49411.38999999999,49415.38999999999,49360.38999999999,49399.38999999999,4114
2026-04-22T18:30:00+00:00,49399.38999999999,49425.38999999999,49395.38999999999,49406.38999999999,3236
2026-04-22T18:45:00+00:00,49406.38999999999,49423.88999999999,49380.38999999999,49393.38999999999,3035
2026-04-22T19:00:00+00:00,49393.38999999999,49411.88999999999,49366.38999999999,49403.38999999999,5852
2026-04-22T19:15:00+00:00,49403.38999999999,49446.38999999999,49402.38999999999,49441.38999999999,3594
2026-04-22T19:30:00+00:00,49441.38999999999,49454.38999999999,49407.38999999999,49448.38999999999,3943
2026-04-22T19:45:00+00:00,49448.38999999999,49525.88999999999,49436.88999999999,49509.88999999999,6505
2026-04-22T20:00:00+00:00,49509.88999999999,49516.53999999999,49304.03999999999,49316.03999999999,6478
2026-04-22T20:15:00+00:00,49316.03999999999,49340.53999999999,49288.03999999999,49327.03999999999,3915
2026-04-22T20:30:00+00:00,49327.03999999999,49330.53999999999,49263.03999999999,49298.03999999999,1878
2026-04-22T20:45:00+00:00,49298.03999999999,49338.53999999999,49298.03999999999,49334.78999999999,1229
2026-04-22T22:00:00+00:00,49334.78999999999,49377.899999999994,49315.149999999994,49326.899999999994,1340
2026-04-22T22:15:00+00:00,49326.899999999994,49350.899999999994,49325.899999999994,49339.399999999994,533
2026-04-22T22:30:00+00:00,49339.399999999994,49341.399999999994,49323.399999999994,49327.399999999994,427
2026-04-22T22:45:00+00:00,49327.399999999994,49337.399999999994,49326.399999999994,49331.399999999994,217
2026-04-22T23:00:00+00:00,49331.399999999994,49342.399999999994,49323.399999999994,49336.399999999994,331.0539181449923
2026-04-22T23:15:00+00:00,49336.399999999994,49348.899999999994,49332.899999999994,49345.399999999994,396
2026-04-22T23:30:00+00:00,49345.399999999994,49345.399999999994,49333.399999999994,49337.399999999994,234
2026-04-22T23:45:00+00:00,49337.399999999994,49346.399999999994,49332.899999999994,49339.899999999994,400
2026-04-23T00:00:00+00:00,49339.899999999994,49340.399999999994,49067.399999999994,49067.399999999994,5491
2026-04-23T00:15:00+00:00,49067.399999999994,49306.399999999994,48977.899999999994,49295.399999999994,15405
2026-04-23T00:30:00+00:00,49295.399999999994,49331.399999999994,49267.899999999994,49294.899999999994,4223
2026-04-23T00:45:00+00:00,49294.899999999994,49322.399999999994,49274.899999999994,49305.899999999994,2655
2026-04-23T01:00:00+00:00,49305.899999999994,49306.399999999994,49255.899999999994,49270.399999999994,2614
2026-04-23T01:15:00+00:00,49270.399999999994,49280.399999999994,49236.899999999994,49241.899999999994,1707
2026-04-23T01:30:00+00:00,49241.899999999994,49263.899999999994,49222.899999999994,49241.899999999994,2515
2026-04-23T01:45:00+00:00,49241.899999999994,49245.399999999994,49213.399999999994,49223.899999999994,1891
2026-04-23T02:00:00+00:00,49223.899999999994,49225.899999999994,49185.399999999994,49188.399999999994,1744
2026-04-23T02:15:00+00:00,49188.399999999994,49238.899999999994,49175.399999999994,49193.899999999994,3533
2026-04-23T02:30:00+00:00,49193.899999999994,49220.399999999994,49176.899999999994,49198.899999999994,2417
2026-04-23T02:45:00+00:00,49198.899999999994,49213.399999999994,49174.899999999994,49183.899999999994,2068
2026-04-23T03:00:00+00:00,49183.899999999994,49212.399999999994,49177.399999999994,49186.899999999994,2389
2026-04-23T03:15:00+00:00,49186.899999999994,49192.399999999994,49157.899999999994,49160.899999999994,1363
2026-04-23T03:30:00+00:00,49160.899999999994,49163.899999999994,49131.899999999994,49142.899999999994,2193
2026-04-23T03:45:00+00:00,49142.899999999994,49174.899999999994,49141.899999999994,49165.899999999994,1893
2026-04-23T04:00:00+00:00,49165.899999999994,49183.899999999994,49145.399999999994,49182.899999999994,1426
2026-04-23T04:15:00+00:00,49182.899999999994,49189.899999999994,49172.399999999994,49183.899999999994,987
2026-04-23T04:30:00+00:00,49183.899999999994,49205.899999999994,49179.899999999994,49201.899999999994,893
2026-04-23T04:45:00+00:00,49201.899999999994,49208.899999999994,49192.399999999994,49202.899999999994,761
2026-04-23T05:00:00+00:00,49202.899999999994,49211.399999999994,49192.899999999994,49196.899999999994,928
2026-04-23T05:15:00+00:00,49196.899999999994,49198.399999999994,49175.899999999994,49189.899999999994,996
2026-04-23T05:30:00+00:00,49189.899999999994,49199.899999999994,49168.899999999994,49173.399999999994,1577
2026-04-23T05:45:00+00:00,49173.399999999994,49220.399999999994,49171.899999999994,49213.899999999994,1427
2026-04-23T06:00:00+00:00,49213.899999999994,49239.399999999994,49213.899999999994,49229.899999999994,1452
2026-04-23T06:15:00+00:00,49229.899999999994,49252.899999999994,49225.899999999994,49239.899999999994,1130
2026-04-23T06:30:00+00:00,49239.899999999994,49246.899999999994,49228.399999999994,49230.399999999994,1012
2026-04-23T06:45:00+00:00,49230.399999999994,49242.899999999994,49212.399999999994,49238.399999999994,1379
2026-04-23T07:00:00+00:00,49238.399999999994,49249.399999999994,49222.399999999994,49247.899999999994,2206
2026-04-23T07:15:00+00:00,49247.899999999994,49262.399999999994,49230.399999999994,49249.399999999994,1795
2026-04-23T07:30:00+00:00,49249.399999999994,49269.899999999994,49233.399999999994,49267.899999999994,2198
2026-04-23T07:45:00+00:00,49267.899999999994,49293.899999999994,49253.899999999994,49267.899999999994,2360
2026-04-23T08:00:00+00:00,49267.899999999994,49273.899999999994,49227.399999999994,49261.399999999994,2620
2026-04-23T08:15:00+00:00,49261.399999999994,49302.899999999994,49252.399999999994,49266.899999999994,2273
2026-04-23T08:30:00+00:00,49266.899999999994,49269.399999999994,49212.899999999994,49214.899999999994,2325
2026-04-23T08:45:00+00:00,49214.899999999994,49234.399999999994,49202.899999999994,49216.399999999994,2008
2026-04-23T09:00:00+00:00,49216.399999999994,49218.899999999994,49177.899999999994,49185.899999999994,2748
2026-04-23T09:15:00+00:00,49185.899999999994,49257.899999999994,49185.899999999994,49238.899999999994,2847
2026-04-23T09:30:00+00:00,49238.899999999994,49261.899999999994,49230.899999999994,49237.899999999994,1872
2026-04-23T09:45:00+00:00,49237.899999999994,49237.899999999994,49213.399999999994,49218.899999999994,1870
2026-04-23T10:00:00+00:00,49218.899999999994,49218.899999999994,49131.399999999994,49136.899999999994,3342
2026-04-23T10:15:00+00:00,49136.899999999994,49161.399999999994,49101.399999999994,49139.899999999994,2247
2026-04-23T10:30:00+00:00,49139.899999999994,49199.399999999994,49137.899999999994,49151.899999999994,2325
2026-04-23T10:45:00+00:00,49151.899999999994,49211.899999999994,49150.899999999994,49203.899999999994,2032
2026-04-23T11:00:00+00:00,49203.899999999994,49260.399999999994,49203.899999999994,49222.899999999994,2709
2026-04-23T11:15:00+00:00,49222.899999999994,49222.899999999994,49142.899999999994,49161.899999999994,2107
2026-04-23T11:30:00+00:00,49161.899999999994,49209.899999999994,49140.399999999994,49208.399999999994,3716
2026-04-23T11:45:00+00:00,49208.399999999994,49296.899999999994,49204.899999999994,49291.399999999994,5036
2026-04-23T12:00:00+00:00,49291.399999999994,49387.899999999994,49286.399999999994,49347.399999999994,4593
2026-04-23T12:15:00+00:00,49347.399999999994,49353.399999999994,49294.899999999994,49322.399999999994,2730
2026-04-23T12:30:00+00:00,49322.399999999994,49333.899999999994,49288.399999999994,49290.399999999994,3346
2026-04-23T12:45:00+00:00,49290.399999999994,49301.899999999994,49179.649999999994,49259.899999999994,5903
2026-04-23T13:00:00+00:00,49259.899999999994,49283.399999999994,49205.399999999994,49247.399999999994,3242
2026-04-23T13:15:00+00:00,49247.399999999994,49299.899999999994,49240.399999999994,49292.899999999994,2816
2026-04-23T13:30:00+00:00,49292.899999999994,49392.74999999999,49239.24999999999,49350.74999999999,18894
2026-04-23T13:45:00+00:00,49350.74999999999,49381.74999999999,49303.74999999999,49336.74999999999,12397
2026-04-23T14:00:00+00:00,49336.74999999999,49456.74999999999,49273.74999999999,49445.74999999999,14281
2026-04-23T14:15:00+00:00,49445.74999999999,49515.74999999999,49434.74999999999,49468.74999999999,10394
2026-04-23T14:30:00+00:00,49468.74999999999,49511.74999999999,49422.74999999999,49497.74999999999,8994
2026-04-23T14:45:00+00:00,49497.74999999999,49551.74999999999,49470.74999999999,49521.74999999999,7439
2026-04-23T15:00:00+00:00,49521.74999999999,49538.74999999999,49438.74999999999,49440.74999999999,6824
2026-04-23T15:15:00+00:00,49440.74999999999,49505.24999999999,49439.24999999999,49491.74999999999,5397
2026-04-23T15:30:00+00:00,49491.74999999999,49502.74999999999,49440.24999999999,49444.24999999999,5305
2026-04-23T15:45:00+00:00,49444.24999999999,49486.24999999999,49396.74999999999,49446.24999999999,10684
2026-04-23T16:00:00+00:00,49446.24999999999,49450.74999999999,49404.24999999999,49430.74999999999,6166
2026-04-23T16:15:00+00:00,49430.74999999999,49449.24999999999,49400.24999999999,49422.24999999999,5078
2026-04-23T16:30:00+00:00,49422.24999999999,49439.74999999999,49396.24999999999,49424.74999999999,4436
2026-04-23T16:45:00+00:00,49424.74999999999,49455.74999999999,49414.24999999999,49433.24999999999,4457
2026-04-23T17:00:00+00:00,49433.24999999999,49445.24999999999,49190.24999999999,49208.24999999999,23770
2026-04-23T17:15:00+00:00,49208.24999999999,49211.24999999999,49105.24999999999,49121.74999999999,22813
2026-04-23T17:30:00+00:00,49121.74999999999,49213.24999999999,48933.74999999999,48963.74999999999,24680
2026-04-23T17:45:00+00:00,48963.74999999999,49217.74999999999,48884.74999999999,49189.24999999999,39363
2026-04-23T18:00:00+00:00,49189.24999999999,49290.74999999999,49163.24999999999,49267.74999999999,23937
2026-04-23T18:15:00+00:00,49267.74999999999,49335.74999999999,49260.74999999999,49328.74999999999,13450
2026-04-23T18:30:00+00:00,49328.74999999999,49375.74999999999,49290.74999999999,49327.24999999999,9797
2026-04-23T18:45:00+00:00,49327.24999999999,49337.74999999999,49233.24999999999,49264.74999999999,10629
2026-04-23T19:00:00+00:00,49264.74999999999,49336.74999999999,49241.74999999999,49331.74999999999,11110
2026-04-23T19:15:00+00:00,49331.74999999999,49350.74999999999,49307.74999999999,49322.24999999999,6913
2026-04-23T19:30:00+00:00,49322.24999999999,49356.24999999999,49262.74999999999,49287.74999999999,11233
2026-04-23T19:45:00+00:00,49287.74999999999,49366.74999999999,49210.24999999999,49332.74999999999,11831
2026-04-23T20:00:00+00:00,49332.74999999999,49332.899999999994,49233.899999999994,49238.399999999994,3942
2026-04-23T20:15:00+00:00,49238.399999999994,49263.899999999994,49205.899999999994,49248.399999999994,2068
2026-04-23T20:30:00+00:00,49248.399999999994,49261.399999999994,49243.399999999994,49259.899999999994,817
2026-04-23T20:45:00+00:00,49259.899999999994,49261.399999999994,49215.399999999994,49236.149999999994,1127
2026-04-23T22:00:00+00:00,49236.149999999994,49299.09,49236.149999999994,49290.59,2131
2026-04-23T22:15:00+00:00,49290.59,49295.59,49270.59,49281.59,644
2026-04-23T22:30:00+00:00,49281.59,49288.09,49258.09,49270.59,666
2026-04-23T22:45:00+00:00,49270.59,49292.59,49270.59,49284.09,627
2026-04-23T23:00:00+00:00,49284.09,49290.09,49271.09,49273.59,404
2026-04-23T23:15:00+00:00,49273.59,49297.59,49267.59,49289.09,271
2026-04-23T23:30:00+00:00,49289.09,49307.09,49289.09,49296.09,540
2026-04-23T23:45:00+00:00,49296.09,49314.09,49296.09,49311.59,634
2026-04-24T00:00:00+00:00,49311.59,49333.09,49297.09,49332.09,1789
2026-04-24T00:15:00+00:00,49332.09,49341.59,49318.59,49330.59,1877
2026-04-24T00:30:00+00:00,49330.59,49341.59,49294.09,49305.09,1660
2026-04-24T00:45:00+00:00,49305.09,49315.09,49280.59,49291.59,1410
2026-04-24T01:00:00+00:00,49291.59,49296.59,49273.59,49280.59,1774
2026-04-24T01:15:00+00:00,49280.59,49288.59,49263.59,49279.59,1209
2026-04-24T01:30:00+00:00,49279.59,49285.59,49242.09,49264.09,2088
2026-04-24T01:45:00+00:00,49264.09,49281.09,49259.09,49270.59,1353
2026-04-24T02:00:00+00:00,49270.59,49273.09,49232.59,49235.09,1767
2026-04-24T02:15:00+00:00,49235.09,49240.09,49200.59,49204.09,1498
2026-04-24T02:30:00+00:00,49204.09,49221.09,49199.09,49205.59,1107
2026-04-24T02:45:00+00:00,49205.59,49206.59,49172.59,49180.59,1034
2026-04-24T03:00:00+00:00,49180.59,49193.59,49167.59,49172.09,1279
2026-04-24T03:15:00+00:00,49172.09,49200.59,49168.09,49182.59,1251
2026-04-24T03:30:00+00:00,49182.59,49195.09,49171.59,49185.09,1760
2026-04-24T03:45:00+00:00,49185.09,49213.59,49185.09,49193.09,997
2026-04-24T04:00:00+00:00,49193.09,49218.59,49183.09,49215.09,1067
2026-04-24T04:15:00+00:00,49215.09,49216.09,49188.59,49194.09,825
2026-04-24T04:30:00+00:00,49194.09,49214.09,49194.09,49211.09,887
2026-04-24T04:45:00+00:00,49211.09,49236.09,49209.09,49227.59,795
2026-04-24T05:00:00+00:00,49227.59,49229.59,49204.09,49223.09,1023
2026-04-24T05:15:00+00:00,49223.09,49238.59,49221.09,49233.59,928
2026-04-24T05:30:00+00:00,49233.59,49268.09,49233.59,49263.09,978
2026-04-24T05:45:00+00:00,49263.09,49275.09,49260.59,49269.59,569
2026-04-24T06:00:00+00:00,49269.59,49281.09,49251.59,49272.09,1115
2026-04-24T06:15:00+00:00,49272.09,49276.09,49237.09,49240.09,1079
2026-04-24T06:30:00+00:00,49240.09,49260.09,49236.09,49240.59,1507
2026-04-24T06:45:00+00:00,49240.59,49255.09,49233.59,49253.59,1103
2026-04-24T07:00:00+00:00,49253.59,49287.59,49247.09,49277.09,1819
2026-04-24T07:15:00+00:00,49277.09,49298.09,49251.09,49284.59,1485
2026-04-24T07:30:00+00:00,49284.59,49284.59,49235.59,49242.09,1596
2026-04-24T07:45:00+00:00,49242.09,49279.09,49235.59,49275.09,1375
2026-04-24T08:00:00+00:00,49275.09,49284.09,49193.59,49196.59,3213
2026-04-24T08:15:00+00:00,49196.59,49261.09,49182.09,49195.09,3884
2026-04-24T08:30:00+00:00,49195.09,49196.59,49153.09,49157.09,2492
2026-04-24T08:45:00+00:00,49157.09,49189.59,49139.09,49152.59,2331
2026-04-24T09:00:00+00:00,49152.59,49185.09,49139.09,49177.09,2113
2026-04-24T09:15:00+00:00,49177.09,49187.09,49100.59,49155.59,3854
2026-04-24T09:30:00+00:00,49155.59,49186.09,49148.09,49185.59,1549
2026-04-24T09:45:00+00:00,49185.59,49191.09,49160.09,49167.09,1563
2026-04-24T10:00:00+00:00,49167.09,49192.59,49166.09,49179.59,1944
2026-04-24T10:15:00+00:00,49179.59,49202.59,49177.59,49196.09,1532
2026-04-24T10:30:00+00:00,49196.09,49197.59,49164.59,49183.59,1432
2026-04-24T10:45:00+00:00,49183.59,49211.59,49172.09,49189.59,1258
2026-04-24T11:00:00+00:00,49189.59,49373.09,49187.09,49314.59,10880
2026-04-24T11:15:00+00:00,49314.59,49436.09,49287.09,49432.59,9924
2026-04-24T11:30:00+00:00,49432.59,49446.09,49331.59,49333.09,4690
2026-04-24T11:45:00+00:00,49333.09,49333.59,49293.09,49322.59,3009
2026-04-24T12:00:00+00:00,49322.59,49355.09,49292.09,49335.09,3480
2026-04-24T12:15:00+00:00,49335.09,49348.59,49272.59,49311.09,4742
2026-04-24T12:30:00+00:00,49311.09,49323.09,49238.09,49251.09,3689
2026-04-24T12:45:00+00:00,49251.09,49276.09,49178.59,49236.09,4998
2026-04-24T13:00:00+00:00,49236.09,49314.09,49236.09,49288.59,4025
2026-04-24T13:15:00+00:00,49288.59,49318.59,49279.09,49317.09,4592
2026-04-24T13:30:00+00:00,49317.09,49363.939999999995,49113.439999999995,49149.939999999995,30305
2026-04-24T13:45:00+00:00,49149.939999999995,49193.439999999995,49100.939999999995,49163.439999999995,19538
2026-04-24T14:00:00+00:00,49163.439999999995,49177.939999999995,49090.939999999995,49149.439999999995,22164
2026-04-24T14:15:00+00:00,49149.439999999995,49186.939999999995,49103.439999999995,49147.939999999995,14187
2026-04-24T14:30:00+00:00,49147.939999999995,49223.939999999995,49138.939999999995,49182.939999999995,14474
2026-04-24T14:45:00+00:00,49182.939999999995,49206.939999999995,49144.84,49152.939999999995,9074
2026-04-24T15:00:00+00:00,49152.939999999995,49173.439999999995,49112.939999999995,49125.939999999995,7784
2026-04-24T15:15:00+00:00,49125.939999999995,49180.939999999995,49125.939999999995,49149.939999999995,6887
2026-04-24T15:30:00+00:00,49149.939999999995,49256.439999999995,49116.939999999995,49245.939999999995,8865
2026-04-24T15:45:00+00:00,49245.939999999995,49314.939999999995,49222.439999999995,49258.939999999995,22512
2026-04-24T16:00:00+00:00,49258.939999999995,49276.939999999995,49231.439999999995,49238.939999999995,7908
2026-04-24T16:15:00+00:00,49238.939999999995,49246.439999999995,49167.439999999995,49175.939999999995,4887
2026-04-24T16:30:00+00:00,49175.939999999995,49218.439999999995,49138.439999999995,49157.939999999995,5858
2026-04-24T16:45:00+00:00,49157.939999999995,49205.439999999995,49148.939999999995,49190.939999999995,5159
2026-04-24T17:00:00+00:00,49190.939999999995,49204.439999999995,49155.939999999995,49155.939999999995,5037
2026-04-24T17:15:00+00:00,49155.939999999995,49186.939999999995,49144.939999999995,49175.439999999995,4096
2026-04-24T17:30:00+00:00,49175.439999999995,49206.939999999995,49152.439999999995,49204.939999999995,4752
2026-04-24T17:45:00+00:00,49204.939999999995,49264.439999999995,49193.439999999995,49198.939999999995,5225
2026-04-24T18:00:00+00:00,49198.939999999995,49219.939999999995,49185.939999999995,49198.939999999995,4083
2026-04-24T18:15:00+00:00,49198.939999999995,49208.939999999995,49172.939999999995,49182.939999999995,4244
2026-04-24T18:30:00+00:00,49182.939999999995,49215.939999999995,49178.439999999995,49187.939999999995,2906
2026-04-24T18:45:00+00:00,49187.939999999995,49219.939999999995,49178.939999999995,49215.439999999995,2863
2026-04-24T19:00:00+00:00,49215.439999999995,49244.939999999995,49215.439999999995,49215.939999999995,3560
2026-04-24T19:15:00+00:00,49215.939999999995,49235.439999999995,49174.939999999995,49188.939999999995,3788
2026-04-24T19:30:00+00:00,49188.939999999995,49231.439999999995,49173.939999999995,49225.439999999995,4393
2026-04-24T19:45:00+00:00,49225.439999999995,49269.439999999995,49210.939999999995,49235.939999999995,7126
2026-04-24T20:00:00+00:00,49235.939999999995,49260.09,49208.84,49233.09,2077
2026-04-24T20:15:00+00:00,49233.09,49259.83,49230.59,49239.33,685
2026-04-24T20:30:00+00:00,49239.33,49268.33,49238.33,49265.83,519
2026-04-26T22:00:00+00:00,49265.83,49265.83,49087.91,49104.91,2959
2026-04-26T22:15:00+00:00,49104.91,49145.41,49103.41,49134.91,975
2026-04-26T22:30:00+00:00,49134.91,49145.91,49115.41,49140.91,920
2026-04-26T22:45:00+00:00,49140.91,49163.41,49138.91,49163.41,443
2026-04-26T23:00:00+00:00,49163.41,49167.41,49129.91,49130.41,746
2026-04-26T23:15:00+00:00,49130.41,49149.41,49126.91,49127.41,553
2026-04-26T23:30:00+00:00,49127.41,49127.41,49104.91,49116.91,704
2026-04-26T23:45:00+00:00,49116.91,49140.91,49113.41,49138.41,679
2026-04-27T00:00:00+00:00,49138.41,49157.41,49119.91,49131.91,2279
2026-04-27T00:15:00+00:00,49131.91,49138.41,49111.41,49115.91,1895
2026-04-27T00:30:00+00:00,49115.91,49128.91,49107.41,49121.41,1402
2026-04-27T00:45:00+00:00,49121.41,49172.41,49113.91,49154.91,1773
2026-04-27T01:00:00+00:00,49154.91,49239.41,49154.91,49163.91,4281
2026-04-27T01:15:00+00:00,49163.91,49186.91,49144.41,49185.41,2275
2026-04-27T01:30:00+00:00,49185.41,49212.91,49178.91,49200.41,1941
2026-04-27T01:45:00+00:00,49200.41,49242.91,49197.91,49235.41,1680
2026-04-27T02:00:00+00:00,49235.41,49240.41,49206.91,49215.91,1132
2026-04-27T02:15:00+00:00,49215.91,49225.41,49200.41,49208.91,953
2026-04-27T02:30:00+00:00,49208.91,49220.91,49204.91,49209.41,844
2026-04-27T02:45:00+00:00,49209.41,49213.91,49203.41,49204.41,555
2026-04-27T03:00:00+00:00,49204.41,49232.91,49199.91,49205.91,1214
2026-04-27T03:15:00+00:00,49205.91,49210.41,49201.41,49207.91,548
2026-04-27T03:30:00+00:00,49207.91,49213.91,49196.41,49213.41,840
2026-04-27T03:45:00+00:00,49213.41,49214.41,49202.91,49204.41,505
2026-04-27T04:00:00+00:00,49204.41,49205.41,49192.41,49198.41,681
2026-04-27T04:15:00+00:00,49198.41,49213.41,49196.91,49206.91,553
2026-04-27T04:30:00+00:00,49206.91,49212.91,49197.41,49200.91,574
2026-04-27T04:45:00+00:00,49200.91,49203.91,49176.41,49182.41,606
2026-04-27T05:00:00+00:00,49182.41,49185.91,49157.41,49165.41,1046
2026-04-27T05:15:00+00:00,49165.41,49177.91,49158.41,49160.41,1121
2026-04-27T05:30:00+00:00,49160.41,49164.41,49129.41,49137.91,1573
2026-04-27T05:45:00+00:00,49137.91,49150.91,49131.91,49139.41,1033
2026-04-27T06:00:00+00:00,49139.41,49168.41,49125.91,49164.41,1884
2026-04-27T06:15:00+00:00,49164.41,49177.41,49154.41,49167.91,1436
2026-04-27T06:30:00+00:00,49167.91,49170.41,49139.91,49157.41,2165
2026-04-27T06:45:00+00:00,49157.41,49170.91,49149.91,49157.91,1010
2026-04-27T07:00:00+00:00,49157.91,49176.91,49145.41,49176.91,2381
2026-04-27T07:15:00+00:00,49176.91,49176.91,49154.41,49166.41,1517
2026-04-27T07:30:00+00:00,49166.41,49180.91,49158.41,49173.91,1627
2026-04-27T07:45:00+00:00,49173.91,49184.91,49165.41,49165.91,1138
2026-04-27T08:00:00+00:00,49165.91,49178.91,49135.91,49138.91,2815
2026-04-27T08:15:00+00:00,49138.91,49178.91,49136.91,49175.41,1728
2026-04-27T08:30:00+00:00,49175.41,49188.41,49163.91,49172.41,1520
2026-04-27T08:45:00+00:00,49172.41,49196.91,49170.91,49191.91,1185
2026-04-27T09:00:00+00:00,49191.91,49208.91,49187.41,49202.91,929
2026-04-27T09:15:00+00:00,49202.91,49203.41,49175.41,49181.91,1034
2026-04-27T09:30:00+00:00,49181.91,49191.41,49177.91,49184.41,704
2026-04-27T09:45:00+00:00,49184.41,49189.41,49166.41,49170.41,652
2026-04-27T10:00:00+00:00,49170.41,49175.91,49157.41,49164.91,752
2026-04-27T10:15:00+00:00,49164.91,49180.91,49162.41,49166.41,801
2026-04-27T10:30:00+00:00,49166.41,49201.91,49161.91,49200.41,746
2026-04-27T10:45:00+00:00,49200.41,49215.41,49189.41,49203.41,1357
2026-04-27T11:00:00+00:00,49203.41,49216.41,49184.41,49184.91,1140
2026-04-27T11:15:00+00:00,49184.91,49211.91,49181.41,49203.41,1034
2026-04-27T11:30:00+00:00,49203.41,49215.91,49199.41,49207.91,1004
2026-04-27T11:45:00+00:00,49207.91,49212.91,49186.91,49200.41,720
2026-04-27T12:00:00+00:00,49200.41,49212.91,49195.91,49201.41,1323
2026-04-27T12:15:00+00:00,49201.41,49220.91,49169.41,49183.41,2016
2026-04-27T12:30:00+00:00,49183.41,49212.91,49175.91,49189.41,2678
2026-04-27T12:45:00+00:00,49189.41,49210.41,49161.41,49174.41,2504
2026-04-27T13:00:00+00:00,49174.41,49199.41,49121.41,49169.41,5334
2026-04-27T13:15:00+00:00,49169.41,49195.41,49143.91,49184.91,3125
2026-04-27T13:30:00+00:00,49184.91,49381.76,49163.26,49252.76,28704
2026-04-27T13:45:00+00:00,49252.76,49346.26,49144.76,49264.76,20668
2026-04-27T14:00:00+00:00,49264.76,49278.76,49206.26,49208.26,13768
2026-04-27T14:15:00+00:00,49208.26,49238.76,49177.76,49200.76,10588
2026-04-27T14:30:00+00:00,49200.76,49277.26,49186.26,49248.26,10640
2026-04-27T14:45:00+00:00,49248.26,49252.26,49159.26,49159.76,6308
2026-04-27T15:00:00+00:00,49159.76,49165.76,49063.76,49089.76,7772
2026-04-27T15:15:00+00:00,49089.76,49107.26,49048.76,49095.26,7278
2026-04-27T15:30:00+00:00,49095.26,49130.26,49079.26,49128.76,4948
2026-04-27T15:45:00+00:00,49128.76,49152.76,49110.26,49143.26,4575
2026-04-27T16:00:00+00:00,49143.26,49204.26,49127.76,49195.26,4194
2026-04-27T16:15:00+00:00,49195.26,49208.76,49174.26,49178.76,3661
2026-04-27T16:30:00+00:00,49178.76,49190.76,49161.76,49163.76,2840
2026-04-27T16:45:00+00:00,49163.76,49185.76,49162.76,49183.76,2725
2026-04-27T17:00:00+00:00,49183.76,49195.76,49152.26,49153.76,2560
2026-04-27T17:15:00+00:00,49153.76,49206.26,49143.76,49183.76,4510
2026-04-27T17:30:00+00:00,49183.76,49220.26,49158.76,49166.76,4251
2026-04-27T17:45:00+00:00,49166.76,49172.26,49144.76,49157.76,2878
2026-04-27T18:00:00+00:00,49157.76,49184.26,49146.76,49177.76,3347
2026-04-27T18:15:00+00:00,49177.76,49193.76,49170.76,49190.76,2767
2026-04-27T18:30:00+00:00,49190.76,49216.26,49180.76,49192.76,2573
2026-04-27T18:45:00+00:00,49192.76,49226.76,49191.76,49206.76,2358
2026-04-27T19:00:00+00:00,49206.76,49221.26,49204.26,49213.76,2897
2026-04-27T19:15:00+00:00,49213.76,49248.26,49211.76,49245.26,3737
2026-04-27T19:30:00+00:00,49245.26,49247.76,49220.76,49229.76,3970
2026-04-27T19:45:00+00:00,49229.76,49247.76,49194.26,49204.76,5382
2026-04-27T20:00:00+00:00,49204.76,49211.41,49183.41,49191.91,1183
2026-04-27T20:15:00+00:00,49191.91,49197.41,49182.91,49194.91,548
2026-04-27T20:30:00+00:00,49194.91,49207.91,49186.91,49203.91,387
2026-04-27T20:45:00+00:00,49203.91,49207.91,49197.91,49204.66,341
2026-04-27T22:00:00+00:00,49204.66,49276.69,49204.66,49275.19,2485
2026-04-27T22:15:00+00:00,49275.19,49293.19,49274.69,49287.69,840
2026-04-27T22:30:00+00:00,49287.69,49291.69,49275.69,49281.19,698
2026-04-27T22:45:00+00:00,49281.19,49281.19,49263.69,49266.19,516
2026-04-27T23:00:00+00:00,49266.19,49271.69,49259.19,49261.19,417
2026-04-27T23:15:00+00:00,49261.19,49270.19,49261.19,49265.19,375
2026-04-27T23:30:00+00:00,49265.19,49277.19,49262.69,49272.19,324
2026-04-27T23:45:00+00:00,49272.19,49274.69,49256.19,49260.69,522
2026-04-28T00:00:00+00:00,49260.69,49303.19,49260.69,49289.19,2329
2026-04-28T00:15:00+00:00,49289.19,49294.69,49254.69,49274.69,2965
2026-04-28T00:30:00+00:00,49274.69,49285.19,49259.19,49268.69,1791
2026-04-28T00:45:00+00:00,49268.69,49271.19,49242.19,49243.19,1220
2026-04-28T01:00:00+00:00,49243.19,49261.69,49236.19,49259.19,1849
2026-04-28T01:15:00+00:00,49259.19,49266.69,49249.69,49265.19,842
2026-04-28T01:30:00+00:00,49265.19,49292.69,49257.69,49285.19,1294
2026-04-28T01:45:00+00:00,49285.19,49286.19,49240.69,49249.19,2344
2026-04-28T02:00:00+00:00,49249.19,49260.69,49239.69,49253.69,1388
2026-04-28T02:15:00+00:00,49253.69,49266.69,49251.69,49257.69,778
2026-04-28T02:30:00+00:00,49257.69,49257.69,49242.69,49248.19,1187
2026-04-28T02:45:00+00:00,49248.19,49256.19,49246.19,49250.19,909
2026-04-28T03:00:00+00:00,49250.19,49268.69,49242.69,49267.19,1040
2026-04-28T03:15:00+00:00,49267.19,49272.69,49262.69,49268.19,582
2026-04-28T03:30:00+00:00,49268.19,49278.69,49265.19,49266.19,852
2026-04-28T03:45:00+00:00,49266.19,49266.69,49256.69,49262.69,736
2026-04-28T04:00:00+00:00,49262.69,49267.19,49247.19,49251.19,770
2026-04-28T04:15:00+00:00,49251.19,49258.69,49249.69,49255.19,474
2026-04-28T04:30:00+00:00,49255.19,49268.19,49254.19,49268.19,543
2026-04-28T04:45:00+00:00,49268.19,49275.69,49260.69,49264.69,622
2026-04-28T05:00:00+00:00,49264.69,49268.19,49233.19,49247.19,1323
2026-04-28T05:15:00+00:00,49247.19,49255.69,49239.19,49249.69,770
2026-04-28T05:30:00+00:00,49249.69,49249.69,49203.69,49231.69,1871
2026-04-28T05:45:00+00:00,49231.69,49232.19,49213.19,49215.19,1318
2026-04-28T06:00:00+00:00,49215.19,49230.69,49199.69,49228.69,1845
2026-04-28T06:15:00+00:00,49228.69,49246.69,49217.19,49238.69,1563
2026-04-28T06:30:00+00:00,49238.69,49242.69,49204.69,49209.19,1828
2026-04-28T06:45:00+00:00,49209.19,49220.69,49198.69,49212.19,1352
2026-04-28T07:00:00+00:00,49212.19,49217.69,49185.69,49200.69,2909
2026-04-28T07:15:00+00:00,49200.69,49209.69,49183.19,49205.19,2463
2026-04-28T07:30:00+00:00,49205.19,49247.19,49201.69,49239.69,1875
2026-04-28T07:45:00+00:00,49239.69,49261.69,49234.69,49255.69,1907
2026-04-28T08:00:00+00:00,49255.69,49256.69,49185.19,49240.19,4390
2026-04-28T08:15:00+00:00,49240.19,49315.69,49240.19,49315.69,2813
2026-04-28T08:30:00+00:00,49315.69,49316.19,49283.69,49295.69,2379
2026-04-28T08:45:00+00:00,49295.69,49301.69,49277.19,49292.19,1543
2026-04-28T09:00:00+00:00,49292.19,49320.19,49271.19,49314.69,2181
2026-04-28T09:15:00+00:00,49314.69,49330.69,49299.69,49317.19,2308
2026-04-28T09:30:00+00:00,49317.19,49359.19,49305.19,49359.19,2317
2026-04-28T09:45:00+00:00,49359.19,49377.69,49336.69,49345.19,2234
2026-04-28T10:00:00+00:00,49345.19,49370.19,49320.69,49325.19,1819
2026-04-28T10:15:00+00:00,49325.19,49354.69,49321.69,49330.19,1659
2026-04-28T10:30:00+00:00,49330.19,49335.19,49309.19,49312.69,1556
2026-04-28T10:45:00+00:00,49312.69,49339.69,49309.19,49325.19,1421
2026-04-28T11:00:00+00:00,49325.19,49413.69,49319.19,49370.19,4359
2026-04-28T11:15:00+00:00,49370.19,49370.19,49290.69,49309.19,4908
2026-04-28T11:30:00+00:00,49309.19,49340.69,49285.19,49330.69,5225
2026-04-28T11:45:00+00:00,49330.69,49343.69,49271.69,49310.19,5136
2026-04-28T12:00:00+00:00,49310.19,49322.69,49242.19,49291.69,5501
2026-04-28T12:15:00+00:00,49291.69,49341.69,49254.69,49258.19,8836
2026-04-28T12:30:00+00:00,49258.19,49263.69,49225.19,49241.19,5316
2026-04-28T12:45:00+00:00,49241.19,49368.19,49240.19,49365.19,4609
2026-04-28T13:00:00+00:00,49365.19,49366.19,49321.19,49328.19,4374
2026-04-28T13:15:00+00:00,49328.19,49380.69,49296.69,49371.19,4591
2026-04-28T13:30:00+00:00,49371.19,49412.04000000001,49271.04000000001,49328.54000000001,34886
2026-04-28T13:45:00+00:00,49328.54000000001,49341.54000000001,49228.54000000001,49230.04000000001,20525
2026-04-28T14:00:00+00:00,49230.04000000001,49250.54000000001,49132.54000000001,49135.54000000001,14893
2026-04-28T14:15:00+00:00,49135.54000000001,49219.54000000001,49104.54000000001,49175.54000000001,14744
2026-04-28T14:30:00+00:00,49175.54000000001,49215.54000000001,49116.54000000001,49171.54000000001,17119
2026-04-28T14:45:00+00:00,49171.54000000001,49221.54000000001,49139.04000000001,49210.54000000001,18635
2026-04-28T15:00:00+00:00,49210.54000000001,49254.54000000001,49208.04000000001,49225.54000000001,13287
2026-04-28T15:15:00+00:00,49225.54000000001,49250.54000000001,49204.54000000001,49238.04000000001,9301
2026-04-28T15:30:00+00:00,49238.04000000001,49269.54000000001,49217.54000000001,49237.54000000001,9052
2026-04-28T15:45:00+00:00,49237.54000000001,49278.04000000001,49222.54000000001,49266.54000000001,7173
2026-04-28T16:00:00+00:00,49266.54000000001,49308.04000000001,49256.54000000001,49304.54000000001,5974
2026-04-28T16:15:00+00:00,49304.54000000001,49309.54000000001,49265.04000000001,49283.54000000001,4956
2026-04-28T16:30:00+00:00,49283.54000000001,49288.04000000001,49207.04000000001,49210.54000000001,5213
2026-04-28T16:45:00+00:00,49210.54000000001,49237.04000000001,49187.54000000001,49214.04000000001,6387
2026-04-28T17:00:00+00:00,49214.04000000001,49217.54000000001,49172.54000000001,49203.54000000001,4845
2026-04-28T17:15:00+00:00,49203.54000000001,49208.04000000001,49168.04000000001,49194.04000000001,3985
2026-04-28T17:30:00+00:00,49194.04000000001,49240.04000000001,49191.04000000001,49224.04000000001,4839
2026-04-28T17:45:00+00:00,49224.04000000001,49234.54000000001,49195.54000000001,49198.54000000001,3792
2026-04-28T18:00:00+00:00,49198.54000000001,49213.54000000001,49170.04000000001,49170.04000000001,3872
2026-04-28T18:15:00+00:00,49170.04000000001,49191.54000000001,49133.54000000001,49143.04000000001,5956
2026-04-28T18:30:00+00:00,49143.04000000001,49148.54000000001,49108.04000000001,49146.54000000001,3964
2026-04-28T18:45:00+00:00,49146.54000000001,49167.04000000001,49139.04000000001,49143.04000000001,3100
2026-04-28T19:00:00+00:00,49143.04000000001,49161.54000000001,49130.54000000001,49154.54000000001,3996
2026-04-28T19:15:00+00:00,49154.54000000001,49172.54000000001,49142.54000000001,49145.04000000001,3956
2026-04-28T19:30:00+00:00,49145.04000000001,49148.04000000001,49096.04000000001,49139.54000000001,4782
2026-04-28T19:45:00+00:00,49139.54000000001,49184.54000000001,49133.04000000001,49160.04000000001,6900
2026-04-28T20:00:00+00:00,49160.04000000001,49224.19,49138.19,49201.69,3066
2026-04-28T20:15:00+00:00,49201.69,49220.69,49196.69,49207.19,924
2026-04-28T20:30:00+00:00,49207.19,49212.69,49200.19,49206.19,908
2026-04-28T20:45:00+00:00,49206.19,49219.44,49199.19,49219.44,597
2026-04-28T22:00:00+00:00,49219.44,49252.50000000001,49218.75000000001,49246.50000000001,1671
2026-04-28T22:15:00+00:00,49246.50000000001,49247.00000000001,49232.50000000001,49232.50000000001,471.35883390206595
2026-04-28T22:30:00+00:00,49232.50000000001,49239.00000000001,49220.00000000001,49227.50000000001,321
2026-04-28T22:45:00+00:00,49227.50000000001,49237.50000000001,49224.50000000001,49237.50000000001,147
2026-04-28T23:00:00+00:00,49237.50000000001,49237.50000000001,49226.00000000001,49234.00000000001,227.7534280117532
2026-04-28T23:15:00+00:00,49234.00000000001,49236.50000000001,49229.50000000001,49236.50000000001,109.44319076920044
2026-04-28T23:30:00+00:00,49236.50000000001,49244.50000000001,49235.50000000001,49243.00000000001,195.46778201093258
2026-04-28T23:45:00+00:00,49243.00000000001,49251.50000000001,49239.50000000001,49250.00000000001,207
2026-04-29T00:00:00+00:00,49250.00000000001,49284.00000000001,49250.00000000001,49275.00000000001,1008
2026-04-29T00:15:00+00:00,49275.00000000001,49278.00000000001,49267.00000000001,49272.50000000001,876
2026-04-29T00:30:00+00:00,49272.50000000001,49287.50000000001,49272.50000000001,49279.50000000001,571
2026-04-29T00:45:00+00:00,49279.50000000001,49280.00000000001,49268.00000000001,49272.50000000001,644
2026-04-29T01:00:00+00:00,49272.50000000001,49275.00000000001,49210.50000000001,49241.00000000001,3457
2026-04-29T01:15:00+00:00,49241.00000000001,49256.50000000001,49239.00000000001,49250.50000000001,1584
2026-04-29T01:30:00+00:00,49250.50000000001,49271.00000000001,49246.50000000001,49266.00000000001,1815
2026-04-29T01:45:00+00:00,49266.00000000001,49266.50000000001,49240.50000000001,49244.00000000001,1082
2026-04-29T02:00:00+00:00,49244.00000000001,49268.50000000001,49244.00000000001,49266.50000000001,1125
2026-04-29T02:15:00+00:00,49266.50000000001,49280.50000000001,49262.50000000001,49269.50000000001,659
2026-04-29T02:30:00+00:00,49269.50000000001,49270.50000000001,49254.50000000001,49259.50000000001,563
2026-04-29T02:45:00+00:00,49259.50000000001,49267.00000000001,49249.50000000001,49254.50000000001,519
2026-04-29T03:00:00+00:00,49254.50000000001,49269.50000000001,49252.00000000001,49267.00000000001,628
2026-04-29T03:15:00+00:00,49267.00000000001,49273.50000000001,49262.50000000001,49267.50000000001,373
2026-04-29T03:30:00+00:00,49267.50000000001,49268.50000000001,49246.00000000001,49246.50000000001,351
2026-04-29T03:45:00+00:00,49246.50000000001,49251.00000000001,49240.50000000001,49251.00000000001,334
2026-04-29T04:00:00+00:00,49251.00000000001,49259.50000000001,49250.50000000001,49256.50000000001,313
2026-04-29T04:15:00+00:00,49256.50000000001,49258.50000000001,49247.50000000001,49250.00000000001,265
2026-04-29T04:30:00+00:00,49250.00000000001,49260.50000000001,49248.50000000001,49249.00000000001,564
2026-04-29T04:45:00+00:00,49249.00000000001,49261.00000000001,49248.00000000001,49250.00000000001,254
2026-04-29T05:00:00+00:00,49250.00000000001,49256.00000000001,49243.00000000001,49243.00000000001,497
2026-04-29T05:15:00+00:00,49243.00000000001,49251.50000000001,49238.50000000001,49248.00000000001,396
2026-04-29T05:30:00+00:00,49248.00000000001,49265.00000000001,49247.00000000001,49262.50000000001,402
2026-04-29T05:45:00+00:00,49262.50000000001,49267.50000000001,49258.50000000001,49259.50000000001,366
2026-04-29T06:00:00+00:00,49259.50000000001,49274.00000000001,49256.50000000001,49260.50000000001,754
2026-04-29T06:15:00+00:00,49260.50000000001,49265.50000000001,49254.00000000001,49259.00000000001,703
2026-04-29T06:30:00+00:00,49259.00000000001,49266.50000000001,49240.50000000001,49254.00000000001,828
2026-04-29T06:45:00+00:00,49254.00000000001,49261.00000000001,49236.50000000001,49238.50000000001,962
2026-04-29T07:00:00+00:00,49238.50000000001,49256.00000000001,49212.50000000001,49223.50000000001,1811
2026-04-29T07:15:00+00:00,49223.50000000001,49226.50000000001,49206.50000000001,49220.50000000001,1574
2026-04-29T07:30:00+00:00,49220.50000000001,49241.50000000001,49216.00000000001,49218.00000000001,1936
2026-04-29T07:45:00+00:00,49218.00000000001,49224.00000000001,49187.50000000001,49215.00000000001,2147
2026-04-29T08:00:00+00:00,49215.00000000001,49252.00000000001,49178.50000000001,49186.00000000001,4595
2026-04-29T08:15:00+00:00,49186.00000000001,49214.00000000001,49160.00000000001,49205.50000000001,2706
2026-04-29T08:30:00+00:00,49205.50000000001,49208.50000000001,49142.50000000001,49176.00000000001,3458
2026-04-29T08:45:00+00:00,49176.00000000001,49191.00000000001,49162.00000000001,49174.50000000001,2360
2026-04-29T09:00:00+00:00,49174.50000000001,49185.00000000001,49155.00000000001,49166.00000000001,2562
2026-04-29T09:15:00+00:00,49166.00000000001,49178.50000000001,49161.00000000001,49169.50000000001,1877
2026-04-29T09:30:00+00:00,49169.50000000001,49200.00000000001,49153.00000000001,49158.50000000001,2424
2026-04-29T09:45:00+00:00,49158.50000000001,49163.50000000001,49117.50000000001,49131.00000000001,2193
2026-04-29T10:00:00+00:00,49131.00000000001,49177.50000000001,49116.50000000001,49176.50000000001,2002
2026-04-29T10:15:00+00:00,49176.50000000001,49218.00000000001,49176.50000000001,49202.50000000001,1780
2026-04-29T10:30:00+00:00,49202.50000000001,49215.50000000001,49184.50000000001,49191.00000000001,1592
2026-04-29T10:45:00+00:00,49191.00000000001,49196.50000000001,49175.00000000001,49187.50000000001,1353
2026-04-29T11:00:00+00:00,49187.50000000001,49198.50000000001,49161.50000000001,49191.00000000001,2245
2026-04-29T11:15:00+00:00,49191.00000000001,49195.00000000001,49170.00000000001,49180.00000000001,1674
2026-04-29T11:30:00+00:00,49180.00000000001,49205.50000000001,49151.00000000001,49164.00000000001,2366
2026-04-29T11:45:00+00:00,49164.00000000001,49173.50000000001,49141.00000000001,49163.00000000001,1999
2026-04-29T12:00:00+00:00,49163.00000000001,49172.00000000001,49142.50000000001,49148.00000000001,2082
2026-04-29T12:15:00+00:00,49148.00000000001,49167.00000000001,49114.00000000001,49143.00000000001,3038
2026-04-29T12:30:00+00:00,49143.00000000001,49143.00000000001,49071.00000000001,49134.00000000001,4276
2026-04-29T12:45:00+00:00,49134.00000000001,49155.50000000001,49106.00000000001,49152.50000000001,2424
2026-04-29T13:00:00+00:00,49152.50000000001,49190.00000000001,49152.50000000001,49179.50000000001,2644
2026-04-29T13:15:00+00:00,49179.50000000001,49189.00000000001,49106.00000000001,49116.00000000001,5101
2026-04-29T13:30:00+00:00,49116.00000000001,49167.850000000006,48890.850000000006,48909.350000000006,29716
2026-04-29T13:45:00+00:00,48909.350000000006,48951.350000000006,48864.850000000006,48931.350000000006,16813
2026-04-29T14:00:00+00:00,48931.350000000006,49035.850000000006,48906.850000000006,48993.850000000006,13577
2026-04-29T14:15:00+00:00,48993.850000000006,49040.850000000006,48961.850000000006,48962.850000000006,10394
2026-04-29T14:30:00+00:00,48962.850000000006,48980.850000000006,48930.850000000006,48933.850000000006,8903
2026-04-29T14:45:00+00:00,48933.850000000006,48939.850000000006,48899.350000000006,48906.850000000006,8096
2026-04-29T15:00:00+00:00,48906.850000000006,48921.850000000006,48854.75000000001,48869.850000000006,7586
2026-04-29T15:15:00+00:00,48869.850000000006,48906.850000000006,48857.850000000006,48885.850000000006,7285
2026-04-29T15:30:00+00:00,48885.850000000006,48890.850000000006,48816.850000000006,48831.850000000006,8118
2026-04-29T15:45:00+00:00,48831.850000000006,48880.850000000006,48749.350000000006,48799.850000000006,14874
2026-04-29T16:00:00+00:00,48799.850000000006,48850.850000000006,48787.850000000006,48828.850000000006,8360
2026-04-29T16:15:00+00:00,48828.850000000006,48872.850000000006,48824.350000000006,48849.850000000006,6229
2026-04-29T16:30:00+00:00,48849.850000000006,48856.850000000006,48797.350000000006,48848.850000000006,8095
2026-04-29T16:45:00+00:00,48848.850000000006,48862.850000000006,48827.850000000006,48851.350000000006,5673
2026-04-29T17:00:00+00:00,48851.350000000006,48856.850000000006,48802.850000000006,48821.850000000006,5766
2026-04-29T17:15:00+00:00,48821.850000000006,48853.850000000006,48805.850000000006,48839.850000000006,7046
2026-04-29T17:30:00+00:00,48839.850000000006,48868.850000000006,48811.350000000006,48815.850000000006,4829
2026-04-29T17:45:00+00:00,48815.850000000006,48870.850000000006,48814.850000000006,48853.75000000001,5989
2026-04-29T18:00:00+00:00,48853.75000000001,48855.850000000006,48716.350000000006,48745.350000000006,11303
2026-04-29T18:15:00+00:00,48745.350000000006,48809.850000000006,48737.850000000006,48784.850000000006,8774
2026-04-29T18:30:00+00:00,48784.850000000006,48830.850000000006,48728.850000000006,48732.850000000006,16141
2026-04-29T18:45:00+00:00,48732.850000000006,48853.850000000006,48716.850000000006,48848.850000000006,12291
2026-04-29T19:00:00+00:00,48848.850000000006,48879.850000000006,48803.350000000006,48875.850000000006,9304
2026-04-29T19:15:00+00:00,48875.850000000006,48901.850000000006,48844.850000000006,48847.850000000006,7656
2026-04-29T19:30:00+00:00,48847.850000000006,48875.850000000006,48801.850000000006,48847.850000000006,8349
2026-04-29T19:45:00+00:00,48847.850000000006,48900.350000000006,48842.850000000006,48890.850000000006,9141
2026-04-29T20:00:00+00:00,48890.850000000006,49001.00000000001,48686.50000000001,48718.00000000001,13133
2026-04-29T20:15:00+00:00,48718.00000000001,48793.50000000001,48694.50000000001,48777.50000000001,8434
2026-04-29T20:30:00+00:00,48777.50000000001,48792.00000000001,48731.75000000001,48754.00000000001,4886
2026-04-29T20:45:00+00:00,48754.00000000001,48760.00000000001,48659.00000000001,48666.50000000001,4786
2026-04-29T22:00:00+00:00,48666.50000000001,48809.46000000001,48650.21000000001,48795.46000000001,3138
2026-04-29T22:15:00+00:00,48795.46000000001,48822.96000000001,48739.46000000001,48759.46000000001,1554
2026-04-29T22:30:00+00:00,48759.46000000001,48769.46000000001,48737.46000000001,48752.96000000001,772
2026-04-29T22:45:00+00:00,48752.96000000001,48759.96000000001,48715.96000000001,48721.46000000001,1139
2026-04-29T23:00:00+00:00,48721.46000000001,48738.96000000001,48716.46000000001,48736.46000000001,1150.6946033172644
2026-04-29T23:15:00+00:00,48736.46000000001,48736.46000000001,48705.46000000001,48719.96000000001,621
2026-04-29T23:30:00+00:00,48719.96000000001,48733.46000000001,48718.96000000001,48726.46000000001,848
2026-04-29T23:45:00+00:00,48726.46000000001,48731.46000000001,48713.96000000001,48727.96000000001,1051
2026-04-30T00:00:00+00:00,48727.96000000001,48754.46000000001,48714.46000000001,48742.46000000001,2317
2026-04-30T00:15:00+00:00,48742.46000000001,48746.46000000001,48717.96000000001,48728.46000000001,1871
2026-04-30T00:30:00+00:00,48728.46000000001,48733.46000000001,48713.96000000001,48726.46000000001,1421
2026-04-30T00:45:00+00:00,48726.46000000001,48759.96000000001,48725.96000000001,48748.96000000001,1078
2026-04-30T01:00:00+00:00,48748.96000000001,48753.96000000001,48734.46000000001,48745.46000000001,1657
2026-04-30T01:15:00+00:00,48745.46000000001,48757.46000000001,48743.46000000001,48753.46000000001,916
2026-04-30T01:30:00+00:00,48753.46000000001,48766.96000000001,48736.46000000001,48751.96000000001,1472
2026-04-30T01:45:00+00:00,48751.96000000001,48784.96000000001,48744.96000000001,48782.96000000001,671
2026-04-30T02:00:00+00:00,48782.96000000001,48782.96000000001,48762.46000000001,48779.46000000001,939
2026-04-30T02:15:00+00:00,48779.46000000001,48779.46000000001,48717.96000000001,48726.96000000001,1103
2026-04-30T02:30:00+00:00,48726.96000000001,48726.96000000001,48609.46000000001,48689.96000000001,7072
2026-04-30T02:45:00+00:00,48689.96000000001,48714.46000000001,48658.46000000001,48702.96000000001,3266
2026-04-30T03:00:00+00:00,48702.96000000001,48722.46000000001,48671.96000000001,48681.96000000001,2118
2026-04-30T03:15:00+00:00,48681.96000000001,48683.96000000001,48665.46000000001,48672.46000000001,1765
2026-04-30T03:30:00+00:00,48672.46000000001,48686.96000000001,48663.96000000001,48670.96000000001,1697
2026-04-30T03:45:00+00:00,48670.96000000001,48671.96000000001,48639.96000000001,48641.46000000001,1265
2026-04-30T04:00:00+00:00,48641.46000000001,48646.96000000001,48614.46000000001,48638.96000000001,2486
2026-04-30T04:15:00+00:00,48638.96000000001,48644.46000000001,48595.96000000001,48599.96000000001,2442
2026-04-30T04:30:00+00:00,48599.96000000001,48600.96000000001,48557.46000000001,48577.46000000001,2680
2026-04-30T04:45:00+00:00,48577.46000000001,48588.96000000001,48555.96000000001,48558.46000000001,1720
2026-04-30T05:00:00+00:00,48558.46000000001,48615.46000000001,48557.46000000001,48613.96000000001,2229
2026-04-30T05:15:00+00:00,48613.96000000001,48617.96000000001,48580.46000000001,48588.96000000001,1715
2026-04-30T05:30:00+00:00,48588.96000000001,48637.96000000001,48588.96000000001,48616.96000000001,1698
2026-04-30T05:45:00+00:00,48616.96000000001,48619.96000000001,48564.96000000001,48565.96000000001,1582
2026-04-30T06:00:00+00:00,48565.96000000001,48569.96000000001,48482.96000000001,48494.46000000001,3593
2026-04-30T06:15:00+00:00,48494.46000000001,48521.96000000001,48491.96000000001,48513.96000000001,2850
2026-04-30T06:30:00+00:00,48513.96000000001,48620.96000000001,48513.96000000001,48575.46000000001,4251
2026-04-30T06:45:00+00:00,48575.46000000001,48599.46000000001,48535.46000000001,48599.46000000001,3034
2026-04-30T07:00:00+00:00,48599.46000000001,48644.96000000001,48570.96000000001,48620.96000000001,4821
2026-04-30T07:15:00+00:00,48620.96000000001,48637.96000000001,48591.46000000001,48632.96000000001,3270
2026-04-30T07:30:00+00:00,48632.96000000001,48647.96000000001,48607.46000000001,48638.96000000001,2957
2026-04-30T07:45:00+00:00,48638.96000000001,48654.46000000001,48604.46000000001,48625.96000000001,2785
2026-04-30T08:00:00+00:00,48625.96000000001,48681.96000000001,48623.96000000001,48670.46000000001,3433
2026-04-30T08:15:00+00:00,48670.46000000001,48677.46000000001,48642.96000000001,48663.96000000001,2615
2026-04-30T08:30:00+00:00,48663.96000000001,48694.46000000001,48656.46000000001,48682.46000000001,2801
2026-04-30T08:45:00+00:00,48682.46000000001,48717.46000000001,48674.46000000001,48693.96000000001,2350
2026-04-30T09:00:00+00:00,48693.96000000001,48710.46000000001,48664.46000000001,48679.96000000001,3272
2026-04-30T09:15:00+00:00,48679.96000000001,48723.96000000001,48642.96000000001,48718.96000000001,3096
2026-04-30T09:30:00+00:00,48718.96000000001,48799.46000000001,48717.46000000001,48773.46000000001,5293
2026-04-30T09:45:00+00:00,48773.46000000001,48817.96000000001,48764.96000000001,48772.46000000001,3064
2026-04-30T10:00:00+00:00,48772.46000000001,48865.46000000001,48772.46000000001,48820.96000000001,3320
2026-04-30T10:15:00+00:00,48820.96000000001,48869.96000000001,48809.96000000001,48860.46000000001,2544
2026-04-30T10:30:00+00:00,48860.46000000001,49212.96000000001,48859.96000000001,49182.96000000001,8505
2026-04-30T10:45:00+00:00,49182.96000000001,49265.46000000001,49154.96000000001,49186.96000000001,5093
2026-04-30T11:00:00+00:00,49186.96000000001,49270.96000000001,49147.71000000001,49158.96000000001,4998
2026-04-30T11:15:00+00:00,49158.96000000001,49208.96000000001,49157.46000000001,49193.96000000001,3777
2026-04-30T11:30:00+00:00,49193.96000000001,49198.96000000001,49157.46000000001,49160.96000000001,3265
2026-04-30T11:45:00+00:00,49160.96000000001,49204.96000000001,49154.96000000001,49160.96000000001,2537
2026-04-30T12:00:00+00:00,49160.96000000001,49193.46000000001,49136.46000000001,49183.46000000001,2605
2026-04-30T12:15:00+00:00,49183.46000000001,49284.96000000001,49183.46000000001,49245.46000000001,3184
2026-04-30T12:30:00+00:00,49245.46000000001,49250.46000000001,49169.96000000001,49210.46000000001,3397
2026-04-30T12:45:00+00:00,49210.46000000001,49227.46000000001,49179.46000000001,49189.96000000001,3263
2026-04-30T13:00:00+00:00,49189.96000000001,49226.96000000001,49148.46000000001,49167.46000000001,3627
2026-04-30T13:15:00+00:00,49167.46000000001,49202.46000000001,49088.71000000001,49129.96000000001,3338
2026-04-30T13:30:00+00:00,49129.96000000001,49270.810000000005,49060.810000000005,49254.810000000005,30254
2026-04-30T13:45:00+00:00,49254.810000000005,49296.310000000005,49188.810000000005,49280.810000000005,17328
2026-04-30T14:00:00+00:00,49280.810000000005,49338.310000000005,49247.810000000005,49325.810000000005,15027
2026-04-30T14:15:00+00:00,49325.810000000005,49450.310000000005,49323.310000000005,49447.810000000005,13716
2026-04-30T14:30:00+00:00,49447.810000000005,49511.310000000005,49434.810000000005,49453.310000000005,14399
2026-04-30T14:45:00+00:00,49453.310000000005,49520.810000000005,49445.310000000005,49472.310000000005,10008
2026-04-30T15:00:00+00:00,49472.310000000005,49479.810000000005,49399.310000000005,49424.810000000005,10032
2026-04-30T15:15:00+00:00,49424.810000000005,49531.310000000005,49407.810000000005,49526.810000000005,7839
2026-04-30T15:30:00+00:00,49526.810000000005,49544.810000000005,49504.810000000005,49533.810000000005,7744
2026-04-30T15:45:00+00:00,49533.810000000005,49627.810000000005,49508.810000000005,49620.810000000005,7090
2026-04-30T16:00:00+00:00,49620.810000000005,49641.810000000005,49601.810000000005,49613.810000000005,5791
2026-04-30T16:15:00+00:00,49613.810000000005,49629.810000000005,49590.810000000005,49627.310000000005,4104
2026-04-30T16:30:00+00:00,49627.310000000005,49629.810000000005,49591.310000000005,49600.810000000005,3461
2026-04-30T16:45:00+00:00,49600.810000000005,49601.810000000005,49539.310000000005,49562.810000000005,4703
2026-04-30T17:00:00+00:00,49562.810000000005,49588.310000000005,49546.310000000005,49582.810000000005,4647
2026-04-30T17:15:00+00:00,49582.810000000005,49591.310000000005,49554.810000000005,49575.810000000005,3735
2026-04-30T17:30:00+00:00,49575.810000000005,49635.310000000005,49575.310000000005,49622.810000000005,5692
2026-04-30T17:45:00+00:00,49622.810000000005,49642.810000000005,49611.810000000005,49617.310000000005,3622
2026-04-30T18:00:00+00:00,49617.310000000005,49677.310000000005,49612.310000000005,49660.310000000005,4646
2026-04-30T18:15:00+00:00,49660.310000000005,49690.310000000005,49659.810000000005,49672.810000000005,3642
2026-04-30T18:30:00+00:00,49672.810000000005,49756.310000000005,49672.810000000005,49734.310000000005,3884
2026-04-30T18:45:00+00:00,49734.310000000005,49765.810000000005,49714.310000000005,49716.810000000005,3409
2026-04-30T19:00:00+00:00,49716.810000000005,49776.310000000005,49713.810000000005,49761.810000000005,4947
2026-04-30T19:15:00+00:00,49761.810000000005,49784.810000000005,49745.810000000005,49778.810000000005,4029
2026-04-30T19:30:00+00:00,49778.810000000005,49784.810000000005,49743.810000000005,49768.810000000005,5208
2026-04-30T19:45:00+00:00,49768.810000000005,49791.810000000005,49690.810000000005,49692.96000000001,9784
2026-04-30T20:00:00+00:00,49692.96000000001,49754.46000000001,49649.96000000001,49747.46000000001,4720
2026-04-30T20:15:00+00:00,49747.46000000001,49765.46000000001,49732.46000000001,49760.96000000001,1233
2026-04-30T20:30:00+00:00,49760.96000000001,49773.96000000001,49730.46000000001,49757.96000000001,2948
2026-04-30T20:45:00+00:00,49757.96000000001,49809.96000000001,49752.46000000001,49783.21000000001,1366
2026-04-30T22:00:00+00:00,49783.21000000001,49823.030000000006,49757.530000000006,49811.530000000006,1781
2026-04-30T22:15:00+00:00,49811.530000000006,49816.530000000006,49789.530000000006,49802.530000000006,893
2026-04-30T22:30:00+00:00,49802.530000000006,49809.030000000006,49790.030000000006,49799.030000000006,525
2026-04-30T22:45:00+00:00,49799.030000000006,49803.030000000006,49757.030000000006,49771.530000000006,1343
2026-04-30T23:00:00+00:00,49771.530000000006,49777.530000000006,49759.030000000006,49765.030000000006,705
2026-04-30T23:15:00+00:00,49765.030000000006,49792.530000000006,49761.030000000006,49789.030000000006,583
2026-04-30T23:30:00+00:00,49789.030000000006,49802.530000000006,49785.530000000006,49791.030000000006,466
2026-04-30T23:45:00+00:00,49791.030000000006,49800.530000000006,49770.530000000006,49782.030000000006,978
2026-05-01T00:00:00+00:00,49782.030000000006,49809.030000000006,49762.530000000006,49767.030000000006,2071
2026-05-01T00:15:00+00:00,49767.030000000006,49805.530000000006,49767.030000000006,49803.530000000006,1294
2026-05-01T00:30:00+00:00,49803.530000000006,49808.530000000006,49795.030000000006,49808.030000000006,981
2026-05-01T00:45:00+00:00,49808.030000000006,49819.530000000006,49798.530000000006,49799.530000000006,611
2026-05-01T01:00:00+00:00,49799.530000000006,49807.030000000006,49782.030000000006,49807.030000000006,906
2026-05-01T01:15:00+00:00,49807.030000000006,49817.030000000006,49794.530000000006,49809.530000000006,668
2026-05-01T01:30:00+00:00,49809.530000000006,49826.530000000006,49809.530000000006,49815.030000000006,606
2026-05-01T01:45:00+00:00,49815.030000000006,49820.030000000006,49809.530000000006,49814.530000000006,420
2026-05-01T02:00:00+00:00,49814.530000000006,49816.030000000006,49799.530000000006,49799.530000000006,328
2026-05-01T02:15:00+00:00,49799.530000000006,49809.030000000006,49796.030000000006,49800.030000000006,350
2026-05-01T02:30:00+00:00,49800.030000000006,49800.030000000006,49789.530000000006,49793.530000000006,362
2026-05-01T02:45:00+00:00,49793.530000000006,49795.030000000006,49783.030000000006,49792.530000000006,287
2026-05-01T03:00:00+00:00,49792.530000000006,49802.030000000006,49788.530000000006,49793.530000000006,359
2026-05-01T03:15:00+00:00,49793.530000000006,49802.030000000006,49787.530000000006,49794.530000000006,268
2026-05-01T03:30:00+00:00,49794.530000000006,49804.530000000006,49776.530000000006,49778.030000000006,524
2026-05-01T03:45:00+00:00,49778.030000000006,49782.030000000006,49771.030000000006,49773.530000000006,382
2026-05-01T04:00:00+00:00,49773.530000000006,49775.530000000006,49759.530000000006,49770.530000000006,549
2026-05-01T04:15:00+00:00,49770.530000000006,49777.030000000006,49767.030000000006,49775.530000000006,248
2026-05-01T04:30:00+00:00,49775.530000000006,49781.530000000006,49771.030000000006,49776.530000000006,245
2026-05-01T04:45:00+00:00,49776.530000000006,49783.030000000006,49774.030000000006,49778.530000000006,225
2026-05-01T05:00:00+00:00,49778.530000000006,49791.030000000006,49771.030000000006,49790.030000000006,385
2026-05-01T05:15:00+00:00,49790.030000000006,49791.530000000006,49778.530000000006,49790.530000000006,286
2026-05-01T05:30:00+00:00,49790.530000000006,49792.530000000006,49782.030000000006,49790.530000000006,278
2026-05-01T05:45:00+00:00,49790.530000000006,49791.530000000006,49781.530000000006,49784.030000000006,276
2026-05-01T06:00:00+00:00,49784.030000000006,49790.030000000006,49781.030000000006,49787.030000000006,417
2026-05-01T06:15:00+00:00,49787.030000000006,49790.030000000006,49772.530000000006,49774.530000000006,412
2026-05-01T06:30:00+00:00,49774.530000000006,49778.030000000006,49745.530000000006,49749.530000000006,510
2026-05-01T06:45:00+00:00,49749.530000000006,49769.030000000006,49748.530000000006,49757.030000000006,739
2026-05-01T07:00:00+00:00,49757.030000000006,49782.530000000006,49749.530000000006,49781.530000000006,819
2026-05-01T07:15:00+00:00,49781.530000000006,49785.030000000006,49769.030000000006,49777.530000000006,777
2026-05-01T07:30:00+00:00,49777.530000000006,49778.530000000006,49749.530000000006,49752.530000000006,596
2026-05-01T07:45:00+00:00,49752.530000000006,49772.530000000006,49744.530000000006,49748.030000000006,865
2026-05-01T08:00:00+00:00,49748.030000000006,49760.530000000006,49737.530000000006,49744.530000000006,1091
2026-05-01T08:15:00+00:00,49744.530000000006,49771.030000000006,49743.530000000006,49765.530000000006,730
2026-05-01T08:30:00+00:00,49765.530000000006,49765.530000000006,49748.030000000006,49759.030000000006,665
2026-05-01T08:45:00+00:00,49759.030000000006,49769.530000000006,49750.030000000006,49768.030000000006,406
2026-05-01T09:00:00+00:00,49768.030000000006,49770.030000000006,49745.030000000006,49763.530000000006,512
2026-05-01T09:15:00+00:00,49763.530000000006,49797.030000000006,49763.030000000006,49786.530000000006,753
2026-05-01T09:30:00+00:00,49786.530000000006,49801.530000000006,49780.030000000006,49796.530000000006,530
2026-05-01T09:45:00+00:00,49796.530000000006,49818.530000000006,49792.030000000006,49815.530000000006,529
2026-05-01T10:00:00+00:00,49815.530000000006,49824.530000000006,49802.030000000006,49823.030000000006,476
2026-05-01T10:15:00+00:00,49823.030000000006,49835.530000000006,49821.030000000006,49821.530000000006,659
2026-05-01T10:30:00+00:00,49821.530000000006,49830.530000000006,49815.530000000006,49829.530000000006,727
2026-05-01T10:45:00+00:00,49829.530000000006,49862.030000000006,49829.530000000006,49849.530000000006,688
2026-05-01T11:00:00+00:00,49849.530000000006,49854.530000000006,49825.030000000006,49831.030000000006,862
2026-05-01T11:15:00+00:00,49831.030000000006,49857.530000000006,49823.030000000006,49844.530000000006,1061
2026-05-01T11:30:00+00:00,49844.530000000006,49852.030000000006,49830.030000000006,49831.530000000006,841
2026-05-01T11:45:00+00:00,49831.530000000006,49840.530000000006,49821.530000000006,49839.530000000006,787
2026-05-01T12:00:00+00:00,49839.530000000006,49969.530000000006,49829.030000000006,49930.530000000006,3007
2026-05-01T12:15:00+00:00,49930.530000000006,49956.530000000006,49907.030000000006,49928.530000000006,3638
2026-05-01T12:30:00+00:00,49928.530000000006,49929.030000000006,49850.030000000006,49855.530000000006,2476
2026-05-01T12:45:00+00:00,49855.530000000006,49870.530000000006,49846.530000000006,49850.030000000006,1428
2026-05-01T13:00:00+00:00,49850.030000000006,49888.530000000006,49842.530000000006,49867.530000000006,1657
2026-05-01T13:15:00+00:00,49867.530000000006,49912.030000000006,49864.030000000006,49911.030000000006,2113
2026-05-01T13:30:00+00:00,49911.030000000006,49917.880000000005,49745.380000000005,49813.380000000005,26911
2026-05-01T13:45:00+00:00,49813.380000000005,49950.880000000005,49745.880000000005,49943.380000000005,17699
2026-05-01T14:00:00+00:00,49943.380000000005,50014.880000000005,49930.380000000005,49953.880000000005,16626
2026-05-01T14:15:00+00:00,49953.880000000005,50012.880000000005,49910.380000000005,49915.880000000005,12455
2026-05-01T14:30:00+00:00,49915.880000000005,49935.880000000005,49813.880000000005,49822.380000000005,13052
2026-05-01T14:45:00+00:00,49822.380000000005,49859.380000000005,49784.380000000005,49791.880000000005,9511
2026-05-01T15:00:00+00:00,49791.880000000005,49803.880000000005,49752.380000000005,49781.380000000005,10304
2026-05-01T15:15:00+00:00,49781.380000000005,49794.880000000005,49728.380000000005,49741.880000000005,7509
2026-05-01T15:30:00+00:00,49741.880000000005,49765.880000000005,49706.880000000005,49765.880000000005,6377
2026-05-01T15:45:00+00:00,49765.880000000005,49774.880000000005,49661.780000000006,49685.880000000005,7609
2026-05-01T16:00:00+00:00,49685.880000000005,49699.880000000005,49647.880000000005,49655.880000000005,5652
2026-05-01T16:15:00+00:00,49655.880000000005,49690.380000000005,49598.880000000005,49604.880000000005,9705
2026-05-01T16:30:00+00:00,49604.880000000005,49624.380000000005,49583.880000000005,49602.880000000005,6053
2026-05-01T16:45:00+00:00,49602.880000000005,49645.880000000005,49592.880000000005,49615.880000000005,5089
2026-05-01T17:00:00+00:00,49615.880000000005,49662.880000000005,49612.380000000005,49661.880000000005,3920
2026-05-01T17:15:00+00:00,49661.880000000005,49666.380000000005,49625.880000000005,49661.880000000005,3267
2026-05-01T17:30:00+00:00,49661.880000000005,49693.880000000005,49660.380000000005,49669.880000000005,3521
2026-05-01T17:45:00+00:00,49669.880000000005,49721.880000000005,49664.880000000005,49686.880000000005,3761
2026-05-01T18:00:00+00:00,49686.880000000005,49700.880000000005,49604.380000000005,49608.380000000005,4480
2026-05-01T18:15:00+00:00,49608.380000000005,49635.380000000005,49580.380000000005,49626.380000000005,5013
2026-05-01T18:30:00+00:00,49626.380000000005,49636.880000000005,49559.880000000005,49574.880000000005,4709
2026-05-01T18:45:00+00:00,49574.880000000005,49603.880000000005,49560.880000000005,49578.880000000005,4041
2026-05-01T19:00:00+00:00,49578.880000000005,49600.380000000005,49563.880000000005,49595.880000000005,3625
2026-05-01T19:15:00+00:00,49595.880000000005,49636.880000000005,49593.880000000005,49621.880000000005,3745
2026-05-01T19:30:00+00:00,49621.880000000005,49643.380000000005,49602.380000000005,49616.880000000005,4009
2026-05-01T19:45:00+00:00,49616.880000000005,49619.380000000005,49511.380000000005,49518.380000000005,6609
2026-05-01T20:00:00+00:00,49518.380000000005,49536.030000000006,49503.030000000006,49514.030000000006,1653
2026-05-01T20:15:00+00:00,49514.030000000006,49532.54,49506.54,49508.04,884
2026-05-01T20:30:00+00:00,49508.04,49520.04,49491.04,49495.54,718
2026-05-03T22:00:00+00:00,49495.54,49725.61,49495.54,49663.11,2165
2026-05-03T22:15:00+00:00,49663.11,49676.11,49629.61,49651.61,1370
2026-05-03T22:30:00+00:00,49651.61,49675.61,49644.61,49672.11,900
2026-05-03T22:45:00+00:00,49672.11,49684.11,49644.11,49650.11,830
2026-05-03T23:00:00+00:00,49650.11,49661.11,49629.61,49635.61,956
2026-05-03T23:15:00+00:00,49635.61,49635.61,49620.61,49625.11,493
2026-05-03T23:30:00+00:00,49625.11,49644.11,49603.11,49605.11,891
2026-05-03T23:45:00+00:00,49605.11,49631.11,49597.11,49621.11,1048
2026-05-04T00:00:00+00:00,49621.11,49627.61,49585.11,49593.11,2325
2026-05-04T00:15:00+00:00,49593.11,49601.61,49552.61,49562.61,2878
2026-05-04T00:30:00+00:00,49562.61,49586.61,49562.11,49578.61,1729
2026-05-04T00:45:00+00:00,49578.61,49603.61,49578.11,49595.11,1423
2026-05-04T01:00:00+00:00,49595.11,49600.11,49542.11,49564.61,2015
2026-05-04T01:15:00+00:00,49564.61,49578.61,49534.61,49540.61,1942
2026-05-04T01:30:00+00:00,49540.61,49553.61,49533.11,49542.11,1922
2026-05-04T01:45:00+00:00,49542.11,49546.61,49533.61,49543.61,968
2026-05-04T02:00:00+00:00,49543.61,49548.61,49506.61,49525.61,1447
2026-05-04T02:15:00+00:00,49525.61,49525.61,49498.61,49504.11,2055
2026-05-04T02:30:00+00:00,49504.11,49524.11,49502.11,49519.11,1010
2026-05-04T02:45:00+00:00,49519.11,49530.11,49511.11,49511.61,818
2026-05-04T03:00:00+00:00,49511.61,49526.11,49509.11,49518.61,722
2026-05-04T03:15:00+00:00,49518.61,49524.11,49514.61,49518.61,534
2026-05-04T03:30:00+00:00,49518.61,49520.11,49493.61,49507.11,511
2026-05-04T03:45:00+00:00,49507.11,49531.61,49506.61,49522.11,1254
2026-05-04T04:00:00+00:00,49522.11,49525.61,49509.11,49523.61,553
2026-05-04T04:15:00+00:00,49523.61,49540.11,49522.11,49531.61,464
2026-05-04T04:30:00+00:00,49531.61,49537.11,49525.11,49525.61,478
2026-05-04T04:45:00+00:00,49525.61,49530.61,49517.61,49522.61,349
2026-05-04T05:00:00+00:00,49522.61,49536.11,49518.11,49532.11,591
2026-05-04T05:15:00+00:00,49532.11,49572.11,49530.61,49537.11,1348
2026-05-04T05:30:00+00:00,49537.11,49563.11,49529.11,49562.11,698
2026-05-04T05:45:00+00:00,49562.11,49566.61,49547.11,49555.11,684
2026-05-04T06:00:00+00:00,49555.11,49570.11,49544.61,49558.11,1736
2026-05-04T06:15:00+00:00,49558.11,49560.61,49531.11,49548.61,1295
2026-05-04T06:30:00+00:00,49548.61,49558.11,49487.61,49497.11,2186
2026-05-04T06:45:00+00:00,49497.11,49511.11,49487.11,49503.61,1530
2026-05-04T07:00:00+00:00,49503.61,49548.11,49484.61,49540.61,2814
2026-05-04T07:15:00+00:00,49540.61,49563.11,49534.11,49546.61,2112
2026-05-04T07:30:00+00:00,49546.61,49548.61,49522.11,49540.11,1561
2026-05-04T07:45:00+00:00,49540.11,49554.11,49504.11,49504.61,1447
2026-05-04T08:00:00+00:00,49504.61,49506.11,49424.11,49438.11,3752
2026-05-04T08:15:00+00:00,49438.11,49473.61,49415.11,49463.11,2876
2026-05-04T08:30:00+00:00,49463.11,49478.11,49451.11,49467.11,2043
2026-05-04T08:45:00+00:00,49467.11,49476.11,49452.11,49459.11,1815
2026-05-04T09:00:00+00:00,49459.11,49488.11,49450.61,49479.11,1567
2026-05-04T09:15:00+00:00,49479.11,49480.61,49450.61,49463.61,1405
2026-05-04T09:30:00+00:00,49463.61,49473.11,49452.11,49467.61,1330
2026-05-04T09:45:00+00:00,49467.61,49485.11,49463.61,49473.11,1088
2026-05-04T10:00:00+00:00,49473.11,49486.11,49158.61,49206.61,15622
2026-05-04T10:15:00+00:00,49206.61,49282.11,49147.11,49278.61,11760
2026-05-04T10:30:00+00:00,49278.61,49411.61,49267.11,49361.11,11017
2026-05-04T10:45:00+00:00,49361.11,49390.61,49346.61,49363.11,3487
2026-05-04T11:00:00+00:00,49363.11,49407.11,49336.61,49346.61,5834
2026-05-04T11:15:00+00:00,49346.61,49387.11,49346.61,49352.11,3862
2026-05-04T11:30:00+00:00,49352.11,49372.11,49296.11,49337.61,5655
2026-05-04T11:45:00+00:00,49337.61,49375.11,49316.11,49366.61,3700
2026-05-04T12:00:00+00:00,49366.61,49400.11,49366.11,49389.11,3058
2026-05-04T12:15:00+00:00,49389.11,49445.11,49373.11,49419.61,4622
2026-05-04T12:30:00+00:00,49419.61,49451.61,49402.11,49434.61,3230
2026-05-04T12:45:00+00:00,49434.61,49439.11,49389.61,49404.11,2943
2026-05-04T13:00:00+00:00,49404.11,49435.11,49333.11,49405.61,10180
2026-05-04T13:15:00+00:00,49405.61,49416.11,49360.11,49401.11,3362
2026-05-04T13:30:00+00:00,49401.11,49424.46,49280.96,49284.96,27151
2026-05-04T13:45:00+00:00,49284.96,49386.96,49267.46,49361.46,16713
2026-05-04T14:00:00+00:00,49361.46,49369.96,49279.46,49346.96,13453
2026-05-04T14:15:00+00:00,49346.96,49465.96,49335.96,49452.96,11628
2026-05-04T14:30:00+00:00,49452.96,49483.96,49389.96,49390.96,9077
2026-05-04T14:45:00+00:00,49390.96,49405.96,49342.46,49347.96,9852
2026-05-04T15:00:00+00:00,49347.96,49368.96,49295.46,49302.96,12091
2026-05-04T15:15:00+00:00,49302.96,49317.96,49125.46,49170.96,24136
2026-05-04T15:30:00+00:00,49170.96,49181.96,49118.46,49139.96,16732
2026-05-04T15:45:00+00:00,49139.96,49141.46,49059.96,49115.96,14880
2026-05-04T16:00:00+00:00,49115.96,49127.96,48941.96,48989.96,18629
2026-05-04T16:15:00+00:00,48989.96,49125.46,48976.96,49056.96,16762
2026-05-04T16:30:00+00:00,49056.96,49092.96,49027.96,49028.96,9636
2026-05-04T16:45:00+00:00,49028.96,49038.96,48987.46,48995.96,7144
2026-05-04T17:00:00+00:00,48995.96,49072.46,48978.96,49064.96,9871
2026-05-04T17:15:00+00:00,49064.96,49151.46,49040.96,49148.96,9961
2026-05-04T17:30:00+00:00,49148.96,49152.46,49074.46,49106.96,6092
2026-05-04T17:45:00+00:00,49106.96,49123.96,49075.96,49076.96,4078
2026-05-04T18:00:00+00:00,49076.96,49132.96,49069.96,49092.96,4485
2026-05-04T18:15:00+00:00,49092.96,49094.96,48995.96,49017.96,5883
2026-05-04T18:30:00+00:00,49017.96,49024.46,48976.96,48978.96,4795
2026-05-04T18:45:00+00:00,48978.96,48997.46,48956.96,48980.96,5595
2026-05-04T19:00:00+00:00,48980.96,49031.46,48962.96,49013.96,7737
2026-05-04T19:15:00+00:00,49013.96,49030.46,48979.96,48980.96,5084
2026-05-04T19:30:00+00:00,48980.96,49008.96,48975.96,48982.96,4483
2026-05-04T19:45:00+00:00,48982.96,49012.96,48963.96,49007.96,8036
2026-05-04T20:00:00+00:00,49007.96,49007.96,48949.11,48964.61,1615
2026-05-04T20:15:00+00:00,48964.61,49001.11,48961.61,48998.61,1106
2026-05-04T20:30:00+00:00,48998.61,49003.11,48985.11,48985.61,814
2026-05-04T20:45:00+00:00,48985.61,49000.86,48980.61,48999.36,674
2026-05-04T22:00:00+00:00,48999.36,49052.950000000004,48999.36,49035.950000000004,1268
2026-05-04T22:15:00+00:00,49035.950000000004,49051.450000000004,49029.450000000004,49047.450000000004,452
2026-05-04T22:30:00+00:00,49047.450000000004,49050.450000000004,49032.450000000004,49034.450000000004,574
2026-05-04T22:45:00+00:00,49034.450000000004,49034.950000000004,49014.450000000004,49021.950000000004,669
2026-05-04T23:00:00+00:00,49021.950000000004,49031.950000000004,49016.950000000004,49027.450000000004,431
2026-05-04T23:15:00+00:00,49027.450000000004,49030.450000000004,49016.450000000004,49025.950000000004,315
2026-05-04T23:30:00+00:00,49025.950000000004,49027.950000000004,49016.950000000004,49018.950000000004,251
2026-05-04T23:45:00+00:00,49018.950000000004,49027.950000000004,49005.950000000004,49020.950000000004,497
2026-05-05T00:00:00+00:00,49020.950000000004,49062.450000000004,49020.950000000004,49045.950000000004,1333
2026-05-05T00:15:00+00:00,49045.950000000004,49045.950000000004,48990.950000000004,48999.950000000004,2118
2026-05-05T00:30:00+00:00,48999.950000000004,49007.950000000004,48989.950000000004,49000.450000000004,1139
2026-05-05T00:45:00+00:00,49000.450000000004,49034.950000000004,48999.450000000004,49024.950000000004,975
2026-05-05T01:00:00+00:00,49024.950000000004,49025.450000000004,48994.950000000004,49004.450000000004,1435
2026-05-05T01:15:00+00:00,49004.450000000004,49018.950000000004,49002.450000000004,49011.450000000004,928
2026-05-05T01:30:00+00:00,49011.450000000004,49038.950000000004,49004.450000000004,49018.950000000004,1723
2026-05-05T01:45:00+00:00,49018.950000000004,49034.950000000004,49016.950000000004,49024.950000000004,837
2026-05-05T02:00:00+00:00,49024.950000000004,49038.450000000004,49024.450000000004,49028.450000000004,708
2026-05-05T02:15:00+00:00,49028.450000000004,49050.950000000004,49027.950000000004,49049.950000000004,515
2026-05-05T02:30:00+00:00,49049.950000000004,49062.450000000004,49048.450000000004,49057.450000000004,549
2026-05-05T02:45:00+00:00,49057.450000000004,49057.450000000004,49023.950000000004,49035.950000000004,870
2026-05-05T03:00:00+00:00,49035.950000000004,49051.450000000004,49033.450000000004,49050.950000000004,358
2026-05-05T03:15:00+00:00,49050.950000000004,49060.950000000004,49049.950000000004,49054.450000000004,398
2026-05-05T03:30:00+00:00,49054.450000000004,49056.450000000004,49048.450000000004,49050.450000000004,251
2026-05-05T03:45:00+00:00,49050.450000000004,49061.950000000004,49048.450000000004,49055.950000000004,239
2026-05-05T04:00:00+00:00,49055.950000000004,49066.450000000004,49054.950000000004,49060.450000000004,323
2026-05-05T04:15:00+00:00,49060.450000000004,49064.450000000004,49052.450000000004,49060.450000000004,238
2026-05-05T04:30:00+00:00,49060.450000000004,49062.450000000004,49049.950000000004,49062.450000000004,433
2026-05-05T04:45:00+00:00,49062.450000000004,49080.950000000004,49061.450000000004,49065.950000000004,480
2026-05-05T05:00:00+00:00,49065.950000000004,49066.950000000004,49051.450000000004,49058.950000000004,608
2026-05-05T05:15:00+00:00,49058.950000000004,49069.950000000004,49050.950000000004,49058.950000000004,422
2026-05-05T05:30:00+00:00,49058.950000000004,49080.950000000004,49053.950000000004,49078.450000000004,799
2026-05-05T05:45:00+00:00,49078.450000000004,49090.450000000004,49075.950000000004,49084.950000000004,433
2026-05-05T06:00:00+00:00,49084.950000000004,49106.450000000004,49060.450000000004,49061.950000000004,1713
2026-05-05T06:15:00+00:00,49061.950000000004,49065.950000000004,49032.950000000004,49041.950000000004,1439
2026-05-05T06:30:00+00:00,49041.950000000004,49084.450000000004,49041.450000000004,49080.950000000004,1586
2026-05-05T06:45:00+00:00,49080.950000000004,49110.450000000004,49073.950000000004,49107.950000000004,1377
2026-05-05T07:00:00+00:00,49107.950000000004,49142.450000000004,49101.950000000004,49123.950000000004,2510
2026-05-05T07:15:00+00:00,49123.950000000004,49141.950000000004,49110.950000000004,49123.950000000004,1767
2026-05-05T07:30:00+00:00,49123.950000000004,49195.950000000004,49114.450000000004,49138.450000000004,3282
2026-05-05T07:45:00+00:00,49138.450000000004,49145.450000000004,49103.450000000004,49115.450000000004,1888
2026-05-05T08:00:00+00:00,49115.450000000004,49145.450000000004,49112.950000000004,49136.450000000004,2190
2026-05-05T08:15:00+00:00,49136.450000000004,49157.450000000004,49113.450000000004,49140.950000000004,1964
2026-05-05T08:30:00+00:00,49140.950000000004,49162.950000000004,49132.450000000004,49144.950000000004,1702
2026-05-05T08:45:00+00:00,49144.950000000004,49156.950000000004,49122.450000000004,49131.450000000004,1584
2026-05-05T09:00:00+00:00,49131.450000000004,49137.450000000004,49097.450000000004,49125.450000000004,1740
2026-05-05T09:15:00+00:00,49125.450000000004,49135.450000000004,49115.450000000004,49120.450000000004,1097
2026-05-05T09:30:00+00:00,49120.450000000004,49152.950000000004,49120.450000000004,49147.950000000004,1375
2026-05-05T09:45:00+00:00,49147.950000000004,49162.950000000004,49132.950000000004,49142.450000000004,1249
2026-05-05T10:00:00+00:00,49142.450000000004,49144.950000000004,49127.450000000004,49132.950000000004,1106
2026-05-05T10:15:00+00:00,49132.950000000004,49141.950000000004,49126.950000000004,49139.450000000004,762
2026-05-05T10:30:00+00:00,49139.450000000004,49188.950000000004,49128.950000000004,49129.950000000004,1935
2026-05-05T10:45:00+00:00,49129.950000000004,49142.450000000004,49120.950000000004,49140.950000000004,945
2026-05-05T11:00:00+00:00,49140.950000000004,49153.450000000004,49075.950000000004,49087.950000000004,2474
2026-05-05T11:15:00+00:00,49087.950000000004,49133.450000000004,49071.950000000004,49123.950000000004,2204
2026-05-05T11:30:00+00:00,49123.950000000004,49163.950000000004,49120.950000000004,49162.950000000004,1622
2026-05-05T11:45:00+00:00,49162.950000000004,49173.950000000004,49155.450000000004,49171.950000000004,981
2026-05-05T12:00:00+00:00,49171.950000000004,49234.950000000004,49155.450000000004,49212.950000000004,3531
2026-05-05T12:15:00+00:00,49212.950000000004,49235.950000000004,49192.950000000004,49231.450000000004,3152
2026-05-05T12:30:00+00:00,49231.450000000004,49233.950000000004,49188.950000000004,49195.950000000004,1698
2026-05-05T12:45:00+00:00,49195.950000000004,49202.950000000004,49170.450000000004,49186.450000000004,1438
2026-05-05T13:00:00+00:00,49186.450000000004,49235.450000000004,49183.950000000004,49207.450000000004,1835
2026-05-05T13:15:00+00:00,49207.450000000004,49245.950000000004,49188.450000000004,49245.450000000004,2053
2026-05-05T13:30:00+00:00,49245.450000000004,49269.3,49051.3,49089.3,26039
2026-05-05T13:45:00+00:00,49089.3,49223.8,49071.8,49223.8,13500
2026-05-05T14:00:00+00:00,49223.8,49301.8,49174.8,49218.8,14087
2026-05-05T14:15:00+00:00,49218.8,49305.3,49163.8,49279.8,13786
2026-05-05T14:30:00+00:00,49279.8,49294.8,49216.8,49253.8,9417
2026-05-05T14:45:00+00:00,49253.8,49312.8,49222.8,49312.3,7023
2026-05-05T15:00:00+00:00,49312.3,49360.3,49300.8,49301.8,7329
2026-05-05T15:15:00+00:00,49301.8,49309.8,49249.8,49275.8,5190
2026-05-05T15:30:00+00:00,49275.8,49286.3,49214.8,49220.8,5589
2026-05-05T15:45:00+00:00,49220.8,49265.8,49220.8,49225.8,4511
2026-05-05T16:00:00+00:00,49225.8,49274.3,49225.3,49244.3,4125
2026-05-05T16:15:00+00:00,49244.3,49272.3,49242.8,49270.8,4442
2026-05-05T16:30:00+00:00,49270.8,49275.3,49231.8,49244.8,4308
2026-05-05T16:45:00+00:00,49244.8,49253.3,49231.8,49235.8,2787
2026-05-05T17:00:00+00:00,49235.8,49255.3,49223.8,49229.3,2846
2026-05-05T17:15:00+00:00,49229.3,49294.3,49228.8,49293.8,2832
2026-05-05T17:30:00+00:00,49293.8,49324.8,49288.8,49289.8,2967
2026-05-05T17:45:00+00:00,49289.8,49306.8,49286.3,49293.8,2700
2026-05-05T18:00:00+00:00,49293.8,49345.8,49281.8,49342.8,3084
2026-05-05T18:15:00+00:00,49342.8,49348.8,49333.8,49339.8,2291
2026-05-05T18:30:00+00:00,49339.8,49346.3,49290.8,49302.8,2419
2026-05-05T18:45:00+00:00,49302.8,49346.3,49300.8,49328.8,2180
2026-05-05T19:00:00+00:00,49328.8,49376.8,49326.8,49368.8,2363
2026-05-05T19:15:00+00:00,49368.8,49386.8,49362.8,49367.8,2605
2026-05-05T19:30:00+00:00,49367.8,49406.8,49363.3,49397.8,3061
2026-05-05T19:45:00+00:00,49397.8,49404.8,49315.3,49343.8,7543
2026-05-05T20:00:00+00:00,49343.8,49379.450000000004,49340.950000000004,49370.450000000004,1112
2026-05-05T20:15:00+00:00,49370.450000000004,49386.950000000004,49300.950000000004,49306.450000000004,2723
2026-05-05T20:30:00+00:00,49306.450000000004,49319.450000000004,49281.950000000004,49301.450000000004,1645
2026-05-05T20:45:00+00:00,49301.450000000004,49325.950000000004,49299.450000000004,49324.950000000004,838
2026-05-05T22:00:00+00:00,49324.950000000004,49330.79,49284.79,49298.29,1666
2026-05-05T22:15:00+00:00,49298.29,49307.29,49288.79,49297.79,803
2026-05-05T22:30:00+00:00,49297.79,49325.29,49295.29,49320.29,595
2026-05-05T22:45:00+00:00,49320.29,49458.79,49314.29,49443.29,5878
2026-05-05T23:00:00+00:00,49443.29,49466.79,49423.79,49466.29,3034
2026-05-05T23:15:00+00:00,49466.29,49487.29,49452.79,49452.79,1129
2026-05-05T23:30:00+00:00,49452.79,49464.79,49431.29,49431.29,994
2026-05-05T23:45:00+00:00,49431.29,49438.79,49416.29,49426.29,920
2026-05-06T00:00:00+00:00,49426.29,49447.29,49416.79,49435.79,2615
2026-05-06T00:15:00+00:00,49435.79,49458.79,49421.79,49439.79,2139
2026-05-06T00:30:00+00:00,49439.79,49448.29,49427.79,49434.79,1426
2026-05-06T00:45:00+00:00,49434.79,49445.29,49422.79,49439.79,1180
2026-05-06T01:00:00+00:00,49439.79,49476.79,49439.29,49462.29,1720
2026-05-06T01:15:00+00:00,49462.29,49471.79,49457.79,49461.29,934
2026-05-06T01:30:00+00:00,49461.29,49489.79,49452.79,49488.79,1019
2026-05-06T01:45:00+00:00,49488.79,49504.29,49483.29,49488.29,1050
2026-05-06T02:00:00+00:00,49488.29,49489.79,49463.29,49477.29,1118
2026-05-06T02:15:00+00:00,49477.29,49483.79,49461.79,49463.79,814
2026-05-06T02:30:00+00:00,49463.79,49468.29,49447.29,49450.79,572
2026-05-06T02:45:00+00:00,49450.79,49455.79,49439.79,49442.79,499
2026-05-06T03:00:00+00:00,49442.79,49456.79,49440.79,49452.29,709
2026-05-06T03:15:00+00:00,49452.29,49457.79,49445.29,49447.79,489
2026-05-06T03:30:00+00:00,49447.79,49477.29,49447.29,49461.29,644
2026-05-06T03:45:00+00:00,49461.29,49463.29,49449.79,49457.79,492
2026-05-06T04:00:00+00:00,49457.79,49458.29,49441.29,49446.79,426
2026-05-06T04:15:00+00:00,49446.79,49478.79,49445.79,49465.79,786
2026-05-06T04:30:00+00:00,49465.79,49473.79,49444.29,49446.29,1092
2026-05-06T04:45:00+00:00,49446.29,49452.29,49439.29,49442.29,892
2026-05-06T05:00:00+00:00,49442.29,49442.79,49420.79,49428.79,581
2026-05-06T05:15:00+00:00,49428.79,49428.79,49409.29,49422.79,621
2026-05-06T05:30:00+00:00,49422.79,49429.79,49405.79,49414.79,727
2026-05-06T05:45:00+00:00,49414.79,49443.29,49414.29,49436.29,693
2026-05-06T06:00:00+00:00,49436.29,49463.29,49430.79,49438.29,1675
2026-05-06T06:15:00+00:00,49438.29,49447.79,49426.29,49427.29,984
2026-05-06T06:30:00+00:00,49427.29,49430.79,49392.79,49421.29,1791
2026-05-06T06:45:00+00:00,49421.29,49430.79,49411.79,49426.29,1011
2026-05-06T07:00:00+00:00,49426.29,49450.79,49412.79,49440.29,2160
2026-05-06T07:15:00+00:00,49440.29,49457.79,49433.29,49440.29,1690
2026-05-06T07:30:00+00:00,49440.29,49443.79,49422.79,49437.29,1193
2026-05-06T07:45:00+00:00,49437.29,49476.79,49436.29,49473.79,2382
2026-05-06T08:00:00+00:00,49473.79,49484.29,49437.29,49470.79,3393
2026-05-06T08:15:00+00:00,49470.79,49473.29,49454.29,49468.79,1676
2026-05-06T08:30:00+00:00,49468.79,49476.79,49455.79,49470.79,1341
2026-05-06T08:45:00+00:00,49470.79,49714.29,49469.79,49650.29,12127
2026-05-06T09:00:00+00:00,49650.29,49689.29,49585.29,49607.79,6384
2026-05-06T09:15:00+00:00,49607.79,49677.79,49604.79,49647.29,4777
2026-05-06T09:30:00+00:00,49647.29,49721.29,49633.29,49711.29,5196
2026-05-06T09:45:00+00:00,49711.29,49761.79,49699.79,49757.79,3014
2026-05-06T10:00:00+00:00,49757.79,49795.29,49754.04,49774.79,3800
2026-05-06T10:15:00+00:00,49774.79,49835.29,49770.29,49818.29,3196
2026-05-06T10:30:00+00:00,49818.29,49909.29,49812.29,49898.29,4250
2026-05-06T10:45:00+00:00,49898.29,49944.79,49845.29,49914.29,6606
2026-05-06T11:00:00+00:00,49914.29,49995.29,49903.79,49955.29,6213
2026-05-06T11:15:00+00:00,49955.29,49966.29,49913.79,49919.79,3990
2026-05-06T11:30:00+00:00,49919.79,49931.79,49858.79,49866.29,4612
2026-05-06T11:45:00+00:00,49866.29,49880.29,49822.29,49850.79,4560
2026-05-06T12:00:00+00:00,49850.79,49865.79,49712.04,49729.79,6383
2026-05-06T12:15:00+00:00,49729.79,49792.79,49666.79,49774.29,6583
2026-05-06T12:30:00+00:00,49774.29,49804.79,49754.79,49801.79,4058
2026-05-06T12:45:00+00:00,49801.79,49805.79,49751.79,49764.79,3399
2026-05-06T13:00:00+00:00,49764.79,49776.79,49699.79,49723.79,7030
2026-05-06T13:15:00+00:00,49723.79,49780.29,49721.79,49754.29,4473
2026-05-06T13:30:00+00:00,49754.29,49927.14,49739.64,49821.64,36070
2026-05-06T13:45:00+00:00,49821.64,49890.14,49764.04,49886.14,19624
2026-05-06T14:00:00+00:00,49886.14,49918.64,49775.64,49827.14,17649
2026-05-06T14:15:00+00:00,49827.14,49960.14,49824.14,49898.64,15968
2026-05-06T14:30:00+00:00,49898.64,49986.64,49885.64,49978.14,12877
2026-05-06T14:45:00+00:00,49978.14,50008.64,49911.14,50004.14,10210
2026-05-06T15:00:00+00:00,50004.14,50025.14,49951.14,49982.14,8607
2026-05-06T15:15:00+00:00,49982.14,49985.14,49931.14,49933.14,7033
2026-05-06T15:30:00+00:00,49933.14,49946.14,49861.64,49882.64,7696
2026-05-06T15:45:00+00:00,49882.64,49920.64,49870.64,49894.14,6937
2026-05-06T16:00:00+00:00,49894.14,49896.14,49835.14,49836.14,5449
2026-05-06T16:15:00+00:00,49836.14,49890.14,49831.14,49858.14,4902
2026-05-06T16:30:00+00:00,49858.14,49883.14,49854.14,49862.14,3973
2026-05-06T16:45:00+00:00,49862.14,49874.14,49829.64,49848.14,6294
2026-05-06T17:00:00+00:00,49848.14,49892.64,49818.14,49849.14,5186
2026-05-06T17:15:00+00:00,49849.14,49862.64,49825.64,49861.14,3604
2026-05-06T17:30:00+00:00,49861.14,49875.14,49836.14,49858.64,3316
2026-05-06T17:45:00+00:00,49858.64,49901.14,49853.14,49900.14,3235
2026-05-06T18:00:00+00:00,49900.14,49930.64,49887.14,49927.14,3780
2026-05-06T18:15:00+00:00,49927.14,49990.14,49927.14,49963.14,4498
2026-05-06T18:30:00+00:00,49963.14,49986.14,49939.14,49939.14,3874
2026-05-06T18:45:00+00:00,49939.14,49960.64,49921.64,49954.14,3599
2026-05-06T19:00:00+00:00,49954.14,50040.64,49953.14,50032.14,4472
2026-05-06T19:15:00+00:00,50032.14,50066.64,50017.14,50039.14,5329
2026-05-06T19:30:00+00:00,50039.14,50045.14,50005.64,50007.14,4718
2026-05-06T19:45:00+00:00,50007.14,50067.14,49954.64,49958.64,9386
2026-05-06T20:00:00+00:00,49958.64,49983.79,49937.79,49972.79,2816
2026-05-06T20:15:00+00:00,49972.79,49976.29,49935.79,49959.29,1299
2026-05-06T20:30:00+00:00,49959.29,49959.29,49937.29,49950.79,1055
2026-05-06T20:45:00+00:00,49950.79,49961.79,49927.79,49957.04,1009
2026-05-06T22:00:00+00:00,49957.04,49990.11,49929.61,49934.11,1399
2026-05-06T22:15:00+00:00,49934.11,49950.61,49931.61,49934.11,689
2026-05-06T22:30:00+00:00,49934.11,49945.11,49932.61,49944.61,451
2026-05-06T22:45:00+00:00,49944.61,49944.61,49926.11,49930.61,331
2026-05-06T23:00:00+00:00,49930.61,49940.61,49924.61,49931.11,499.0762270202165
2026-05-06T23:15:00+00:00,49931.11,49938.11,49925.61,49931.11,383
2026-05-06T23:30:00+00:00,49931.11,49937.61,49921.11,49937.11,393
2026-05-06T23:45:00+00:00,49937.11,49947.61,49926.11,49932.11,768
2026-05-07T00:00:00+00:00,49932.11,49977.11,49929.61,49968.61,1855
2026-05-07T00:15:00+00:00,49968.61,49969.61,49947.11,49959.11,2310
2026-05-07T00:30:00+00:00,49959.11,49991.61,49954.61,49990.11,1288
2026-05-07T00:45:00+00:00,49990.11,50004.11,49985.61,50001.11,889
2026-05-07T01:00:00+00:00,50001.11,50019.61,49983.11,50005.61,1378
2026-05-07T01:15:00+00:00,50005.61,50019.11,50004.61,50017.61,968
2026-05-07T01:30:00+00:00,50017.61,50035.11,50015.11,50029.11,851
2026-05-07T01:45:00+00:00,50029.11,50039.11,50023.11,50029.11,741
2026-05-07T02:00:00+00:00,50029.11,50040.11,50003.61,50005.61,1119
2026-05-07T02:15:00+00:00,50005.61,50020.61,50003.11,50020.61,1011
2026-05-07T02:30:00+00:00,50020.61,50028.11,50014.61,50017.61,925
2026-05-07T02:45:00+00:00,50017.61,50036.11,50017.61,50029.11,605
2026-05-07T03:00:00+00:00,50029.11,50029.61,50016.61,50020.11,502
2026-05-07T03:15:00+00:00,50020.11,50040.11,50012.11,50033.11,579
2026-05-07T03:30:00+00:00,50033.11,50043.61,50032.11,50039.11,356
2026-05-07T03:45:00+00:00,50039.11,50039.11,50031.11,50031.61,363
2026-05-07T04:00:00+00:00,50031.61,50038.61,50026.11,50034.11,383
2026-05-07T04:15:00+00:00,50034.11,50049.11,50034.11,50045.61,405
2026-05-07T04:30:00+00:00,50045.61,50047.61,50037.11,50041.61,322
2026-05-07T04:45:00+00:00,50041.61,50053.61,50038.11,50048.11,299
2026-05-07T05:00:00+00:00,50048.11,50061.11,50045.11,50049.61,488
2026-05-07T05:15:00+00:00,50049.61,50052.11,50030.11,50037.11,369
2026-05-07T05:30:00+00:00,50037.11,50049.61,50037.11,50043.11,521
2026-05-07T05:45:00+00:00,50043.11,50043.61,50030.11,50030.11,353
2026-05-07T06:00:00+00:00,50030.11,50040.61,50015.61,50019.11,776
2026-05-07T06:15:00+00:00,50019.11,50049.11,50014.61,50041.11,707
2026-05-07T06:30:00+00:00,50041.11,50133.11,50029.61,50119.61,1783
2026-05-07T06:45:00+00:00,50119.61,50121.11,50081.61,50084.61,1626
2026-05-07T07:00:00+00:00,50084.61,50145.61,50040.61,50145.61,5285
2026-05-07T07:15:00+00:00,50145.61,50154.61,50077.61,50088.61,4307
2026-05-07T07:30:00+00:00,50088.61,50108.11,50068.11,50077.11,2579
2026-05-07T07:45:00+00:00,50077.11,50085.61,50054.61,50079.11,1962
2026-05-07T08:00:00+00:00,50079.11,50108.61,50059.11,50078.61,3210
2026-05-07T08:15:00+00:00,50078.61,50080.61,49998.61,50033.61,3865
2026-05-07T08:30:00+00:00,50033.61,50039.11,50011.61,50016.61,2224
2026-05-07T08:45:00+00:00,50016.61,50032.61,50001.61,50010.61,1712
2026-05-07T09:00:00+00:00,50010.61,50010.61,49989.11,49998.11,1804
2026-05-07T09:15:00+00:00,49998.11,50016.11,49986.11,49997.61,1646
2026-05-07T09:30:00+00:00,49997.61,50015.11,49992.11,50001.61,1445
2026-05-07T09:45:00+00:00,50001.61,50006.61,49955.11,49971.11,1733
2026-05-07T10:00:00+00:00,49971.11,49977.11,49956.11,49974.61,1647
2026-05-07T10:15:00+00:00,49974.61,50004.61,49967.11,49976.61,1241
2026-05-07T10:30:00+00:00,49976.61,49991.11,49954.11,49987.11,1583
2026-05-07T10:45:00+00:00,49987.11,49997.61,49979.11,49984.11,1353
2026-05-07T11:00:00+00:00,49984.11,50058.11,49984.11,50057.61,2569
2026-05-07T11:15:00+00:00,50057.61,50070.61,50029.11,50046.61,2138
2026-05-07T11:30:00+00:00,50046.61,50081.11,50045.61,50047.11,1558
2026-05-07T11:45:00+00:00,50047.11,50049.61,50010.61,50025.61,1242
2026-05-07T12:00:00+00:00,50025.61,50070.11,50022.61,50066.11,1539
2026-05-07T12:15:00+00:00,50066.11,50093.61,50048.61,50085.61,2041
2026-05-07T12:30:00+00:00,50085.61,50112.11,50072.61,50096.11,1638
2026-05-07T12:45:00+00:00,50096.11,50110.61,50060.11,50080.11,1991
2026-05-07T13:00:00+00:00,50080.11,50081.61,50018.61,50034.11,2173
2026-05-07T13:15:00+00:00,50034.11,50105.61,50033.61,50103.11,3067
2026-05-07T13:30:00+00:00,50103.11,50175.46,49978.46,50063.96,35206
2026-05-07T13:45:00+00:00,50063.96,50086.46,49893.46,49928.46,19692
2026-05-07T14:00:00+00:00,49928.46,49966.46,49842.96,49848.46,13687
2026-05-07T14:15:00+00:00,49848.46,49873.96,49757.96,49768.46,12501
2026-05-07T14:30:00+00:00,49768.46,49861.96,49768.46,49832.96,9841
2026-05-07T14:45:00+00:00,49832.96,49932.96,49821.46,49929.46,8183
2026-05-07T15:00:00+00:00,49929.46,49949.46,49906.96,49942.46,9277
2026-05-07T15:15:00+00:00,49942.46,49942.46,49826.46,49875.46,10093
2026-05-07T15:30:00+00:00,49875.46,49922.46,49860.96,49881.46,7344
2026-05-07T15:45:00+00:00,49881.46,49896.96,49841.46,49855.46,8383
2026-05-07T16:00:00+00:00,49855.46,49861.46,49794.46,49800.46,10623
2026-05-07T16:15:00+00:00,49800.46,49806.46,49742.96,49805.46,12305
2026-05-07T16:30:00+00:00,49805.46,49810.46,49702.96,49714.46,8221
2026-05-07T16:45:00+00:00,49714.46,49720.46,49656.46,49668.96,7978
2026-05-07T17:00:00+00:00,49668.96,49734.46,49639.96,49709.46,7482
2026-05-07T17:15:00+00:00,49709.46,49745.46,49565.96,49597.46,19445
2026-05-07T17:30:00+00:00,49597.46,49634.46,49557.46,49577.46,15582
2026-05-07T17:45:00+00:00,49577.46,49641.46,49539.36,49638.46,12695
2026-05-07T18:00:00+00:00,49638.46,49688.46,49597.46,49681.96,10562
2026-05-07T18:15:00+00:00,49681.96,49711.46,49660.46,49668.46,6805
2026-05-07T18:30:00+00:00,49668.46,49684.96,49537.96,49565.96,9326
2026-05-07T18:45:00+00:00,49565.96,49630.46,49520.46,49620.46,14382
2026-05-07T19:00:00+00:00,49620.46,49656.96,49602.46,49636.46,7987
2026-05-07T19:15:00+00:00,49636.46,49649.96,49567.46,49612.46,10685
2026-05-07T19:30:00+00:00,49612.46,49644.46,49600.46,49620.46,6612
2026-05-07T19:45:00+00:00,49620.46,49669.46,49581.96,49639.46,11137
2026-05-07T20:00:00+00:00,49639.46,49768.11,49596.61,49690.11,6056
2026-05-07T20:15:00+00:00,49690.11,49700.61,49668.11,49687.11,1561
2026-05-07T20:30:00+00:00,49687.11,49698.11,49584.61,49628.61,4003
2026-05-07T20:45:00+00:00,49628.61,49633.11,49570.61,49576.86,2397
2026-05-07T22:00:00+00:00,49576.86,49602.41,49540.41,49568.41,1969
2026-05-07T22:15:00+00:00,49568.41,49626.41,49557.41,49605.91,2137
2026-05-07T22:30:00+00:00,49605.91,49609.41,49536.16,49577.41,1658
2026-05-07T22:45:00+00:00,49577.41,49587.41,49566.41,49575.41,802
2026-05-07T23:00:00+00:00,49575.41,49593.91,49569.41,49588.91,630
2026-05-07T23:15:00+00:00,49588.91,49600.91,49581.91,49598.91,481
2026-05-07T23:30:00+00:00,49598.91,49621.41,49592.91,49618.91,514
2026-05-07T23:45:00+00:00,49618.91,49651.91,49607.41,49651.41,884
2026-05-08T00:00:00+00:00,49651.41,49703.91,49651.41,49681.91,2393
2026-05-08T00:15:00+00:00,49681.91,49681.91,49637.91,49651.41,2257
2026-05-08T00:30:00+00:00,49651.41,49663.91,49640.91,49662.41,1422
2026-05-08T00:45:00+00:00,49662.41,49667.91,49644.41,49666.91,1220
2026-05-08T01:00:00+00:00,49666.91,49706.41,49665.91,49695.91,1976
2026-05-08T01:15:00+00:00,49695.91,49698.41,49679.91,49679.91,1167
2026-05-08T01:30:00+00:00,49679.91,49683.91,49662.41,49672.91,1134
2026-05-08T01:45:00+00:00,49672.91,49689.91,49666.91,49673.91,1145
2026-05-08T02:00:00+00:00,49673.91,49689.91,49666.91,49688.91,942
2026-05-08T02:15:00+00:00,49688.91,49698.41,49672.41,49694.91,1318
2026-05-08T02:30:00+00:00,49694.91,49698.41,49634.41,49679.91,2419
2026-05-08T02:45:00+00:00,49679.91,49716.41,49678.91,49692.41,1367
2026-05-08T03:00:00+00:00,49692.41,49697.41,49679.41,49688.91,951
2026-05-08T03:15:00+00:00,49688.91,49691.91,49677.41,49689.91,686
2026-05-08T03:30:00+00:00,49689.91,49717.91,49687.41,49695.41,1206
2026-05-08T03:45:00+00:00,49695.41,49703.91,49682.91,49697.41,736
2026-05-08T04:00:00+00:00,49697.41,49700.41,49677.91,49677.91,624
2026-05-08T04:15:00+00:00,49677.91,49684.91,49663.91,49674.91,812
2026-05-08T04:30:00+00:00,49674.91,49681.41,49655.91,49663.41,682
2026-05-08T04:45:00+00:00,49663.41,49701.41,49662.91,49684.91,880
2026-05-08T05:00:00+00:00,49684.91,49697.41,49677.41,49686.41,1043
2026-05-08T05:15:00+00:00,49686.41,49696.91,49684.41,49689.91,623
2026-05-08T05:30:00+00:00,49689.91,49703.91,49682.91,49693.91,1253
2026-05-08T05:45:00+00:00,49693.91,49702.41,49689.41,49689.91,733
2026-05-08T06:00:00+00:00,49689.91,49722.91,49670.91,49709.91,1906
2026-05-08T06:15:00+00:00,49709.91,49739.91,49703.91,49734.41,1214
2026-05-08T06:30:00+00:00,49734.41,49739.41,49713.41,49720.91,1627
2026-05-08T06:45:00+00:00,49720.91,49726.41,49707.41,49722.41,1200
2026-05-08T07:00:00+00:00,49722.41,49723.91,49675.41,49678.91,3133
2026-05-08T07:15:00+00:00,49678.91,49700.41,49665.41,49695.41,2688
2026-05-08T07:30:00+00:00,49695.41,49699.91,49675.91,49693.41,2385
2026-05-08T07:45:00+00:00,49693.41,49724.41,49684.41,49714.41,2168
2026-05-08T08:00:00+00:00,49714.41,49719.41,49679.91,49685.91,2609
2026-05-08T08:15:00+00:00,49685.91,49724.91,49682.41,49721.41,2378
2026-05-08T08:30:00+00:00,49721.41,49743.91,49710.41,49735.91,1767
2026-05-08T08:45:00+00:00,49735.91,49750.41,49719.41,49739.41,1724
2026-05-08T09:00:00+00:00,49739.41,49787.41,49735.41,49786.41,1547
2026-05-08T09:15:00+00:00,49786.41,49804.91,49775.41,49783.91,1332
2026-05-08T09:30:00+00:00,49783.91,49789.41,49767.41,49783.41,1335
2026-05-08T09:45:00+00:00,49783.41,49784.91,49723.41,49754.41,2069
2026-05-08T10:00:00+00:00,49754.41,49770.91,49750.41,49764.91,1306
2026-05-08T10:15:00+00:00,49764.91,49780.91,49754.91,49767.41,1107
2026-05-08T10:30:00+00:00,49767.41,49795.41,49765.41,49783.91,1059
2026-05-08T10:45:00+00:00,49783.91,49783.91,49739.41,49778.41,2177
2026-05-08T11:00:00+00:00,49778.41,49802.91,49778.41,49784.41,1858
2026-05-08T11:15:00+00:00,49784.41,49793.41,49763.41,49785.41,1221
2026-05-08T11:30:00+00:00,49785.41,49797.91,49776.41,49783.41,1000
2026-05-08T11:45:00+00:00,49783.41,49787.91,49766.41,49785.91,1160
2026-05-08T12:00:00+00:00,49785.91,49814.41,49783.41,49788.41,1815
2026-05-08T12:15:00+00:00,49788.41,49808.41,49776.91,49791.16,1851
2026-05-08T12:30:00+00:00,49791.16,49889.41,49791.16,49839.91,5440
2026-05-08T12:45:00+00:00,49839.91,49839.91,49755.41,49786.41,4030
2026-05-08T13:00:00+00:00,49786.41,49797.91,49731.41,49756.41,4613
2026-05-08T13:15:00+00:00,49756.41,49872.91,49746.91,49872.91,4497
2026-05-08T13:30:00+00:00,49872.91,49881.26,49667.26,49710.26,32996
2026-05-08T13:45:00+00:00,49710.26,49767.76,49678.26,49726.76,17434
2026-05-08T14:00:00+00:00,49726.76,49740.76,49659.26,49719.26,14805
2026-05-08T14:15:00+00:00,49719.26,49768.76,49696.26,49752.26,12572
2026-05-08T14:30:00+00:00,49752.26,49786.76,49698.26,49748.26,10553
2026-05-08T14:45:00+00:00,49748.26,49770.26,49686.26,49699.26,7708
2026-05-08T15:00:00+00:00,49699.26,49714.26,49623.76,49635.26,7636
2026-05-08T15:15:00+00:00,49635.26,49660.26,49605.26,49634.26,7489
2026-05-08T15:30:00+00:00,49634.26,49686.26,49600.26,49640.26,8376
2026-05-08T15:45:00+00:00,49640.26,49682.26,49634.26,49681.76,5746
2026-05-08T16:00:00+00:00,49681.76,49719.76,49649.76,49662.26,5132
2026-05-08T16:15:00+00:00,49662.26,49680.76,49647.76,49657.76,4140
2026-05-08T16:30:00+00:00,49657.76,49673.26,49608.76,49619.26,4843
2026-05-08T16:45:00+00:00,49619.26,49662.26,49590.26,49591.26,5626
2026-05-08T17:00:00+00:00,49591.26,49630.26,49588.26,49594.26,5103
2026-05-08T17:15:00+00:00,49594.26,49666.76,49592.76,49654.76,4706
2026-05-08T17:30:00+00:00,49654.76,49660.26,49615.26,49632.26,4085
2026-05-08T17:45:00+00:00,49632.26,49648.26,49628.76,49641.26,3396
2026-05-08T18:00:00+00:00,49641.26,49694.76,49630.26,49666.26,5434
2026-05-08T18:15:00+00:00,49666.26,49684.26,49633.26,49645.26,3584
2026-05-08T18:30:00+00:00,49645.26,49669.26,49606.76,49606.76,3157
2026-05-08T18:45:00+00:00,49606.76,49607.26,49517.26,49549.26,5491
2026-05-08T19:00:00+00:00,49549.26,49569.76,49531.26,49537.26,4976
2026-05-08T19:15:00+00:00,49537.26,49598.26,49532.26,49581.26,4245
2026-05-08T19:30:00+00:00,49581.26,49625.76,49572.26,49622.26,5530
2026-05-08T19:45:00+00:00,49622.26,49641.76,49596.26,49636.26,6754
2026-05-08T20:00:00+00:00,49636.26,49653.91,49614.41,49633.91,2021
2026-05-08T20:15:00+00:00,49633.91,49635.41,49604.9,49624.9,659
2026-05-08T20:30:00+00:00,49624.9,49644.9,49622.4,49644.65,585
2026-05-10T22:00:00+00:00,49644.65,49644.65,49391.15,49446.15,2681
2026-05-10T22:15:00+00:00,49446.15,49450.15,49380.4,49444.65,2243
2026-05-10T22:30:00+00:00,49444.65,49449.65,49421.65,49448.15,895
2026-05-10T22:45:00+00:00,49448.15,49511.65,49447.65,49496.15,730
2026-05-10T23:00:00+00:00,49496.15,49509.65,49475.65,49484.65,1031
2026-05-10T23:15:00+00:00,49484.65,49499.65,49480.65,49487.65,579.8693722257451
2026-05-10T23:30:00+00:00,49487.65,49493.65,49476.65,49482.15,668
2026-05-10T23:45:00+00:00,49482.15,49490.65,49461.15,49464.65,1042
2026-05-11T00:00:00+00:00,49464.65,49485.15,49433.15,49439.65,2443
2026-05-11T00:15:00+00:00,49439.65,49444.65,49413.65,49430.65,2287
2026-05-11T00:30:00+00:00,49430.65,49446.15,49426.15,49428.15,1340
2026-05-11T00:45:00+00:00,49428.15,49440.65,49387.15,49436.65,4287
2026-05-11T01:00:00+00:00,49436.65,49457.65,49432.15,49457.15,3248
2026-05-11T01:15:00+00:00,49457.15,49481.65,49455.15,49474.15,1723
2026-05-11T01:30:00+00:00,49474.15,49474.15,49447.65,49453.15,1800
2026-05-11T01:45:00+00:00,49453.15,49476.15,49444.15,49473.15,1383
2026-05-11T02:00:00+00:00,49473.15,49480.65,49462.65,49478.15,1320
2026-05-11T02:15:00+00:00,49478.15,49493.15,49472.15,49490.15,695
2026-05-11T02:30:00+00:00,49490.15,49494.15,49475.15,49478.15,893
2026-05-11T02:45:00+00:00,49478.15,49483.65,49467.65,49472.15,559
2026-05-11T03:00:00+00:00,49472.15,49486.15,49451.65,49484.15,1162
2026-05-11T03:15:00+00:00,49484.15,49502.65,49476.15,49499.15,825
2026-05-11T03:30:00+00:00,49499.15,49526.15,49498.65,49520.15,951
2026-05-11T03:45:00+00:00,49520.15,49520.15,49500.15,49500.65,585
2026-05-11T04:00:00+00:00,49500.65,49503.15,49482.15,49495.15,678
2026-05-11T04:15:00+00:00,49495.15,49508.65,49495.15,49501.15,453
2026-05-11T04:30:00+00:00,49501.15,49503.15,49489.15,49490.65,426
2026-05-11T04:45:00+00:00,49490.65,49496.65,49484.65,49493.15,355
2026-05-11T05:00:00+00:00,49493.15,49503.65,49492.15,49501.15,467
2026-05-11T05:15:00+00:00,49501.15,49517.15,49499.15,49512.15,600
2026-05-11T05:30:00+00:00,49512.15,49519.15,49500.65,49504.15,702
2026-05-11T05:45:00+00:00,49504.15,49521.15,49500.15,49510.15,857
2026-05-11T06:00:00+00:00,49510.15,49530.65,49505.65,49523.65,1045
2026-05-11T06:15:00+00:00,49523.65,49541.65,49509.15,49532.65,1039
2026-05-11T06:30:00+00:00,49532.65,49535.65,49512.65,49523.15,1161
2026-05-11T06:45:00+00:00,49523.15,49549.65,49516.65,49546.15,948
2026-05-11T07:00:00+00:00,49546.15,49562.15,49527.65,49547.65,1863
2026-05-11T07:15:00+00:00,49547.65,49558.65,49528.65,49531.15,1304
2026-05-11T07:30:00+00:00,49531.15,49548.65,49512.15,49531.65,1561
2026-05-11T07:45:00+00:00,49531.65,49539.65,49519.15,49539.15,986
2026-05-11T08:00:00+00:00,49539.15,49603.65,49532.15,49597.15,2541
2026-05-11T08:15:00+00:00,49597.15,49615.15,49591.65,49595.65,1970
2026-05-11T08:30:00+00:00,49595.65,49617.15,49589.65,49596.65,1491
2026-05-11T08:45:00+00:00,49596.65,49599.65,49576.15,49581.65,1083
2026-05-11T09:00:00+00:00,49581.65,49591.65,49568.15,49573.65,1430
2026-05-11T09:15:00+00:00,49573.65,49598.65,49572.15,49589.65,1168
2026-05-11T09:30:00+00:00,49589.65,49612.15,49583.15,49612.15,976
2026-05-11T09:45:00+00:00,49612.15,49618.65,49578.15,49578.15,1274
2026-05-11T10:00:00+00:00,49578.15,49600.15,49574.65,49598.15,1007
2026-05-11T10:15:00+00:00,49598.15,49609.65,49589.65,49595.15,949
2026-05-11T10:30:00+00:00,49595.15,49609.65,49574.15,49589.15,1343
2026-05-11T10:45:00+00:00,49589.15,49591.15,49570.65,49578.65,1137
2026-05-11T11:00:00+00:00,49578.65,49578.65,49535.15,49539.15,1509
2026-05-11T11:15:00+00:00,49539.15,49549.65,49528.65,49544.15,1198
2026-05-11T11:30:00+00:00,49544.15,49578.15,49541.65,49554.65,1442
2026-05-11T11:45:00+00:00,49554.65,49560.15,49504.65,49523.15,1780
2026-05-11T12:00:00+00:00,49523.15,49556.15,49523.15,49546.15,1997
2026-05-11T12:15:00+00:00,49546.15,49583.65,49527.15,49573.15,2259
2026-05-11T12:30:00+00:00,49573.15,49608.65,49561.65,49566.15,2054
2026-05-11T12:45:00+00:00,49566.15,49572.65,49509.65,49534.65,3339
2026-05-11T13:00:00+00:00,49534.65,49587.65,49524.15,49583.65,2321
2026-05-11T13:15:00+00:00,49583.65,49605.65,49575.65,49581.15,2915
2026-05-11T13:30:00+00:00,49581.15,49657.5,49472,49542.5,39123
2026-05-11T13:45:00+00:00,49542.5,49716.5,49537.5,49715,24724
2026-05-11T14:00:00+00:00,49715,49715,49557,49591.5,17214
2026-05-11T14:15:00+00:00,49591.5,49723.5,49591.5,49705.5,14607
2026-05-11T14:30:00+00:00,49705.5,49713.5,49604.5,49648.5,16167
2026-05-11T14:45:00+00:00,49648.5,49663,49587.5,49648.5,11385
2026-05-11T15:00:00+00:00,49648.5,49661.5,49607.5,49621.5,9286
2026-05-11T15:15:00+00:00,49621.5,49692.5,49615.5,49662.5,7542
2026-05-11T15:30:00+00:00,49662.5,49682,49636.5,49662.5,7856
2026-05-11T15:45:00+00:00,49662.5,49668.5,49592.5,49618.5,7774
2026-05-11T16:00:00+00:00,49618.5,49625,49583,49597.5,5782
2026-05-11T16:15:00+00:00,49597.5,49664.5,49597.5,49637,5421
2026-05-11T16:30:00+00:00,49637,49660.5,49571,49614.5,8615
2026-05-11T16:45:00+00:00,49614.5,49636.5,49577,49593.5,6368
2026-05-11T17:00:00+00:00,49593.5,49620,49583,49613.5,5021
2026-05-11T17:15:00+00:00,49613.5,49674.5,49598,49669.5,4716
2026-05-11T17:30:00+00:00,49669.5,49741.5,49669,49741,4679
2026-05-11T17:45:00+00:00,49741,49748.5,49711,49744.5,4299
2026-05-11T18:00:00+00:00,49744.5,49780.5,49715.5,49725.5,4542
2026-05-11T18:15:00+00:00,49725.5,49743,49701,49705.5,4004
2026-05-11T18:30:00+00:00,49705.5,49720.5,49673,49680.5,4781
2026-05-11T18:45:00+00:00,49680.5,49684.5,49620,49623.5,4902
2026-05-11T19:00:00+00:00,49623.5,49641.5,49601.5,49625.5,6283
2026-05-11T19:15:00+00:00,49625.5,49662.5,49612,49655.5,5869
2026-05-11T19:30:00+00:00,49655.5,49673,49623.5,49629.5,5995
2026-05-11T19:45:00+00:00,49629.5,49716,49626,49715.5,8108
2026-05-11T20:00:00+00:00,49715.5,49724.15,49669.65,49696.65,3223
2026-05-11T20:15:00+00:00,49696.65,49705.15,49688.65,49699.15,1087
2026-05-11T20:30:00+00:00,49699.15,49711.15,49693.65,49709.65,686
2026-05-11T20:45:00+00:00,49709.65,49736.65,49704.15,49722.4,949
2026-05-11T22:00:00+00:00,49722.4,49738.71,49704.96,49737.71,811
2026-05-11T22:15:00+00:00,49737.71,49747.21,49736.21,49739.71,368
2026-05-11T22:30:00+00:00,49739.71,49752.21,49739.71,49747.21,126
2026-05-11T22:45:00+00:00,49747.21,49748.21,49725.21,49730.71,168.29835111542192
2026-05-11T23:00:00+00:00,49730.71,49734.21,49726.71,49732.21,123
2026-05-11T23:15:00+00:00,49732.21,49732.21,49721.71,49726.71,225
2026-05-11T23:30:00+00:00,49726.71,49726.71,49717.21,49721.21,150.4158380472415
2026-05-11T23:45:00+00:00,49721.21,49721.21,49703.71,49716.21,426
2026-05-12T00:00:00+00:00,49716.21,49717.21,49690.71,49692.21,1569
2026-05-12T00:15:00+00:00,49692.21,49700.71,49680.71,49694.21,1543
2026-05-12T00:30:00+00:00,49694.21,49697.21,49665.71,49670.21,1138
2026-05-12T00:45:00+00:00,49670.21,49677.21,49658.71,49669.71,1011
2026-05-12T01:00:00+00:00,49669.71,49682.71,49664.21,49678.71,1076
2026-05-12T01:15:00+00:00,49678.71,49680.21,49655.21,49677.71,1968
2026-05-12T01:30:00+00:00,49677.71,49679.21,49623.71,49635.21,3779
2026-05-12T01:45:00+00:00,49635.21,49691.71,49626.21,49686.71,2939
2026-05-12T02:00:00+00:00,49686.71,49724.71,49669.71,49707.71,2358
2026-05-12T02:15:00+00:00,49707.71,49710.21,49682.71,49694.21,1413
2026-05-12T02:30:00+00:00,49694.21,49699.21,49682.21,49683.71,867
2026-05-12T02:45:00+00:00,49683.71,49707.71,49683.71,49695.21,1112
2026-05-12T03:00:00+00:00,49695.21,49709.21,49684.21,49695.21,1104
2026-05-12T03:15:00+00:00,49695.21,49696.21,49681.71,49686.71,551
2026-05-12T03:30:00+00:00,49686.71,49704.21,49686.71,49697.71,731
2026-05-12T03:45:00+00:00,49697.71,49699.71,49674.71,49680.21,644
2026-05-12T04:00:00+00:00,49680.21,49695.71,49679.21,49684.71,739
2026-05-12T04:15:00+00:00,49684.71,49699.71,49683.21,49689.71,665
2026-05-12T04:30:00+00:00,49689.71,49704.21,49686.21,49700.71,607
2026-05-12T04:45:00+00:00,49700.71,49702.71,49676.21,49677.71,971
2026-05-12T05:00:00+00:00,49677.71,49687.71,49666.71,49671.21,912
2026-05-12T05:15:00+00:00,49671.21,49692.21,49661.71,49685.21,1086
2026-05-12T05:30:00+00:00,49685.21,49687.21,49664.21,49673.71,1078
2026-05-12T05:45:00+00:00,49673.71,49705.71,49673.71,49690.21,1274
2026-05-12T06:00:00+00:00,49690.21,49696.71,49666.21,49676.21,1800
2026-05-12T06:15:00+00:00,49676.21,49682.71,49649.71,49655.21,1452
2026-05-12T06:30:00+00:00,49655.21,49660.21,49622.21,49636.21,1298
2026-05-12T06:45:00+00:00,49636.21,49643.71,49596.21,49602.71,1445
2026-05-12T07:00:00+00:00,49602.71,49610.71,49553.71,49608.71,3134
2026-05-12T07:15:00+00:00,49608.71,49655.71,49608.21,49645.21,2426
2026-05-12T07:30:00+00:00,49645.21,49688.21,49635.71,49682.21,2090
2026-05-12T07:45:00+00:00,49682.21,49696.21,49669.21,49681.71,1805
2026-05-12T08:00:00+00:00,49681.71,49714.71,49664.21,49700.71,3330
2026-05-12T08:15:00+00:00,49700.71,49716.21,49671.21,49673.21,3021
2026-05-12T08:30:00+00:00,49673.21,49687.71,49657.71,49670.21,2092
2026-05-12T08:45:00+00:00,49670.21,49696.21,49645.21,49656.21,2095
2026-05-12T09:00:00+00:00,49656.21,49665.71,49628.21,49642.21,2321
2026-05-12T09:15:00+00:00,49642.21,49654.71,49629.21,49646.71,1507
2026-05-12T09:30:00+00:00,49646.71,49695.71,49635.71,49636.21,3604
2026-05-12T09:45:00+00:00,49636.21,49650.71,49619.21,49640.21,1408
2026-05-12T10:00:00+00:00,49640.21,49669.21,49635.21,49665.21,1411
2026-05-12T10:15:00+00:00,49665.21,49665.21,49637.71,49661.21,1087
2026-05-12T10:30:00+00:00,49661.21,49671.21,49651.71,49667.21,1308
2026-05-12T10:45:00+00:00,49667.21,49678.71,49644.21,49678.71,1503
2026-05-12T11:00:00+00:00,49678.71,49705.21,49631.21,49655.21,4038
2026-05-12T11:15:00+00:00,49655.21,49670.21,49637.71,49645.71,2404
2026-05-12T11:30:00+00:00,49645.71,49698.21,49645.71,49692.21,1815
2026-05-12T11:45:00+00:00,49692.21,49707.21,49672.21,49673.21,1609
2026-05-12T12:00:00+00:00,49673.21,49677.71,49642.71,49654.71,2274
2026-05-12T12:15:00+00:00,49654.71,49675.71,49638.21,49666.96,2401
2026-05-12T12:30:00+00:00,49666.96,49732.21,49629.71,49697.21,6469
2026-05-12T12:45:00+00:00,49697.21,49743.21,49695.21,49731.21,2841
2026-05-12T13:00:00+00:00,49731.21,49740.71,49699.71,49711.71,2665
2026-05-12T13:15:00+00:00,49711.71,49712.21,49623.71,49644.21,3974
2026-05-12T13:30:00+00:00,49644.21,49699.060000000005,49344.060000000005,49347.060000000005,40563
2026-05-12T13:45:00+00:00,49347.060000000005,49425.560000000005,49307.060000000005,49415.060000000005,24573
2026-05-12T14:00:00+00:00,49415.060000000005,49500.060000000005,49353.060000000005,49470.060000000005,20617
2026-05-12T14:15:00+00:00,49470.060000000005,49477.060000000005,49364.060000000005,49444.060000000005,15228
2026-05-12T14:30:00+00:00,49444.060000000005,49464.060000000005,49370.060000000005,49447.560000000005,17433
2026-05-12T14:45:00+00:00,49447.560000000005,49450.060000000005,49351.560000000005,49437.060000000005,13367
2026-05-12T15:00:00+00:00,49437.060000000005,49471.560000000005,49418.560000000005,49424.560000000005,12209
2026-05-12T15:15:00+00:00,49424.560000000005,49467.560000000005,49399.560000000005,49466.060000000005,15297
2026-05-12T15:30:00+00:00,49466.060000000005,49546.060000000005,49451.060000000005,49546.060000000005,11310
2026-05-12T15:45:00+00:00,49546.060000000005,49566.560000000005,49522.060000000005,49529.060000000005,10474
2026-05-12T16:00:00+00:00,49529.060000000005,49555.060000000005,49489.060000000005,49515.060000000005,9972
2026-05-12T16:15:00+00:00,49515.060000000005,49546.560000000005,49513.060000000005,49540.060000000005,7097
2026-05-12T16:30:00+00:00,49540.060000000005,49603.060000000005,49516.560000000005,49573.060000000005,9004
2026-05-12T16:45:00+00:00,49573.060000000005,49643.560000000005,49540.560000000005,49641.060000000005,8987
2026-05-12T17:00:00+00:00,49641.060000000005,49718.560000000005,49625.060000000005,49658.060000000005,10039
2026-05-12T17:15:00+00:00,49658.060000000005,49736.560000000005,49657.560000000005,49715.060000000005,9869
2026-05-12T17:30:00+00:00,49715.060000000005,49730.060000000005,49683.560000000005,49721.060000000005,7472
2026-05-12T17:45:00+00:00,49721.060000000005,49723.560000000005,49681.060000000005,49721.060000000005,6261
2026-05-12T18:00:00+00:00,49721.060000000005,49730.060000000005,49681.560000000005,49692.060000000005,7289
2026-05-12T18:15:00+00:00,49692.060000000005,49786.560000000005,49691.060000000005,49764.560000000005,8288
2026-05-12T18:30:00+00:00,49764.560000000005,49779.060000000005,49745.560000000005,49778.560000000005,6028
2026-05-12T18:45:00+00:00,49778.560000000005,49787.060000000005,49752.060000000005,49779.560000000005,5758
2026-05-12T19:00:00+00:00,49779.560000000005,49821.060000000005,49769.060000000005,49802.060000000005,6437
2026-05-12T19:15:00+00:00,49802.060000000005,49812.060000000005,49765.060000000005,49795.060000000005,6390
2026-05-12T19:30:00+00:00,49795.060000000005,49834.060000000005,49771.560000000005,49799.060000000005,6220
2026-05-12T19:45:00+00:00,49799.060000000005,49833.060000000005,49771.560000000005,49785.560000000005,11020
2026-05-12T20:00:00+00:00,49785.560000000005,49788.21,49747.21,49768.71,2596
2026-05-12T20:15:00+00:00,49768.71,49773.21,49754.21,49767.71,1226
2026-05-12T20:30:00+00:00,49767.71,49772.21,49748.71,49766.21,899
2026-05-12T20:45:00+00:00,49766.21,49783.71,49763.71,49778.96,826
2026-05-12T22:00:00+00:00,49778.96,49785.07,49754.82,49771.57,1035
2026-05-12T22:15:00+00:00,49771.57,49801.57,49766.57,49797.57,704
2026-05-12T22:30:00+00:00,49797.57,49803.57,49789.07,49790.07,401
2026-05-12T22:45:00+00:00,49790.07,49795.07,49780.07,49783.07,462
2026-05-12T23:00:00+00:00,49783.07,49784.07,49768.57,49775.57,758
2026-05-12T23:15:00+00:00,49775.57,49780.07,49764.07,49769.07,497
2026-05-12T23:30:00+00:00,49769.07,49771.57,49739.57,49743.07,634
2026-05-12T23:45:00+00:00,49743.07,49753.57,49728.07,49731.07,1105
2026-05-13T00:00:00+00:00,49731.07,49758.57,49730.07,49733.07,2381
2026-05-13T00:15:00+00:00,49733.07,49777.07,49733.07,49751.07,3133
2026-05-13T00:30:00+00:00,49751.07,49778.57,49745.07,49766.07,2391
2026-05-13T00:45:00+00:00,49766.07,49766.57,49742.07,49755.57,1701
2026-05-13T01:00:00+00:00,49755.57,49769.57,49751.57,49758.57,1586
2026-05-13T01:15:00+00:00,49758.57,49771.57,49740.57,49771.57,1451
2026-05-13T01:30:00+00:00,49771.57,49790.57,49771.07,49785.57,1643
2026-05-13T01:45:00+00:00,49785.57,49797.57,49768.07,49768.57,1717
2026-05-13T02:00:00+00:00,49768.57,49768.57,49744.07,49747.57,1195
2026-05-13T02:15:00+00:00,49747.57,49767.07,49747.57,49761.57,739
2026-05-13T02:30:00+00:00,49761.57,49766.57,49756.57,49759.57,457
2026-05-13T02:45:00+00:00,49759.57,49765.57,49753.07,49755.57,495
2026-05-13T03:00:00+00:00,49755.57,49756.57,49735.57,49737.07,1019
2026-05-13T03:15:00+00:00,49737.07,49758.07,49734.07,49757.07,628
2026-05-13T03:30:00+00:00,49757.07,49786.57,49756.57,49780.57,750
2026-05-13T03:45:00+00:00,49780.57,49791.57,49778.07,49782.57,499
2026-05-13T04:00:00+00:00,49782.57,49785.57,49771.57,49778.57,392
2026-05-13T04:15:00+00:00,49778.57,49780.57,49767.57,49769.57,420
2026-05-13T04:30:00+00:00,49769.57,49775.57,49756.07,49775.57,585
2026-05-13T04:45:00+00:00,49775.57,49789.07,49772.07,49784.07,511
2026-05-13T05:00:00+00:00,49784.07,49801.57,49778.07,49796.57,759
2026-05-13T05:15:00+00:00,49796.57,49804.57,49784.57,49800.07,707
2026-05-13T05:30:00+00:00,49800.07,49809.07,49795.07,49800.57,674
2026-05-13T05:45:00+00:00,49800.57,49803.07,49792.57,49797.07,453
2026-05-13T06:00:00+00:00,49797.07,49799.57,49781.57,49782.57,885
2026-05-13T06:15:00+00:00,49782.57,49785.57,49756.07,49766.57,1062
2026-05-13T06:30:00+00:00,49766.57,49775.57,49762.57,49765.57,828
2026-05-13T06:45:00+00:00,49765.57,49765.57,49744.57,49762.57,719
2026-05-13T07:00:00+00:00,49762.57,49777.57,49742.57,49755.07,1924
2026-05-13T07:15:00+00:00,49755.07,49761.07,49744.07,49759.57,1246
2026-05-13T07:30:00+00:00,49759.57,49788.57,49758.57,49788.57,1149
2026-05-13T07:45:00+00:00,49788.57,49799.07,49766.57,49774.07,1100
2026-05-13T08:00:00+00:00,49774.07,49791.57,49744.07,49753.07,2208
2026-05-13T08:15:00+00:00,49753.07,49760.57,49742.57,49749.57,1443
2026-05-13T08:30:00+00:00,49749.57,49769.07,49742.07,49748.07,1048
2026-05-13T08:45:00+00:00,49748.07,49751.07,49694.07,49715.07,1511
2026-05-13T09:00:00+00:00,49715.07,49723.07,49675.57,49676.07,1567
2026-05-13T09:15:00+00:00,49676.07,49683.57,49652.57,49652.57,1301
2026-05-13T09:30:00+00:00,49652.57,49675.57,49632.57,49674.07,1801
2026-05-13T09:45:00+00:00,49674.07,49682.57,49659.07,49679.57,1157
2026-05-13T10:00:00+00:00,49679.57,49704.07,49648.07,49657.57,1839
2026-05-13T10:15:00+00:00,49657.57,49676.07,49638.57,49641.07,1975
2026-05-13T10:30:00+00:00,49641.07,49650.07,49613.07,49647.07,1580
2026-05-13T10:45:00+00:00,49647.07,49661.07,49630.57,49640.57,1091
2026-05-13T11:00:00+00:00,49640.57,49667.07,49630.07,49639.57,1906
2026-05-13T11:15:00+00:00,49639.57,49653.07,49629.07,49643.07,1392
2026-05-13T11:30:00+00:00,49643.07,49672.07,49639.07,49646.07,1460
2026-05-13T11:45:00+00:00,49646.07,49655.07,49641.07,49646.57,1222
2026-05-13T12:00:00+00:00,49646.57,49661.07,49626.57,49632.07,1464
2026-05-13T12:15:00+00:00,49632.07,49643.57,49597.07,49612.57,2486
2026-05-13T12:30:00+00:00,49612.57,49612.57,49509.57,49525.57,7299
2026-05-13T12:45:00+00:00,49525.57,49547.07,49506.57,49535.07,3906
2026-05-13T13:00:00+00:00,49535.07,49622.57,49535.07,49621.07,3485
2026-05-13T13:15:00+00:00,49621.07,49652.57,49598.57,49615.07,3334
2026-05-13T13:30:00+00:00,49615.07,49618.420000000006,49450.420000000006,49520.920000000006,36957
2026-05-13T13:45:00+00:00,49520.920000000006,49616.920000000006,49483.920000000006,49548.920000000006,22736
2026-05-13T14:00:00+00:00,49548.920000000006,49632.920000000006,49536.920000000006,49597.920000000006,18006
2026-05-13T14:15:00+00:00,49597.920000000006,49658.420000000006,49558.420000000006,49644.920000000006,15914
2026-05-13T14:30:00+00:00,49644.920000000006,49683.920000000006,49545.920000000006,49551.920000000006,13661
2026-05-13T14:45:00+00:00,49551.920000000006,49564.420000000006,49485.920000000006,49500.920000000006,9812
2026-05-13T15:00:00+00:00,49500.920000000006,49540.420000000006,49456.420000000006,49491.420000000006,10275
2026-05-13T15:15:00+00:00,49491.420000000006,49544.420000000006,49481.920000000006,49515.920000000006,8853
2026-05-13T15:30:00+00:00,49515.920000000006,49577.920000000006,49508.920000000006,49528.920000000006,7669
2026-05-13T15:45:00+00:00,49528.920000000006,49567.920000000006,49506.920000000006,49550.920000000006,6375
2026-05-13T16:00:00+00:00,49550.920000000006,49555.920000000006,49517.920000000006,49540.920000000006,5344
2026-05-13T16:15:00+00:00,49540.920000000006,49650.420000000006,49536.420000000006,49629.920000000006,7869
2026-05-13T16:30:00+00:00,49629.920000000006,49641.920000000006,49590.920000000006,49596.920000000006,5573
2026-05-13T16:45:00+00:00,49596.920000000006,49616.920000000006,49571.920000000006,49604.920000000006,5754
2026-05-13T17:00:00+00:00,49604.920000000006,49659.920000000006,49593.420000000006,49626.420000000006,5515
2026-05-13T17:15:00+00:00,49626.420000000006,49646.920000000006,49603.920000000006,49632.920000000006,4915
2026-05-13T17:30:00+00:00,49632.920000000006,49657.920000000006,49606.920000000006,49650.920000000006,4665
2026-05-13T17:45:00+00:00,49650.920000000006,49676.920000000006,49648.920000000006,49668.920000000006,4673
2026-05-13T18:00:00+00:00,49668.920000000006,49706.920000000006,49656.920000000006,49700.920000000006,5305
2026-05-13T18:15:00+00:00,49700.920000000006,49728.420000000006,49693.920000000006,49703.920000000006,5979
2026-05-13T18:30:00+00:00,49703.920000000006,49703.920000000006,49653.420000000006,49657.920000000006,5180
2026-05-13T18:45:00+00:00,49657.920000000006,49732.920000000006,49656.420000000006,49708.920000000006,5708
2026-05-13T19:00:00+00:00,49708.920000000006,49747.920000000006,49701.420000000006,49725.920000000006,5344
2026-05-13T19:15:00+00:00,49725.920000000006,49737.920000000006,49709.920000000006,49737.420000000006,4487
2026-05-13T19:30:00+00:00,49737.420000000006,49749.420000000006,49704.920000000006,49745.920000000006,4329
2026-05-13T19:45:00+00:00,49745.920000000006,49756.920000000006,49685.920000000006,49710.420000000006,8409
2026-05-13T20:00:00+00:00,49710.420000000006,49776.07,49692.07,49772.57,3121
2026-05-13T20:15:00+00:00,49772.57,49793.57,49770.07,49789.57,1156
2026-05-13T20:30:00+00:00,49789.57,49821.57,49788.57,49815.07,788
2026-05-13T20:45:00+00:00,49815.07,49826.57,49806.57,49812.32,821
2026-05-13T22:00:00+00:00,49812.32,49845.62,49794.12,49831.62,1179
2026-05-13T22:15:00+00:00,49831.62,49836.12,49814.12,49819.12,820
2026-05-13T22:30:00+00:00,49819.12,49829.12,49816.62,49829.12,246
2026-05-13T22:45:00+00:00,49829.12,49838.62,49823.12,49825.62,752
2026-05-13T23:00:00+00:00,49825.62,49833.62,49812.12,49814.12,1012.134100859413
2026-05-13T23:15:00+00:00,49814.12,49823.62,49813.62,49816.12,339
2026-05-13T23:30:00+00:00,49816.12,49817.12,49806.62,49815.62,358
2026-05-13T23:45:00+00:00,49815.62,49827.62,49812.12,49820.12,378
2026-05-14T00:00:00+00:00,49820.12,49820.12,49798.12,49813.62,1357
2026-05-14T00:15:00+00:00,49813.62,49836.62,49813.12,49832.12,2081
2026-05-14T00:30:00+00:00,49832.12,49849.12,49814.12,49818.62,1281
2026-05-14T00:45:00+00:00,49818.62,49836.62,49818.62,49831.62,917
2026-05-14T01:00:00+00:00,49831.62,49834.12,49805.62,49811.62,919
2026-05-14T01:15:00+00:00,49811.62,49816.12,49801.12,49814.12,926
2026-05-14T01:30:00+00:00,49814.12,49818.12,49796.62,49809.62,920
2026-05-14T01:45:00+00:00,49809.62,49816.62,49791.62,49797.62,1139
2026-05-14T02:00:00+00:00,49797.62,49817.62,49795.62,49810.62,815
2026-05-14T02:15:00+00:00,49810.62,49817.62,49802.12,49816.12,655
2026-05-14T02:30:00+00:00,49816.12,49831.62,49814.12,49830.62,443
2026-05-14T02:45:00+00:00,49830.62,49833.62,49816.12,49824.12,1061
2026-05-14T03:00:00+00:00,49824.12,49836.62,49821.62,49834.12,616
2026-05-14T03:15:00+00:00,49834.12,49842.12,49827.62,49839.62,743
2026-05-14T03:30:00+00:00,49839.62,49841.12,49817.62,49820.62,691
2026-05-14T03:45:00+00:00,49820.62,49825.12,49815.12,49822.62,646
2026-05-14T04:00:00+00:00,49822.62,49829.62,49815.12,49828.62,794
2026-05-14T04:15:00+00:00,49828.62,49835.12,49825.62,49833.12,478
2026-05-14T04:30:00+00:00,49833.12,49836.62,49824.12,49831.12,552
2026-05-14T04:45:00+00:00,49831.12,49844.12,49822.62,49826.62,754
2026-05-14T05:00:00+00:00,49826.62,49834.12,49820.62,49825.62,1028
2026-05-14T05:15:00+00:00,49825.62,49828.12,49814.12,49823.62,987
2026-05-14T05:30:00+00:00,49823.62,49833.12,49817.62,49823.62,948
2026-05-14T05:45:00+00:00,49823.62,49881.12,49823.62,49845.62,3153
2026-05-14T06:00:00+00:00,49845.62,49880.12,49845.12,49867.62,2162
2026-05-14T06:15:00+00:00,49867.62,49873.62,49856.62,49862.62,1107
2026-05-14T06:30:00+00:00,49862.62,49881.62,49861.62,49880.62,1181
2026-05-14T06:45:00+00:00,49880.62,49901.12,49879.12,49880.62,1535
2026-05-14T07:00:00+00:00,49880.62,49886.12,49848.12,49858.12,2389
2026-05-14T07:15:00+00:00,49858.12,49871.62,49854.12,49862.12,1330
2026-05-14T07:30:00+00:00,49862.12,49901.62,49862.12,49880.62,1662
2026-05-14T07:45:00+00:00,49880.62,49894.12,49823.12,49827.62,1585
2026-05-14T08:00:00+00:00,49827.62,49879.12,49816.62,49875.62,2818
2026-05-14T08:15:00+00:00,49875.62,49934.12,49873.62,49928.62,2354
2026-05-14T08:30:00+00:00,49928.62,49952.62,49914.62,49919.62,2175
2026-05-14T08:45:00+00:00,49919.62,49936.12,49912.12,49933.62,1300
2026-05-14T09:00:00+00:00,49933.62,49960.12,49913.12,49927.12,1900
2026-05-14T09:15:00+00:00,49927.12,49928.62,49913.12,49916.12,1297
2026-05-14T09:30:00+00:00,49916.12,49924.12,49884.12,49922.12,2222
2026-05-14T09:45:00+00:00,49922.12,49971.12,49919.62,49962.62,1505
2026-05-14T10:00:00+00:00,49962.62,50026.12,49950.12,49985.12,2886
2026-05-14T10:15:00+00:00,49985.12,50039.62,49980.62,50029.12,2606
2026-05-14T10:30:00+00:00,50029.12,50043.62,49997.12,50008.62,1641
2026-05-14T10:45:00+00:00,50008.62,50071.12,49997.12,50055.12,2681
2026-05-14T11:00:00+00:00,50055.12,50112.62,50048.62,50106.12,2468
2026-05-14T11:15:00+00:00,50106.12,50109.62,50044.62,50051.12,2304
2026-05-14T11:30:00+00:00,50051.12,50066.62,50046.62,50047.62,1458
2026-05-14T11:45:00+00:00,50047.62,50112.62,50047.62,50079.62,1885
2026-05-14T12:00:00+00:00,50079.62,50133.62,50078.12,50097.12,2495
2026-05-14T12:15:00+00:00,50097.12,50150.62,50091.12,50115.12,2765
2026-05-14T12:30:00+00:00,50115.12,50145.62,50102.12,50138.62,2729
2026-05-14T12:45:00+00:00,50138.62,50161.12,50107.12,50160.12,2641
2026-05-14T13:00:00+00:00,50160.12,50160.12,50115.12,50128.62,3113
2026-05-14T13:15:00+00:00,50128.62,50185.62,50120.12,50142.12,3557
2026-05-14T13:30:00+00:00,50142.12,50172.97,49900.97,49976.97,38059
2026-05-14T13:45:00+00:00,49976.97,50026.97,49910.97,49977.97,25767
2026-05-14T14:00:00+00:00,49977.97,50014.97,49926.97,50005.97,17688
2026-05-14T14:15:00+00:00,50005.97,50012.97,49873.97,49955.97,16088
2026-05-14T14:30:00+00:00,49955.97,49964.97,49906.97,49949.97,13625
2026-05-14T14:45:00+00:00,49949.97,50091.97,49925.97,50065.97,12672
2026-05-14T15:00:00+00:00,50065.97,50119.97,50056.47,50088.97,10445
2026-05-14T15:15:00+00:00,50088.97,50120.97,50068.97,50081.97,9073
2026-05-14T15:30:00+00:00,50081.97,50109.97,50051.97,50087.47,7690
2026-05-14T15:45:00+00:00,50087.47,50190.47,50081.97,50186.97,9239
2026-05-14T16:00:00+00:00,50186.97,50212.47,50135.97,50147.97,8975
2026-05-14T16:15:00+00:00,50147.97,50193.47,50079.97,50092.97,9105
2026-05-14T16:30:00+00:00,50092.97,50114.97,50053.97,50055.97,9469
2026-05-14T16:45:00+00:00,50055.97,50092.97,49983.47,50018.97,9765
2026-05-14T17:00:00+00:00,50018.97,50071.47,50015.97,50045.97,10109
2026-05-14T17:15:00+00:00,50045.97,50046.97,49980.47,50014.97,10540
2026-05-14T17:30:00+00:00,50014.97,50076.47,50000.47,50066.97,8176
2026-05-14T17:45:00+00:00,50066.97,50095.97,50024.97,50031.97,6165
2026-05-14T18:00:00+00:00,50031.97,50078.97,49988.97,50077.97,8979
2026-05-14T18:15:00+00:00,50077.97,50117.47,50052.97,50063.97,7389
2026-05-14T18:30:00+00:00,50063.97,50096.97,50052.97,50083.97,6312
2026-05-14T18:45:00+00:00,50083.97,50100.97,50052.47,50084.97,6235
2026-05-14T19:00:00+00:00,50084.97,50108.97,50072.97,50097.97,5996
2026-05-14T19:15:00+00:00,50097.97,50112.47,50067.47,50072.97,5105
2026-05-14T19:30:00+00:00,50072.97,50100.97,50056.97,50075.97,5212
2026-05-14T19:45:00+00:00,50075.97,50085.97,50051.47,50076.97,7585
2026-05-14T20:00:00+00:00,50076.97,50097.12,50072.12,50073.62,1976
2026-05-14T20:15:00+00:00,50073.62,50079.12,50033.12,50038.62,1605
2026-05-14T20:30:00+00:00,50038.62,50068.62,50034.62,50064.62,978
2026-05-14T20:45:00+00:00,50064.62,50084.12,50061.12,50077.37,874
2026-05-14T22:00:00+00:00,50077.37,50077.37,50040.53,50044.53,1066
2026-05-14T22:15:00+00:00,50044.53,50044.53,50026.53,50042.53,408
2026-05-14T22:30:00+00:00,50042.53,50050.53,50041.03,50048.53,436
2026-05-14T22:45:00+00:00,50048.53,50050.53,50038.03,50041.53,594
2026-05-14T23:00:00+00:00,50041.53,50056.53,50041.53,50052.03,412
2026-05-14T23:15:00+00:00,50052.03,50054.03,50037.03,50047.03,381.8523217457498
2026-05-14T23:30:00+00:00,50047.03,50050.03,50041.53,50044.03,371
2026-05-14T23:45:00+00:00,50044.03,50045.03,50007.03,50013.53,916
2026-05-15T00:00:00+00:00,50013.53,50016.03,49975.03,49991.03,2313
2026-05-15T00:15:00+00:00,49991.03,50017.03,49990.03,50006.03,2106
2026-05-15T00:30:00+00:00,50006.03,50008.03,49968.03,49978.53,2493
2026-05-15T00:45:00+00:00,49978.53,49987.53,49953.03,49961.53,1766
2026-05-15T01:00:00+00:00,49961.53,49966.53,49925.03,49930.53,2114
2026-05-15T01:15:00+00:00,49930.53,49931.03,49882.53,49895.53,3079
2026-05-15T01:30:00+00:00,49895.53,49912.53,49859.03,49899.53,3953
2026-05-15T01:45:00+00:00,49899.53,49901.53,49854.53,49862.53,3671
2026-05-15T02:00:00+00:00,49862.53,49918.53,49858.03,49918.03,2865
2026-05-15T02:15:00+00:00,49918.03,49924.53,49896.53,49908.03,2048
2026-05-15T02:30:00+00:00,49908.03,49924.53,49902.03,49919.53,1827
2026-05-15T02:45:00+00:00,49919.53,49966.53,49907.53,49940.53,2829
2026-05-15T03:00:00+00:00,49940.53,49951.53,49926.53,49946.53,1815
2026-05-15T03:15:00+00:00,49946.53,49967.03,49938.53,49958.53,1111
2026-05-15T03:30:00+00:00,49958.53,49961.53,49916.03,49942.53,2515
2026-05-15T03:45:00+00:00,49942.53,49951.03,49932.53,49942.53,1276
2026-05-15T04:00:00+00:00,49942.53,49943.53,49920.53,49938.53,1350
2026-05-15T04:15:00+00:00,49938.53,49947.03,49931.03,49942.53,1071
2026-05-15T04:30:00+00:00,49942.53,49947.53,49922.03,49923.53,1717
2026-05-15T04:45:00+00:00,49923.53,49933.53,49917.53,49933.53,1447
2026-05-15T05:00:00+00:00,49933.53,49935.03,49901.53,49909.03,2998
2026-05-15T05:15:00+00:00,49909.03,49921.03,49899.53,49921.03,1858
2026-05-15T05:30:00+00:00,49921.03,49922.03,49872.03,49880.53,2631
2026-05-15T05:45:00+00:00,49880.53,49883.53,49830.03,49836.03,3804
2026-05-15T06:00:00+00:00,49836.03,49893.03,49825.03,49880.53,4519
2026-05-15T06:15:00+00:00,49880.53,49907.03,49825.53,49854.53,4295
2026-05-15T06:30:00+00:00,49854.53,49907.53,49845.03,49885.03,4022
2026-05-15T06:45:00+00:00,49885.03,49898.03,49870.03,49878.03,2328
2026-05-15T07:00:00+00:00,49878.03,49893.53,49864.03,49892.03,2925
2026-05-15T07:15:00+00:00,49892.03,49898.03,49870.03,49885.03,2815
2026-05-15T07:30:00+00:00,49885.03,49893.53,49846.03,49854.03,2886
2026-05-15T07:45:00+00:00,49854.03,49854.03,49825.53,49830.53,2277
2026-05-15T08:00:00+00:00,49830.53,49836.03,49758.03,49781.03,4969
2026-05-15T08:15:00+00:00,49781.03,49782.03,49688.53,49695.53,6288
2026-05-15T08:30:00+00:00,49695.53,49775.53,49646.03,49774.53,6767
2026-05-15T08:45:00+00:00,49774.53,49786.53,49740.53,49749.53,3884
2026-05-15T09:00:00+00:00,49749.53,49770.53,49721.53,49731.53,4278
2026-05-15T09:15:00+00:00,49731.53,49744.53,49700.53,49743.53,4483
2026-05-15T09:30:00+00:00,49743.53,49744.53,49702.53,49705.53,3891
2026-05-15T09:45:00+00:00,49705.53,49739.03,49675.53,49727.53,5140
2026-05-15T10:00:00+00:00,49727.53,49768.53,49700.03,49763.03,4183
2026-05-15T10:15:00+00:00,49763.03,49815.53,49742.53,49754.03,4395
2026-05-15T10:30:00+00:00,49754.03,49801.03,49736.53,49800.03,4064
2026-05-15T10:45:00+00:00,49800.03,49889.53,49792.03,49832.53,8746
2026-05-15T11:00:00+00:00,49832.53,49856.53,49765.53,49798.53,4694
2026-05-15T11:15:00+00:00,49798.53,49824.53,49780.03,49786.53,3143
2026-05-15T11:30:00+00:00,49786.53,49788.53,49724.03,49725.03,3678
2026-05-15T11:45:00+00:00,49725.03,49758.53,49702.53,49703.53,3424
2026-05-15T12:00:00+00:00,49703.53,49703.53,49617.03,49617.53,4946
2026-05-15T12:15:00+00:00,49617.53,49659.03,49593.53,49608.03,4942
2026-05-15T12:30:00+00:00,49608.03,49610.03,49566.53,49571.53,6001
2026-05-15T12:45:00+00:00,49571.53,49625.53,49563.53,49607.53,4460
2026-05-15T13:00:00+00:00,49607.53,49653.53,49584.53,49648.03,4639
2026-05-15T13:15:00+00:00,49648.03,49741.53,49636.53,49713.53,6489
2026-05-15T13:30:00+00:00,49713.53,49752.880000000005,49529.880000000005,49540.880000000005,39767
2026-05-15T13:45:00+00:00,49540.880000000005,49661.380000000005,49518.880000000005,49628.380000000005,25760
2026-05-15T14:00:00+00:00,49628.380000000005,49657.380000000005,49573.880000000005,49644.380000000005,20288
2026-05-15T14:15:00+00:00,49644.380000000005,49746.880000000005,49630.380000000005,49666.380000000005,19446
2026-05-15T14:30:00+00:00,49666.380000000005,49728.380000000005,49644.380000000005,49675.380000000005,16230
2026-05-15T14:45:00+00:00,49675.380000000005,49676.880000000005,49602.380000000005,49624.380000000005,15951
2026-05-15T15:00:00+00:00,49624.380000000005,49643.880000000005,49578.880000000005,49631.380000000005,13029
2026-05-15T15:15:00+00:00,49631.380000000005,49644.880000000005,49567.28,49602.380000000005,11414
2026-05-15T15:30:00+00:00,49602.380000000005,49645.880000000005,49503.380000000005,49517.880000000005,14245
2026-05-15T15:45:00+00:00,49517.880000000005,49562.880000000005,49487.880000000005,49555.880000000005,13761
2026-05-15T16:00:00+00:00,49555.880000000005,49566.880000000005,49498.880000000005,49551.380000000005,12218
2026-05-15T16:15:00+00:00,49551.380000000005,49605.380000000005,49537.380000000005,49595.880000000005,9015
2026-05-15T16:30:00+00:00,49595.880000000005,49641.380000000005,49582.380000000005,49634.380000000005,8120
2026-05-15T16:45:00+00:00,49634.380000000005,49649.380000000005,49579.380000000005,49615.380000000005,8657
2026-05-15T17:00:00+00:00,49615.380000000005,49656.380000000005,49595.380000000005,49633.380000000005,7196
2026-05-15T17:15:00+00:00,49633.380000000005,49694.380000000005,49609.380000000005,49644.380000000005,7803
2026-05-15T17:30:00+00:00,49644.380000000005,49660.880000000005,49599.880000000005,49617.380000000005,7862
2026-05-15T17:45:00+00:00,49617.380000000005,49629.880000000005,49596.380000000005,49626.880000000005,6388
2026-05-15T18:00:00+00:00,49626.880000000005,49650.380000000005,49601.880000000005,49622.380000000005,6975
2026-05-15T18:15:00+00:00,49622.380000000005,49626.380000000005,49557.880000000005,49581.880000000005,11825
2026-05-15T18:30:00+00:00,49581.880000000005,49589.380000000005,49525.880000000005,49572.380000000005,10240
2026-05-15T18:45:00+00:00,49572.380000000005,49600.380000000005,49543.380000000005,49589.380000000005,6975
2026-05-15T19:00:00+00:00,49589.380000000005,49592.380000000005,49544.380000000005,49572.880000000005,8008
2026-05-15T19:15:00+00:00,49572.880000000005,49602.880000000005,49554.380000000005,49573.380000000005,7310
2026-05-15T19:30:00+00:00,49573.380000000005,49601.380000000005,49546.380000000005,49555.380000000005,7708
2026-05-15T19:45:00+00:00,49555.380000000005,49581.380000000005,49506.880000000005,49519.880000000005,14411
2026-05-15T20:00:00+00:00,49519.880000000005,49520.03,49378.53,49410.53,6790
2026-05-15T20:15:00+00:00,49410.53,49444.27,49361.27,49395.27,4008
2026-05-15T20:30:00+00:00,49395.27,49423.77,49393.77,49411.52,1674
2026-05-17T22:00:00+00:00,49411.52,49500.31,49383.81,49479.81,1941
2026-05-17T22:15:00+00:00,49479.81,49483.81,49437.81,49457.81,2708
2026-05-17T22:30:00+00:00,49457.81,49463.81,49434.81,49455.31,2074
2026-05-17T22:45:00+00:00,49455.31,49482.31,49455.31,49481.31,1392
2026-05-17T23:00:00+00:00,49481.31,49484.81,49445.31,49450.31,1913
2026-05-17T23:15:00+00:00,49450.31,49450.81,49382.81,49405.81,2502
2026-05-17T23:30:00+00:00,49405.81,49418.81,49318.31,49387.81,4341
2026-05-17T23:45:00+00:00,49387.81,49424.81,49374.81,49394.31,5786
2026-05-18T00:00:00+00:00,49394.31,49394.31,49255.31,49308.81,14082
2026-05-18T00:15:00+00:00,49308.81,49371.81,49302.81,49304.81,9864
2026-05-18T00:30:00+00:00,49304.81,49317.81,49258.81,49260.31,8712
2026-05-18T00:45:00+00:00,49260.31,49297.81,49247.31,49293.31,6941
2026-05-18T01:00:00+00:00,49293.31,49306.31,49188.31,49189.31,7067
2026-05-18T01:15:00+00:00,49189.31,49206.31,49158.31,49167.31,8447
2026-05-18T01:30:00+00:00,49167.31,49182.31,49148.31,49180.31,6688
2026-05-18T01:45:00+00:00,49180.31,49223.81,49166.31,49198.81,4836
2026-05-18T02:00:00+00:00,49198.81,49206.81,49172.31,49198.81,4154
2026-05-18T02:15:00+00:00,49198.81,49215.31,49165.81,49165.81,2957
2026-05-18T02:30:00+00:00,49165.81,49175.31,49155.81,49158.81,2289
2026-05-18T02:45:00+00:00,49158.81,49158.81,49113.31,49134.31,2827
2026-05-18T03:00:00+00:00,49134.31,49161.81,49130.81,49135.31,2724
2026-05-18T03:15:00+00:00,49135.31,49149.31,49127.31,49143.31,1676
2026-05-18T03:30:00+00:00,49143.31,49146.31,49106.31,49142.31,3247
2026-05-18T03:45:00+00:00,49142.31,49143.31,49120.81,49135.81,1826
2026-05-18T04:00:00+00:00,49135.81,49143.81,49121.81,49135.81,1884
2026-05-18T04:15:00+00:00,49135.81,49152.31,49097.31,49107.31,2233
2026-05-18T04:30:00+00:00,49107.31,49145.81,49099.31,49137.31,2104
2026-05-18T04:45:00+00:00,49137.31,49150.81,49127.31,49146.81,2178
2026-05-18T05:00:00+00:00,49146.81,49191.81,49143.31,49171.31,2943
2026-05-18T05:15:00+00:00,49171.31,49185.81,49134.81,49182.31,3166
2026-05-18T05:30:00+00:00,49182.31,49220.81,49170.31,49205.81,3407
2026-05-18T05:45:00+00:00,49205.81,49226.31,49190.31,49192.81,2566
2026-05-18T06:00:00+00:00,49192.81,49217.31,49183.81,49205.81,3678
2026-05-18T06:15:00+00:00,49205.81,49228.31,49164.81,49168.81,3430
2026-05-18T06:30:00+00:00,49168.81,49194.31,49142.81,49194.31,3606
2026-05-18T06:45:00+00:00,49194.31,49224.31,49186.81,49224.31,3257
2026-05-18T07:00:00+00:00,49224.31,49266.31,49203.81,49209.31,3966
2026-05-18T07:15:00+00:00,49209.31,49259.31,49161.31,49256.31,4875
2026-05-18T07:30:00+00:00,49256.31,49287.81,49174.31,49192.81,5803
2026-05-18T07:45:00+00:00,49192.81,49249.81,49191.81,49234.81,3763
2026-05-18T08:00:00+00:00,49234.81,49270.81,49231.81,49242.81,4069
2026-05-18T08:15:00+00:00,49242.81,49280.81,49224.81,49277.81,3051
2026-05-18T08:30:00+00:00,49277.81,49287.81,49239.31,49245.81,2849
2026-05-18T08:45:00+00:00,49245.81,49294.31,49245.31,49294.31,2256
2026-05-18T09:00:00+00:00,49294.31,49299.81,49245.81,49247.31,2234
2026-05-18T09:15:00+00:00,49247.31,49258.81,49223.81,49233.81,1987
2026-05-18T09:30:00+00:00,49233.81,49255.81,49223.81,49252.81,2034
2026-05-18T09:45:00+00:00,49252.81,49266.81,49239.31,49264.81,2577
2026-05-18T10:00:00+00:00,49264.81,49271.81,49179.81,49220.31,3753
2026-05-18T10:15:00+00:00,49220.31,49231.31,49208.81,49222.81,2144
2026-05-18T10:30:00+00:00,49222.81,49231.81,49188.31,49231.81,2577
2026-05-18T10:45:00+00:00,49231.81,49251.81,49202.31,49208.31,1944
2026-05-18T11:00:00+00:00,49208.31,49226.81,49141.81,49226.31,4636
2026-05-18T11:15:00+00:00,49226.31,49245.31,49217.31,49225.81,2559
2026-05-18T11:30:00+00:00,49225.81,49468.81,49222.31,49442.81,10708
2026-05-18T11:45:00+00:00,49442.81,49447.81,49340.81,49373.31,6293
2026-05-18T12:00:00+00:00,49373.31,49406.31,49364.81,49392.81,3948
2026-05-18T12:15:00+00:00,49392.81,49409.31,49366.81,49404.81,3674
2026-05-18T12:30:00+00:00,49404.81,49598.81,49391.81,49596.81,7792
2026-05-18T12:45:00+00:00,49596.81,49645.31,49572.81,49598.31,9054
2026-05-18T13:00:00+00:00,49598.31,49618.81,49533.81,49548.81,6400
2026-05-18T13:15:00+00:00,49548.81,49594.31,49519.81,49590.31,3920
2026-05-18T13:30:00+00:00,49590.31,49620.659999999996,49470.659999999996,49588.659999999996,33270
2026-05-18T13:45:00+00:00,49588.659999999996,49790.159999999996,49557.159999999996,49698.159999999996,23931
2026-05-18T14:00:00+00:00,49698.159999999996,49737.659999999996,49599.659999999996,49610.159999999996,20974
2026-05-18T14:15:00+00:00,49610.159999999996,49733.159999999996,49596.659999999996,49719.659999999996,16050
2026-05-18T14:30:00+00:00,49719.659999999996,49735.659999999996,49576.659999999996,49660.159999999996,18246
2026-05-18T14:45:00+00:00,49660.159999999996,49716.159999999996,49632.659999999996,49652.159999999996,14459
2026-05-18T15:00:00+00:00,49652.159999999996,49682.159999999996,49482.659999999996,49505.659999999996,18929
2026-05-18T15:15:00+00:00,49505.659999999996,49518.659999999996,49452.659999999996,49463.659999999996,13099
2026-05-18T15:30:00+00:00,49463.659999999996,49564.659999999996,49433.659999999996,49507.159999999996,12159
2026-05-18T15:45:00+00:00,49507.159999999996,49576.159999999996,49494.659999999996,49532.659999999996,9814
2026-05-18T16:00:00+00:00,49532.659999999996,49560.659999999996,49497.659999999996,49560.659999999996,9893
2026-05-18T16:15:00+00:00,49560.659999999996,49630.159999999996,49495.159999999996,49513.659999999996,13127
2026-05-18T16:30:00+00:00,49513.659999999996,49591.159999999996,49484.159999999996,49491.159999999996,11904
2026-05-18T16:45:00+00:00,49491.159999999996,49603.659999999996,49486.659999999996,49549.659999999996,9850
2026-05-18T17:00:00+00:00,49549.659999999996,49610.659999999996,49522.159999999996,49598.659999999996,9416
2026-05-18T17:15:00+00:00,49598.659999999996,49651.659999999996,49594.659999999996,49636.159999999996,7370
2026-05-18T17:30:00+00:00,49636.159999999996,49643.659999999996,49556.659999999996,49557.159999999996,7701
2026-05-18T17:45:00+00:00,49557.159999999996,49621.659999999996,49555.159999999996,49589.659999999996,6910
2026-05-18T18:00:00+00:00,49589.659999999996,49595.659999999996,49484.659999999996,49485.659999999996,10131
2026-05-18T18:15:00+00:00,49485.659999999996,49490.659999999996,49397.159999999996,49454.659999999996,12707
2026-05-18T18:30:00+00:00,49454.659999999996,49479.659999999996,49421.659999999996,49459.659999999996,9163
2026-05-18T18:45:00+00:00,49459.659999999996,49475.659999999996,49374.659999999996,49396.659999999996,9691
2026-05-18T19:00:00+00:00,49396.659999999996,49651.159999999996,49387.659999999996,49566.159999999996,21434
2026-05-18T19:15:00+00:00,49566.159999999996,49598.159999999996,49515.659999999996,49574.659999999996,10882
2026-05-18T19:30:00+00:00,49574.659999999996,49680.659999999996,49553.659999999996,49672.159999999996,11952
2026-05-18T19:45:00+00:00,49672.159999999996,49725.659999999996,49661.659999999996,49715.659999999996,12101
2026-05-18T20:00:00+00:00,49715.659999999996,49720.81,49660.81,49699.81,3341
2026-05-18T20:15:00+00:00,49699.81,49716.81,49688.81,49700.81,1411
2026-05-18T20:30:00+00:00,49700.81,49716.31,49681.81,49711.81,1235
2026-05-18T20:45:00+00:00,49711.81,49716.81,49686.81,49689.56,956
2026-05-18T22:00:00+00:00,49689.56,49708.03,49674.03,49701.53,1665
2026-05-18T22:15:00+00:00,49701.53,49742.03,49700.53,49734.53,1573
2026-05-18T22:30:00+00:00,49734.53,49757.03,49732.53,49737.53,931
2026-05-18T22:45:00+00:00,49737.53,49737.53,49716.03,49732.53,925
2026-05-18T23:00:00+00:00,49732.53,49754.53,49727.03,49736.03,1144
2026-05-18T23:15:00+00:00,49736.03,49738.03,49727.03,49731.53,532
2026-05-18T23:30:00+00:00,49731.53,49735.03,49719.53,49731.53,487
2026-05-18T23:45:00+00:00,49731.53,49732.03,49687.53,49696.03,1458
2026-05-19T00:00:00+00:00,49696.03,49722.53,49676.53,49704.03,4902
2026-05-19T00:15:00+00:00,49704.03,49756.03,49684.03,49732.53,5371
2026-05-19T00:30:00+00:00,49732.53,49750.53,49690.53,49711.03,3224
2026-05-19T00:45:00+00:00,49711.03,49727.53,49684.53,49687.53,2923
2026-05-19T01:00:00+00:00,49687.53,49698.53,49662.53,49683.53,3504
2026-05-19T01:15:00+00:00,49683.53,49690.03,49632.53,49659.53,2968
2026-05-19T01:30:00+00:00,49659.53,49709.53,49642.53,49702.53,3277
2026-05-19T01:45:00+00:00,49702.53,49708.53,49677.03,49678.53,2343
2026-05-19T02:00:00+00:00,49678.53,49683.03,49631.03,49656.03,3731
2026-05-19T02:15:00+00:00,49656.03,49693.03,49635.03,49682.53,2502
2026-05-19T02:30:00+00:00,49682.53,49697.03,49670.53,49679.53,2091
2026-05-19T02:45:00+00:00,49679.53,49684.53,49659.53,49666.03,1942
2026-05-19T03:00:00+00:00,49666.03,49683.53,49642.53,49680.53,1852
2026-05-19T03:15:00+00:00,49680.53,49709.03,49677.03,49705.53,1325
2026-05-19T03:30:00+00:00,49705.53,49721.03,49700.53,49700.53,1648
2026-05-19T03:45:00+00:00,49700.53,49700.53,49661.53,49664.03,1697
2026-05-19T04:00:00+00:00,49664.03,49665.03,49612.03,49629.03,3073
2026-05-19T04:15:00+00:00,49629.03,49629.53,49576.03,49594.53,1900
2026-05-19T04:30:00+00:00,49594.53,49638.53,49594.53,49620.53,2580
2026-05-19T04:45:00+00:00,49620.53,49635.53,49599.03,49617.53,2213
2026-05-19T05:00:00+00:00,49617.53,49628.53,49596.53,49617.53,2849
2026-05-19T05:15:00+00:00,49617.53,49619.03,49545.03,49604.53,3619
2026-05-19T05:30:00+00:00,49604.53,49618.03,49577.53,49580.53,3074
2026-05-19T05:45:00+00:00,49580.53,49601.53,49574.53,49595.53,2783
2026-05-19T06:00:00+00:00,49595.53,49640.53,49564.53,49632.53,4488
2026-05-19T06:15:00+00:00,49632.53,49661.03,49614.53,49644.53,3265
2026-05-19T06:30:00+00:00,49644.53,49697.53,49635.53,49692.53,3023
2026-05-19T06:45:00+00:00,49692.53,49692.53,49646.03,49651.53,2189
2026-05-19T07:00:00+00:00,49651.53,49730.53,49637.03,49702.03,4143
2026-05-19T07:15:00+00:00,49702.03,49704.53,49677.03,49688.03,2820
2026-05-19T07:30:00+00:00,49688.03,49742.53,49672.53,49725.53,3136
2026-05-19T07:45:00+00:00,49725.53,49775.03,49721.53,49768.53,3693
2026-05-19T08:00:00+00:00,49768.53,49777.03,49660.03,49686.03,4181
2026-05-19T08:15:00+00:00,49686.03,49697.03,49628.03,49656.03,3891
2026-05-19T08:30:00+00:00,49656.03,49694.03,49648.03,49691.03,2751
2026-05-19T08:45:00+00:00,49691.03,49709.03,49685.03,49697.03,2056
2026-05-19T09:00:00+00:00,49697.03,49697.03,49664.53,49666.53,2502
2026-05-19T09:15:00+00:00,49666.53,49667.53,49617.03,49630.53,3659
2026-05-19T09:30:00+00:00,49630.53,49640.03,49535.03,49547.03,5343
2026-05-19T09:45:00+00:00,49547.03,49641.03,49542.03,49629.53,3408
2026-05-19T10:00:00+00:00,49629.53,49678.53,49563.53,49652.53,3406
2026-05-19T10:15:00+00:00,49652.53,49654.53,49619.53,49623.53,1798
2026-05-19T10:30:00+00:00,49623.53,49653.03,49563.53,49575.53,4901
2026-05-19T10:45:00+00:00,49575.53,49657.53,49551.03,49643.03,5484
2026-05-19T11:00:00+00:00,49643.03,49668.53,49619.03,49624.53,3924
2026-05-19T11:15:00+00:00,49624.53,49632.03,49586.53,49607.53,3214
2026-05-19T11:30:00+00:00,49607.53,49636.03,49605.03,49605.53,3054
2026-05-19T11:45:00+00:00,49605.53,49616.03,49546.53,49547.03,3007
2026-05-19T12:00:00+00:00,49547.03,49599.53,49524.03,49585.03,4090
2026-05-19T12:15:00+00:00,49585.03,49616.03,49548.03,49608.03,3069
2026-05-19T12:30:00+00:00,49608.03,49644.53,49603.03,49626.03,3140
2026-05-19T12:45:00+00:00,49626.03,49638.03,49607.53,49630.53,2586
2026-05-19T13:00:00+00:00,49630.53,49643.03,49521.53,49572.53,6299
2026-05-19T13:15:00+00:00,49572.53,49575.03,49442.53,49478.53,8203
2026-05-19T13:30:00+00:00,49478.53,49534.88,49261.88,49322.88,38656
2026-05-19T13:45:00+00:00,49322.88,49623.88,49306.88,49555.38,25156
2026-05-19T14:00:00+00:00,49555.38,49565.38,49435.88,49553.88,22889
2026-05-19T14:15:00+00:00,49553.88,49603.88,49510.88,49573.38,19944
2026-05-19T14:30:00+00:00,49573.38,49590.88,49525.88,49561.88,15797
2026-05-19T14:45:00+00:00,49561.88,49564.88,49430.38,49504.38,15335
2026-05-19T15:00:00+00:00,49504.38,49566.88,49492.88,49537.38,13228
2026-05-19T15:15:00+00:00,49537.38,49551.38,49419.88,49444.88,12681
2026-05-19T15:30:00+00:00,49444.88,49503.88,49422.88,49466.88,11092
2026-05-19T15:45:00+00:00,49466.88,49537.38,49452.88,49466.88,10063
2026-05-19T16:00:00+00:00,49466.88,49491.38,49397.88,49441.88,10723
2026-05-19T16:15:00+00:00,49441.88,49562.88,49437.88,49536.88,10191
2026-05-19T16:30:00+00:00,49536.88,49560.88,49485.38,49543.88,9512
2026-05-19T16:45:00+00:00,49543.88,49595.38,49536.88,49578.88,7446
2026-05-19T17:00:00+00:00,49578.88,49594.88,49549.88,49578.88,7327
2026-05-19T17:15:00+00:00,49578.88,49608.88,49576.88,49584.88,7503
2026-05-19T17:30:00+00:00,49584.88,49615.88,49564.88,49609.88,7044
2026-05-19T17:45:00+00:00,49609.88,49614.88,49578.88,49598.88,7306
2026-05-19T18:00:00+00:00,49598.88,49632.88,49571.38,49621.88,6532
2026-05-19T18:15:00+00:00,49621.88,49625.88,49530.88,49532.38,9082
2026-05-19T18:30:00+00:00,49532.38,49562.38,49513.88,49551.38,8161
2026-05-19T18:45:00+00:00,49551.38,49551.88,49435.88,49444.88,9161
2026-05-19T19:00:00+00:00,49444.88,49534.88,49439.88,49533.88,8718
2026-05-19T19:15:00+00:00,49533.88,49541.88,49438.88,49471.88,9277
2026-05-19T19:30:00+00:00,49471.88,49474.88,49407.88,49411.88,8126
2026-05-19T19:45:00+00:00,49411.88,49434.88,49342.38,49389.88,9454
2026-05-19T20:00:00+00:00,49389.88,49391.53,49335.53,49363.03,2466
2026-05-19T20:15:00+00:00,49363.03,49385.03,49359.03,49370.53,1248
2026-05-19T20:30:00+00:00,49370.53,49381.53,49362.53,49377.03,685
2026-05-19T20:45:00+00:00,49377.03,49382.53,49362.53,49369.78,609
2026-05-19T22:00:00+00:00,49369.78,49393.14,49360.89,49375.14,829
2026-05-19T22:15:00+00:00,49375.14,49384.14,49356.14,49359.14,1228
2026-05-19T22:30:00+00:00,49359.14,49401.64,49357.14,49382.64,1907
2026-05-19T22:45:00+00:00,49382.64,49404.64,49368.14,49399.14,975
2026-05-19T23:00:00+00:00,49399.14,49433.14,49395.64,49433.14,785
2026-05-19T23:15:00+00:00,49433.14,49450.64,49426.14,49441.64,833
2026-05-19T23:30:00+00:00,49441.64,49488.64,49441.64,49454.14,1503
2026-05-19T23:45:00+00:00,49454.14,49458.14,49427.64,49431.14,1406
2026-05-20T00:00:00+00:00,49431.14,49431.14,49322.14,49336.14,5426
2026-05-20T00:15:00+00:00,49336.14,49352.64,49290.14,49348.14,7630
2026-05-20T00:30:00+00:00,49348.14,49387.64,49324.14,49348.14,6746
2026-05-20T00:45:00+00:00,49348.14,49383.14,49345.64,49356.14,5271
2026-05-20T01:00:00+00:00,49356.14,49367.14,49303.64,49359.14,6237
2026-05-20T01:15:00+00:00,49359.14,49380.64,49303.14,49312.14,4692
2026-05-20T01:30:00+00:00,49312.14,49323.14,49258.14,49296.14,5646
2026-05-20T01:45:00+00:00,49296.14,49415.14,49295.14,49385.14,6810
2026-05-20T02:00:00+00:00,49385.14,49398.14,49372.64,49389.14,3711
2026-05-20T02:15:00+00:00,49389.14,49410.14,49353.14,49353.14,3299
2026-05-20T02:30:00+00:00,49353.14,49353.14,49277.14,49282.64,7074
2026-05-20T02:45:00+00:00,49282.64,49304.64,49272.64,49291.14,3480
2026-05-20T03:00:00+00:00,49291.14,49291.14,49242.14,49243.14,3737
2026-05-20T03:15:00+00:00,49243.14,49302.14,49239.14,49287.14,2808
2026-05-20T03:30:00+00:00,49287.14,49312.14,49268.14,49297.14,3166
2026-05-20T03:45:00+00:00,49297.14,49306.14,49281.14,49299.14,2341
2026-05-20T04:00:00+00:00,49299.14,49339.14,49299.14,49337.64,2703
2026-05-20T04:15:00+00:00,49337.64,49350.64,49316.14,49329.64,1927
2026-05-20T04:30:00+00:00,49329.64,49331.14,49292.14,49303.14,2102
2026-05-20T04:45:00+00:00,49303.14,49312.64,49291.64,49303.14,1689
2026-05-20T05:00:00+00:00,49303.14,49356.14,49302.14,49333.14,3695
2026-05-20T05:15:00+00:00,49333.14,49354.14,49310.64,49331.14,2706
2026-05-20T05:30:00+00:00,49331.14,49385.64,49331.14,49343.64,3522
2026-05-20T05:45:00+00:00,49343.64,49363.64,49324.64,49358.64,2736
2026-05-20T06:00:00+00:00,49358.64,49383.14,49354.14,49375.14,3986
2026-05-20T06:15:00+00:00,49375.14,49436.64,49375.14,49423.64,3697
2026-05-20T06:30:00+00:00,49423.64,49433.64,49399.14,49406.14,2680
2026-05-20T06:45:00+00:00,49406.14,49428.14,49398.14,49416.64,2154
2026-05-20T07:00:00+00:00,49416.64,49424.14,49399.14,49400.64,3433
2026-05-20T07:15:00+00:00,49400.64,49438.14,49397.14,49434.64,2681
2026-05-20T07:30:00+00:00,49434.64,49435.14,49386.14,49413.14,2465
2026-05-20T07:45:00+00:00,49413.14,49415.64,49370.64,49371.14,2219
2026-05-20T08:00:00+00:00,49371.14,49409.14,49349.14,49375.64,4205
2026-05-20T08:15:00+00:00,49375.64,49416.14,49357.14,49415.14,3193
2026-05-20T08:30:00+00:00,49415.14,49450.14,49406.64,49445.14,3736
2026-05-20T08:45:00+00:00,49445.14,49477.64,49432.64,49446.14,2378
2026-05-20T09:00:00+00:00,49446.14,49458.14,49411.14,49412.64,2193
2026-05-20T09:15:00+00:00,49412.64,49442.14,49410.14,49441.14,2006
2026-05-20T09:30:00+00:00,49441.14,49447.14,49424.14,49426.64,1485
2026-05-20T09:45:00+00:00,49426.64,49469.64,49419.64,49458.64,2315
2026-05-20T10:00:00+00:00,49458.64,49485.14,49453.64,49479.64,2504
2026-05-20T10:15:00+00:00,49479.64,49509.14,49475.14,49503.14,1625
2026-05-20T10:30:00+00:00,49503.14,49552.14,49491.14,49494.14,2399
2026-05-20T10:45:00+00:00,49494.14,49512.64,49461.14,49471.14,1867
2026-05-20T11:00:00+00:00,49471.14,49506.64,49465.64,49476.64,2203
2026-05-20T11:15:00+00:00,49476.64,49521.64,49476.64,49521.14,1636
2026-05-20T11:30:00+00:00,49521.14,49548.14,49503.64,49521.14,2533
2026-05-20T11:45:00+00:00,49521.14,49535.14,49475.14,49492.64,3444
2026-05-20T12:00:00+00:00,49492.64,49560.14,49487.14,49557.14,2565
2026-05-20T12:15:00+00:00,49557.14,49624.64,49531.14,49614.14,3776
2026-05-20T12:30:00+00:00,49614.14,49646.64,49592.64,49614.64,4188
2026-05-20T12:45:00+00:00,49614.64,49619.14,49566.64,49567.64,3023
2026-05-20T13:00:00+00:00,49567.64,49581.64,49554.64,49577.64,2758
2026-05-20T13:15:00+00:00,49577.64,49608.14,49548.64,49587.14,3790
2026-05-20T13:30:00+00:00,49587.14,49588.99,49248.49,49354.49,33240
2026-05-20T13:45:00+00:00,49354.49,49500.99,49351.99,49449.49,22372
2026-05-20T14:00:00+00:00,49449.49,49454.99,49280.99,49366.49,21229
2026-05-20T14:15:00+00:00,49366.49,49642.99,49366.49,49632.49,30030
2026-05-20T14:30:00+00:00,49632.49,49766.99,49624.99,49698.99,20645
2026-05-20T14:45:00+00:00,49698.99,49770.99,49660.99,49753.99,13983
2026-05-20T15:00:00+00:00,49753.99,49773.99,49698.99,49714.99,12066
2026-05-20T15:15:00+00:00,49714.99,49955.99,49704.49,49746.49,22611
2026-05-20T15:30:00+00:00,49746.49,49898.99,49738.99,49896.99,11781
2026-05-20T15:45:00+00:00,49896.99,49934.49,49865.49,49878.49,10420
2026-05-20T16:00:00+00:00,49878.49,49918.99,49866.99,49911.99,8251
2026-05-20T16:15:00+00:00,49911.99,49920.99,49839.99,49859.99,11847
2026-05-20T16:30:00+00:00,49859.99,49939.99,49818.99,49939.99,11278
2026-05-20T16:45:00+00:00,49939.99,49948.99,49866.99,49904.49,10812
2026-05-20T17:00:00+00:00,49904.49,49935.99,49860.99,49904.49,8756
2026-05-20T17:15:00+00:00,49904.49,49964.99,49902.49,49955.99,8431
2026-05-20T17:30:00+00:00,49955.99,50013.99,49946.49,49982.99,8827
2026-05-20T17:45:00+00:00,49982.99,49988.99,49933.89,49933.89,7103
2026-05-20T18:00:00+00:00,49933.89,49985.99,49896.89,49969.49,7137
2026-05-20T18:15:00+00:00,49969.49,49980.99,49944.49,49968.99,7015
2026-05-20T18:30:00+00:00,49968.99,50017.99,49940.49,49940.49,6228
2026-05-20T18:45:00+00:00,49940.49,50008.49,49930.49,49990.99,6509
2026-05-20T19:00:00+00:00,49990.99,50027.49,49976.99,49997.99,6489
2026-05-20T19:15:00+00:00,49997.99,50044.49,49996.99,50042.99,6238
2026-05-20T19:30:00+00:00,50042.99,50103.49,50041.99,50070.99,7719
2026-05-20T19:45:00+00:00,50070.99,50071.99,50014.49,50037.99,10295
2026-05-20T20:00:00+00:00,50037.99,50051.14,50021.64,50049.14,4757
2026-05-20T20:15:00+00:00,50049.14,50054.64,50006.64,50038.64,9287
2026-05-20T20:30:00+00:00,50038.64,50045.64,49986.64,49988.14,3924
2026-05-20T20:45:00+00:00,49988.14,49997.64,49981.64,49985.89,3100
2026-05-20T22:00:00+00:00,49985.89,49988.35999999999,49904.35999999999,49937.85999999999,4856
2026-05-20T22:15:00+00:00,49937.85999999999,49945.35999999999,49886.35999999999,49909.35999999999,3278
2026-05-20T22:30:00+00:00,49909.35999999999,49931.35999999999,49906.35999999999,49911.35999999999,1295
2026-05-20T22:45:00+00:00,49911.35999999999,49921.85999999999,49902.35999999999,49910.35999999999,957
2026-05-20T23:00:00+00:00,49910.35999999999,49937.85999999999,49910.35999999999,49924.35999999999,871
2026-05-20T23:15:00+00:00,49924.35999999999,49926.35999999999,49901.35999999999,49909.35999999999,882
2026-05-20T23:30:00+00:00,49909.35999999999,49912.85999999999,49896.35999999999,49905.35999999999,614
2026-05-20T23:45:00+00:00,49905.35999999999,49927.85999999999,49894.35999999999,49924.35999999999,1377
2026-05-21T00:00:00+00:00,49924.35999999999,49924.85999999999,49872.85999999999,49897.35999999999,3828
2026-05-21T00:15:00+00:00,49897.35999999999,49914.35999999999,49864.35999999999,49888.35999999999,4140
2026-05-21T00:30:00+00:00,49888.35999999999,49913.85999999999,49876.35999999999,49903.35999999999,2328
2026-05-21T00:45:00+00:00,49903.35999999999,49918.85999999999,49895.35999999999,49904.85999999999,1631
2026-05-21T01:00:00+00:00,49904.85999999999,49939.85999999999,49902.85999999999,49938.85999999999,2119
2026-05-21T01:15:00+00:00,49938.85999999999,49952.35999999999,49924.35999999999,49930.85999999999,1845
2026-05-21T01:30:00+00:00,49930.85999999999,49958.35999999999,49920.85999999999,49952.35999999999,2140
2026-05-21T01:45:00+00:00,49952.35999999999,49955.35999999999,49924.85999999999,49940.85999999999,1755
2026-05-21T02:00:00+00:00,49940.85999999999,49959.35999999999,49940.35999999999,49954.35999999999,1166
2026-05-21T02:15:00+00:00,49954.35999999999,49972.85999999999,49953.35999999999,49962.35999999999,1262
2026-05-21T02:30:00+00:00,49962.35999999999,49964.35999999999,49943.85999999999,49950.35999999999,949
2026-05-21T02:45:00+00:00,49950.35999999999,49959.85999999999,49934.35999999999,49950.85999999999,1177
2026-05-21T03:00:00+00:00,49950.85999999999,49968.35999999999,49949.85999999999,49961.85999999999,856
2026-05-21T03:15:00+00:00,49961.85999999999,49983.35999999999,49959.85999999999,49973.85999999999,830
2026-05-21T03:30:00+00:00,49973.85999999999,49989.85999999999,49968.85999999999,49988.35999999999,802
2026-05-21T03:45:00+00:00,49988.35999999999,49988.85999999999,49959.85999999999,49962.85999999999,797
2026-05-21T04:00:00+00:00,49962.85999999999,49984.85999999999,49959.35999999999,49980.85999999999,719
2026-05-21T04:15:00+00:00,49980.85999999999,49993.35999999999,49975.85999999999,49988.85999999999,657
2026-05-21T04:30:00+00:00,49988.85999999999,49993.35999999999,49974.85999999999,49986.85999999999,587
2026-05-21T04:45:00+00:00,49986.85999999999,50007.85999999999,49985.85999999999,50003.35999999999,580
2026-05-21T05:00:00+00:00,50003.35999999999,50022.85999999999,49998.35999999999,50001.35999999999,929
2026-05-21T05:15:00+00:00,50001.35999999999,50016.35999999999,49989.85999999999,49992.35999999999,1005
2026-05-21T05:30:00+00:00,49992.35999999999,49992.85999999999,49954.85999999999,49961.35999999999,1835
2026-05-21T05:45:00+00:00,49961.35999999999,49965.35999999999,49900.85999999999,49955.85999999999,3373
2026-05-21T06:00:00+00:00,49955.85999999999,49992.85999999999,49949.85999999999,49960.35999999999,2551
2026-05-21T06:15:00+00:00,49960.35999999999,50001.85999999999,49933.35999999999,49973.35999999999,3394
2026-05-21T06:30:00+00:00,49973.35999999999,49978.35999999999,49923.35999999999,49926.35999999999,2514
2026-05-21T06:45:00+00:00,49926.35999999999,49935.85999999999,49892.85999999999,49935.85999999999,2610
2026-05-21T07:00:00+00:00,49935.85999999999,49960.85999999999,49925.85999999999,49942.35999999999,3586
2026-05-21T07:15:00+00:00,49942.35999999999,49943.35999999999,49905.35999999999,49906.35999999999,3335
2026-05-21T07:30:00+00:00,49906.35999999999,49930.85999999999,49901.85999999999,49927.35999999999,2110
2026-05-21T07:45:00+00:00,49927.35999999999,49961.35999999999,49916.85999999999,49949.85999999999,2001
2026-05-21T08:00:00+00:00,49949.85999999999,50086.85999999999,49948.35999999999,50066.35999999999,5496
2026-05-21T08:15:00+00:00,50066.35999999999,50145.85999999999,50019.85999999999,50071.85999999999,6273
2026-05-21T08:30:00+00:00,50071.85999999999,50077.85999999999,50042.85999999999,50063.35999999999,3821
2026-05-21T08:45:00+00:00,50063.35999999999,50086.35999999999,50042.85999999999,50061.35999999999,3446
2026-05-21T09:00:00+00:00,50061.35999999999,50104.35999999999,50055.85999999999,50092.85999999999,3712
2026-05-21T09:15:00+00:00,50092.85999999999,50156.35999999999,50090.85999999999,50146.35999999999,2578
2026-05-21T09:30:00+00:00,50146.35999999999,50159.85999999999,50094.35999999999,50095.85999999999,2683
2026-05-21T09:45:00+00:00,50095.85999999999,50121.35999999999,50081.85999999999,50107.35999999999,1983
2026-05-21T10:00:00+00:00,50107.35999999999,50212.85999999999,50104.35999999999,50209.35999999999,2635
2026-05-21T10:15:00+00:00,50209.35999999999,50225.35999999999,49998.35999999999,50046.85999999999,8543
2026-05-21T10:30:00+00:00,50046.85999999999,50051.35999999999,49847.35999999999,49900.35999999999,10823
2026-05-21T10:45:00+00:00,49900.35999999999,49907.85999999999,49836.10999999999,49882.85999999999,8977
2026-05-21T11:00:00+00:00,49882.85999999999,49925.35999999999,49845.85999999999,49906.35999999999,5898
2026-05-21T11:15:00+00:00,49906.35999999999,49973.35999999999,49902.35999999999,49932.35999999999,4362
2026-05-21T11:30:00+00:00,49932.35999999999,49954.35999999999,49913.35999999999,49928.35999999999,3321
2026-05-21T11:45:00+00:00,49928.35999999999,49986.85999999999,49927.35999999999,49945.35999999999,2956
2026-05-21T12:00:00+00:00,49945.35999999999,49968.35999999999,49916.35999999999,49929.35999999999,3439
2026-05-21T12:15:00+00:00,49929.35999999999,49939.85999999999,49859.85999999999,49875.85999999999,3974
2026-05-21T12:30:00+00:00,49875.85999999999,49958.85999999999,49859.35999999999,49887.85999999999,8451
2026-05-21T12:45:00+00:00,49887.85999999999,49912.85999999999,49849.35999999999,49863.35999999999,6040
2026-05-21T13:00:00+00:00,49863.35999999999,49935.35999999999,49843.85999999999,49892.85999999999,6887
2026-05-21T13:15:00+00:00,49892.85999999999,49898.85999999999,49857.85999999999,49868.85999999999,4877
2026-05-21T13:30:00+00:00,49868.85999999999,49875.71,49716.71,49732.10999999999,35905
2026-05-21T13:45:00+00:00,49732.10999999999,50032.21,49732.10999999999,50015.21,29368
2026-05-21T14:00:00+00:00,50015.21,50074.21,49968.21,50019.71,20422
2026-05-21T14:15:00+00:00,50019.71,50063.21,49967.21,50056.71,23580
2026-05-21T14:30:00+00:00,50056.71,50101.71,49941.71,49965.21,17373
2026-05-21T14:45:00+00:00,49965.21,49995.21,49907.71,49971.71,15209
2026-05-21T15:00:00+00:00,49971.71,50005.21,49877.71,49972.71,20511
2026-05-21T15:15:00+00:00,49972.71,49979.21,49906.21,49916.21,13908
2026-05-21T15:30:00+00:00,49916.21,49933.21,49860.21,49917.21,12953
2026-05-21T15:45:00+00:00,49917.21,49965.71,49913.71,49950.21,9257
2026-05-21T16:00:00+00:00,49950.21,50002.21,49948.71,49972.71,10910
2026-05-21T16:15:00+00:00,49972.71,49977.21,49894.21,49910.21,9191
2026-05-21T16:30:00+00:00,49910.21,49945.71,49879.21,49941.71,8003
2026-05-21T16:45:00+00:00,49941.71,49956.71,49902.71,49941.71,7311
2026-05-21T17:00:00+00:00,49941.71,50083.71,49925.21,50030.71,15900
2026-05-21T17:15:00+00:00,50030.71,50210.21,50024.71,50192.21,28889
2026-05-21T17:30:00+00:00,50192.21,50288.71,50163.71,50285.21,13799
2026-05-21T17:45:00+00:00,50285.21,50386.21,50259.21,50324.71,14843
2026-05-21T18:00:00+00:00,50324.71,50354.71,50252.21,50328.21,16813
2026-05-21T18:15:00+00:00,50328.21,50411.71,50309.71,50396.71,11180
2026-05-21T18:30:00+00:00,50396.71,50409.21,50349.71,50389.21,9126
2026-05-21T18:45:00+00:00,50389.21,50398.71,50164.71,50214.21,26682
2026-05-21T19:00:00+00:00,50214.21,50321.21,50206.21,50313.21,14073
2026-05-21T19:15:00+00:00,50313.21,50334.21,50274.21,50297.21,8128
2026-05-21T19:30:00+00:00,50297.21,50333.21,50268.21,50286.21,7681
2026-05-21T19:45:00+00:00,50286.21,50358.21,50261.21,50313.21,13409
2026-05-21T20:00:00+00:00,50313.21,50377.35999999999,50308.85999999999,50365.85999999999,3019
2026-05-21T20:15:00+00:00,50365.85999999999,50367.35999999999,50326.35999999999,50333.35999999999,1102
2026-05-21T20:30:00+00:00,50333.35999999999,50342.85999999999,50331.85999999999,50338.85999999999,562
2026-05-21T20:45:00+00:00,50338.85999999999,50349.35999999999,50337.85999999999,50346.35999999999,801
2026-05-21T22:00:00+00:00,50346.35999999999,50388.85999999999,50340.85999999999,50376.35999999999,1189
2026-05-21T22:15:00+00:00,50376.35999999999,50379.35999999999,50356.85999999999,50366.35999999999,482
2026-05-21T22:30:00+00:00,50366.35999999999,50370.35999999999,50349.35999999999,50352.85999999999,585
2026-05-21T22:45:00+00:00,50352.85999999999,50390.35999999999,50352.85999999999,50385.35999999999,770
2026-05-21T23:00:00+00:00,50385.35999999999,50389.35999999999,50379.35999999999,50381.35999999999,300
2026-05-21T23:15:00+00:00,50381.35999999999,50383.85999999999,50374.85999999999,50380.85999999999,251
2026-05-21T23:30:00+00:00,50380.85999999999,50392.35999999999,50372.85999999999,50384.85999999999,440
2026-05-21T23:45:00+00:00,50384.85999999999,50410.35999999999,50383.85999999999,50390.35999999999,807
2026-05-22T00:00:00+00:00,50390.35999999999,50420.35999999999,50370.85999999999,50394.85999999999,2038
2026-05-22T00:15:00+00:00,50394.85999999999,50445.85999999999,50394.35999999999,50417.85999999999,2564
2026-05-22T00:30:00+00:00,50417.85999999999,50435.35999999999,50415.85999999999,50430.85999999999,1498
2026-05-22T00:45:00+00:00,50430.85999999999,50455.35999999999,50425.85999999999,50443.85999999999,957
2026-05-22T01:00:00+00:00,50443.85999999999,50444.35999999999,50402.85999999999,50433.35999999999,1645
2026-05-22T01:15:00+00:00,50433.35999999999,50439.35999999999,50417.35999999999,50431.85999999999,1402
2026-05-22T01:30:00+00:00,50431.85999999999,50439.35999999999,50403.85999999999,50425.85999999999,1553
2026-05-22T01:45:00+00:00,50425.85999999999,50449.85999999999,50421.85999999999,50435.85999999999,1192
2026-05-22T02:00:00+00:00,50435.85999999999,50449.85999999999,50431.85999999999,50446.35999999999,998
2026-05-22T02:15:00+00:00,50446.35999999999,50458.35999999999,50430.35999999999,50438.35999999999,981
2026-05-22T02:30:00+00:00,50438.35999999999,50465.35999999999,50434.85999999999,50455.35999999999,821
2026-05-22T02:45:00+00:00,50455.35999999999,50466.35999999999,50444.35999999999,50452.85999999999,751
2026-05-22T03:00:00+00:00,50452.85999999999,50456.85999999999,50434.85999999999,50446.35999999999,706
2026-05-22T03:15:00+00:00,50446.35999999999,50453.35999999999,50436.85999999999,50451.35999999999,612
2026-05-22T03:30:00+00:00,50451.35999999999,50464.85999999999,50451.35999999999,50462.85999999999,640
2026-05-22T03:45:00+00:00,50462.85999999999,50480.35999999999,50461.35999999999,50479.35999999999,510
2026-05-22T04:00:00+00:00,50479.35999999999,50507.85999999999,50478.85999999999,50504.85999999999,648
2026-05-22T04:15:00+00:00,50504.85999999999,50504.85999999999,50492.35999999999,50500.35999999999,601
2026-05-22T04:30:00+00:00,50500.35999999999,50500.85999999999,50481.85999999999,50489.35999999999,631
2026-05-22T04:45:00+00:00,50489.35999999999,50499.85999999999,50482.85999999999,50496.35999999999,501
2026-05-22T05:00:00+00:00,50496.35999999999,50502.35999999999,50475.85999999999,50476.35999999999,707
2026-05-22T05:15:00+00:00,50476.35999999999,50480.85999999999,50464.85999999999,50471.35999999999,599
2026-05-22T05:30:00+00:00,50471.35999999999,50481.85999999999,50467.85999999999,50473.35999999999,660
2026-05-22T05:45:00+00:00,50473.35999999999,50473.35999999999,50415.35999999999,50425.85999999999,1413
2026-05-22T06:00:00+00:00,50425.85999999999,50464.85999999999,50407.35999999999,50463.85999999999,2108
2026-05-22T06:15:00+00:00,50463.85999999999,50481.85999999999,50446.85999999999,50457.35999999999,1802
2026-05-22T06:30:00+00:00,50457.35999999999,50494.85999999999,50443.35999999999,50476.35999999999,1758
2026-05-22T06:45:00+00:00,50476.35999999999,50477.85999999999,50445.35999999999,50457.35999999999,1123
2026-05-22T07:00:00+00:00,50457.35999999999,50461.35999999999,50400.85999999999,50413.85999999999,2707
2026-05-22T07:15:00+00:00,50413.85999999999,50471.85999999999,50413.85999999999,50467.85999999999,1695
2026-05-22T07:30:00+00:00,50467.85999999999,50468.85999999999,50405.35999999999,50436.85999999999,2218
2026-05-22T07:45:00+00:00,50436.85999999999,50462.85999999999,50428.85999999999,50459.35999999999,1475
2026-05-22T08:00:00+00:00,50459.35999999999,50474.85999999999,50443.85999999999,50462.85999999999,2441
2026-05-22T08:15:00+00:00,50462.85999999999,50528.85999999999,50461.85999999999,50483.85999999999,3709
2026-05-22T08:30:00+00:00,50483.85999999999,50487.85999999999,50397.85999999999,50464.85999999999,4121
2026-05-22T08:45:00+00:00,50464.85999999999,50483.85999999999,50443.85999999999,50449.35999999999,2056
2026-05-22T09:00:00+00:00,50449.35999999999,50449.35999999999,50388.85999999999,50411.35999999999,2730
2026-05-22T09:15:00+00:00,50411.35999999999,50443.85999999999,50405.85999999999,50428.85999999999,1841
2026-05-22T09:30:00+00:00,50428.85999999999,50462.85999999999,50401.35999999999,50438.35999999999,2040
2026-05-22T09:45:00+00:00,50438.35999999999,50480.85999999999,50436.85999999999,50473.85999999999,1354
2026-05-22T10:00:00+00:00,50473.85999999999,50487.85999999999,50456.85999999999,50457.85999999999,1719
2026-05-22T10:15:00+00:00,50457.85999999999,50465.85999999999,50421.85999999999,50423.85999999999,1339
2026-05-22T10:30:00+00:00,50423.85999999999,50431.35999999999,50379.35999999999,50409.35999999999,2035
2026-05-22T10:45:00+00:00,50409.35999999999,50441.35999999999,50403.85999999999,50437.35999999999,1593
2026-05-22T11:00:00+00:00,50437.35999999999,50472.85999999999,50434.35999999999,50437.85999999999,1879
2026-05-22T11:15:00+00:00,50437.85999999999,50464.85999999999,50430.35999999999,50455.35999999999,1562
2026-05-22T11:30:00+00:00,50455.35999999999,50479.35999999999,50434.85999999999,50476.35999999999,1345
2026-05-22T11:45:00+00:00,50476.35999999999,50528.35999999999,50475.35999999999,50493.35999999999,2922
2026-05-22T12:00:00+00:00,50493.35999999999,50696.35999999999,50484.85999999999,50654.35999999999,6065
2026-05-22T12:15:00+00:00,50654.35999999999,50681.35999999999,50558.35999999999,50606.35999999999,7704
2026-05-22T12:30:00+00:00,50606.35999999999,50665.35999999999,50595.35999999999,50646.35999999999,3412
2026-05-22T12:45:00+00:00,50646.35999999999,50742.85999999999,50643.85999999999,50736.85999999999,3654
2026-05-22T13:00:00+00:00,50736.85999999999,50800.85999999999,50680.85999999999,50755.85999999999,5811
2026-05-22T13:15:00+00:00,50755.85999999999,50774.85999999999,50679.85999999999,50681.35999999999,4579
2026-05-22T13:30:00+00:00,50681.35999999999,50711.21,50547.71,50637.21,36917
2026-05-22T13:45:00+00:00,50637.21,50708.71,50603.21,50707.21,20076
2026-05-22T14:00:00+00:00,50707.21,50719.21,50551.71,50555.21,21586
2026-05-22T14:15:00+00:00,50555.21,50618.71,50541.71,50614.71,14828
2026-05-22T14:30:00+00:00,50614.71,50659.21,50565.71,50619.21,11558
2026-05-22T14:45:00+00:00,50619.21,50636.71,50568.71,50611.71,9545
2026-05-22T15:00:00+00:00,50611.71,50646.21,50582.21,50624.71,8419
2026-05-22T15:15:00+00:00,50624.71,50721.21,50615.21,50720.21,8213
2026-05-22T15:30:00+00:00,50720.21,50738.71,50687.71,50718.71,9014
2026-05-22T15:45:00+00:00,50718.71,50734.71,50689.21,50707.71,6206
2026-05-22T16:00:00+00:00,50707.71,50723.21,50677.71,50680.71,6369
2026-05-22T16:15:00+00:00,50680.71,50721.21,50657.71,50720.71,6785
2026-05-22T16:30:00+00:00,50720.71,50755.21,50703.71,50731.71,6466
2026-05-22T16:45:00+00:00,50731.71,50768.21,50705.71,50711.71,5717
2026-05-22T17:00:00+00:00,50711.71,50751.71,50711.71,50729.21,5343
2026-05-22T17:15:00+00:00,50729.21,50846.21,50659.21,50840.71,12806
2026-05-22T17:30:00+00:00,50840.71,50854.71,50764.21,50783.71,12263
2026-05-22T17:45:00+00:00,50783.71,50788.71,50737.71,50756.71,6268
2026-05-22T18:00:00+00:00,50756.71,50768.71,50700.71,50728.71,5932
2026-05-22T18:15:00+00:00,50728.71,50766.21,50717.71,50738.71,4763
2026-05-22T18:30:00+00:00,50738.71,50755.71,50714.71,50734.71,5081
2026-05-22T18:45:00+00:00,50734.71,50745.21,50692.21,50693.71,4152
2026-05-22T19:00:00+00:00,50693.71,50700.71,50629.71,50685.71,7816
2026-05-22T19:15:00+00:00,50685.71,50691.71,50632.21,50636.71,5728
2026-05-22T19:30:00+00:00,50636.71,50669.21,50610.71,50632.71,7854
2026-05-22T19:45:00+00:00,50632.71,50641.21,50582.21,50587.71,9541
2026-05-22T20:00:00+00:00,50587.71,50633.35999999999,50579.85999999999,50628.35999999999,2260
2026-05-22T20:15:00+00:00,50628.35999999999,50628.85999999999,50606.45,50614.45,724
2026-05-22T20:30:00+00:00,50614.45,50625.45,50575.45,50578.7,1905
2026-05-24T22:00:00+00:00,50578.7,50896.68,50578.7,50877.18,2524
2026-05-24T22:15:00+00:00,50877.18,50882.68,50850.18,50850.68,1636
2026-05-24T22:30:00+00:00,50850.68,50874.68,50834.18,50865.68,1340
2026-05-24T22:45:00+00:00,50865.68,50892.68,50859.68,50866.68,1068
2026-05-24T23:00:00+00:00,50866.68,50908.18,50864.68,50908.18,852
2026-05-24T23:15:00+00:00,50908.18,50915.18,50889.68,50897.68,464
2026-05-24T23:30:00+00:00,50897.68,50930.18,50897.68,50908.68,1340
2026-05-24T23:45:00+00:00,50908.68,50911.68,50878.18,50881.18,1035
2026-05-25T00:00:00+00:00,50881.18,50926.68,50876.18,50913.68,1917
2026-05-25T00:15:00+00:00,50913.68,50940.68,50901.18,50930.18,2399
2026-05-25T00:30:00+00:00,50930.18,50936.18,50915.18,50918.18,1474
2026-05-25T00:45:00+00:00,50918.18,50945.18,50892.68,50902.18,1995
2026-05-25T01:00:00+00:00,50902.18,50917.68,50892.18,50916.18,1791
2026-05-25T01:15:00+00:00,50916.18,50943.68,50913.18,50941.18,1248
2026-05-25T01:30:00+00:00,50941.18,50954.18,50932.68,50949.18,1304
2026-05-25T01:45:00+00:00,50949.18,50951.68,50937.68,50945.68,753
2026-05-25T02:00:00+00:00,50945.68,50971.18,50945.68,50966.68,693
2026-05-25T02:15:00+00:00,50966.68,50970.18,50955.68,50969.18,750
2026-05-25T02:30:00+00:00,50969.18,50982.68,50965.18,50982.68,559
2026-05-25T02:45:00+00:00,50982.68,50995.18,50978.68,50989.18,765
2026-05-25T03:00:00+00:00,50989.18,51023.18,50989.18,51006.18,1628
2026-05-25T03:15:00+00:00,51006.18,51030.18,51004.18,51009.18,1195
2026-05-25T03:30:00+00:00,51009.18,51031.18,51009.18,51014.68,1073
2026-05-25T03:45:00+00:00,51014.68,51022.18,51002.68,51003.18,683
2026-05-25T04:00:00+00:00,51003.18,51022.18,51003.18,51020.18,500
2026-05-25T04:15:00+00:00,51020.18,51021.18,51012.18,51015.18,466
2026-05-25T04:30:00+00:00,51015.18,51015.18,51002.68,51013.18,497
2026-05-25T04:45:00+00:00,51013.18,51027.68,51008.18,51009.68,540
2026-05-25T05:00:00+00:00,51009.68,51024.18,51008.18,51016.18,572
2026-05-25T05:15:00+00:00,51016.18,51045.18,51013.18,51034.18,729
2026-05-25T05:30:00+00:00,51034.18,51059.68,51029.68,51056.68,714
2026-05-25T05:45:00+00:00,51056.68,51056.68,51033.18,51034.18,627
2026-05-25T06:00:00+00:00,51034.18,51034.18,51014.68,51023.68,1040
2026-05-25T06:15:00+00:00,51023.68,51027.68,51002.68,51027.68,941
2026-05-25T06:30:00+00:00,51027.68,51027.68,51008.18,51009.68,962
2026-05-25T06:45:00+00:00,51009.68,51022.68,51003.68,51006.18,1208
2026-05-25T07:00:00+00:00,51006.18,51024.18,51006.18,51011.18,1540
2026-05-25T07:15:00+00:00,51011.18,51018.18,50956.18,51003.18,3265
2026-05-25T07:30:00+00:00,51003.18,51080.68,51001.68,51031.18,2698
2026-05-25T07:45:00+00:00,51031.18,51043.68,51020.68,51040.68,1029
2026-05-25T08:00:00+00:00,51040.68,51055.18,51014.18,51050.18,1535
2026-05-25T08:15:00+00:00,51050.18,51052.68,51013.18,51016.68,1227
2026-05-25T08:30:00+00:00,51016.68,51053.68,51009.18,51052.68,1138
2026-05-25T08:45:00+00:00,51052.68,51067.68,51052.18,51057.68,682
2026-05-25T09:00:00+00:00,51057.68,51071.68,51054.68,51055.18,676
2026-05-25T09:15:00+00:00,51055.18,51061.68,51047.68,51057.68,500
2026-05-25T09:30:00+00:00,51057.68,51088.68,51057.18,51087.68,707
2026-05-25T09:45:00+00:00,51087.68,51088.18,51068.18,51068.68,673
2026-05-25T10:00:00+00:00,51068.68,51081.68,51059.18,51078.68,827
2026-05-25T10:15:00+00:00,51078.68,51096.68,51063.18,51066.18,889
2026-05-25T10:30:00+00:00,51066.18,51081.18,51055.18,51074.68,702
2026-05-25T10:45:00+00:00,51074.68,51076.68,51062.18,51065.68,569
2026-05-25T11:00:00+00:00,51065.68,51066.68,51034.68,51060.68,840
2026-05-25T11:15:00+00:00,51060.68,51071.68,51055.68,51065.18,620
2026-05-25T11:30:00+00:00,51065.18,51092.18,51065.18,51085.68,919
2026-05-25T11:45:00+00:00,51085.68,51112.68,51085.68,51094.18,1131
2026-05-25T12:00:00+00:00,51094.18,51115.68,51078.68,51106.68,1071
2026-05-25T12:15:00+00:00,51106.68,51157.68,51098.68,51123.18,1672
2026-05-25T12:30:00+00:00,51123.18,51130.68,51107.68,51111.68,1183
2026-05-25T12:45:00+00:00,51111.68,51114.68,51092.18,51094.68,1192
2026-05-25T13:00:00+00:00,51094.68,51094.68,51076.68,51092.68,936
2026-05-25T13:15:00+00:00,51092.68,51093.68,51075.68,51089.68,880
2026-05-25T13:30:00+00:00,51089.68,51152.53,51087.03,51089.53,2589
2026-05-25T13:45:00+00:00,51089.53,51102.03,51058.03,51094.53,1826
2026-05-25T14:00:00+00:00,51094.53,51099.03,51070.53,51090.53,1565
2026-05-25T14:15:00+00:00,51090.53,51112.03,51087.03,51108.53,1420
2026-05-25T14:30:00+00:00,51108.53,51111.03,51081.53,51094.03,1374
2026-05-25T14:45:00+00:00,51094.03,51116.53,51070.03,51073.53,1617
2026-05-25T15:00:00+00:00,51073.53,51180.03,51030.03,51144.53,5871
2026-05-25T15:15:00+00:00,51144.53,51154.53,51082.03,51083.03,3930
2026-05-25T15:30:00+00:00,51083.03,51104.53,51062.03,51100.53,1628
2026-05-25T15:45:00+00:00,51100.53,51119.03,51090.03,51102.53,941
2026-05-25T16:00:00+00:00,51102.53,51107.03,51065.03,51078.03,962
2026-05-25T16:15:00+00:00,51078.03,51088.03,51044.53,51049.03,770
2026-05-25T16:30:00+00:00,51049.03,51071.03,51042.03,51068.03,725
2026-05-25T16:45:00+00:00,51068.03,51110.53,51063.53,51109.53,2048
2026-05-25T17:00:00+00:00,51109.53,51130.43,51103.43,51116.42999999999,243.67365997949517
2026-05-25T17:15:00+00:00,51116.42999999999,51120.92999999999,51032.81,51055.61,223.14718176251623
2026-05-25T17:30:00+00:00,51055.61,51060.11,51047.51,51053.21,88.61416942825423
2026-05-25T17:45:00+00:00,51054.409999999996,51054.409999999996,51037.71,51037.71,50.36271517047327
2026-05-25T18:00:00+00:00,51037.71,51040.61,51033.21,51033.21,52.176723639835345
2026-05-25T18:15:00+00:00,51033.21,51036.009999999995,51024.60999999999,51027.31,435.31406826799946
2026-05-25T18:30:00+00:00,51027.31,51034.31,51026.009999999995,51030.009999999995,178.90341974345753
2026-05-25T18:45:00+00:00,51030.009999999995,51039.71,51028.61000000001,51039.71,258.5940600927411
2026-05-25T19:00:00+00:00,51039.71,51041.31,51030.31,51034.51,118.89364973409144
2026-05-25T19:15:00+00:00,51034.51,51034.51,51024.810000000005,51032.31,207.5550412065174
2026-05-25T19:30:00+00:00,51032.31,51039.810000000005,51027.21,51032.91,607.8568712975825
2026-05-25T19:45:00+00:00,51032.91,51044.01,51021.909999999996,51035.51,1387.4293089457856
2026-05-25T22:00:00+00:00,51095.64,51095.64,51004.17,51037.67,610
2026-05-25T22:15:00+00:00,51037.67,51039.67,51010.42,51023.67,411
2026-05-25T22:30:00+00:00,51023.67,51023.67,50963.67,51002.17,1185
2026-05-25T22:45:00+00:00,51002.17,51008.17,50953.42,50973.17,1258
2026-05-25T23:00:00+00:00,50973.17,50979.67,50942.67,50948.17,1101
2026-05-25T23:15:00+00:00,50948.17,50969.17,50935.17,50965.67,1192
2026-05-25T23:30:00+00:00,50965.67,50979.67,50959.17,50963.17,662
2026-05-25T23:45:00+00:00,50963.17,50985.17,50960.67,50968.17,1067
2026-05-26T00:00:00+00:00,50968.17,50976.67,50901.67,50916.67,3388
2026-05-26T00:15:00+00:00,50916.67,50933.17,50894.17,50917.17,2761
2026-05-26T00:30:00+00:00,50917.17,50950.17,50916.17,50920.67,1930
2026-05-26T00:45:00+00:00,50920.67,50930.17,50902.67,50916.17,1544
2026-05-26T01:00:00+00:00,50916.17,50933.67,50888.67,50931.17,2135
2026-05-26T01:15:00+00:00,50931.17,50932.17,50889.17,50902.67,1949
2026-05-26T01:30:00+00:00,50902.67,50910.17,50886.17,50895.67,2290
2026-05-26T01:45:00+00:00,50895.67,50939.17,50894.67,50937.17,1384
2026-05-26T02:00:00+00:00,50937.17,50944.67,50923.17,50923.67,913
2026-05-26T02:15:00+00:00,50923.67,50930.17,50899.17,50911.67,1095
2026-05-26T02:30:00+00:00,50911.67,50913.67,50892.17,50896.67,909
2026-05-26T02:45:00+00:00,50896.67,50904.67,50892.17,50900.17,644
2026-05-26T03:00:00+00:00,50900.17,50908.17,50889.67,50892.17,619
2026-05-26T03:15:00+00:00,50892.17,50922.17,50891.17,50913.17,577
2026-05-26T03:30:00+00:00,50913.17,50930.67,50913.17,50927.17,599
2026-05-26T03:45:00+00:00,50927.17,50931.67,50918.17,50922.17,564
2026-05-26T04:00:00+00:00,50922.17,50935.17,50907.17,50935.17,497
2026-05-26T04:15:00+00:00,50935.17,50935.17,50921.17,50923.17,454
2026-05-26T04:30:00+00:00,50923.17,50934.67,50920.17,50925.67,442
2026-05-26T04:45:00+00:00,50925.67,50927.17,50911.17,50921.17,705
2026-05-26T05:00:00+00:00,50921.17,50930.17,50909.17,50924.67,985
2026-05-26T05:15:00+00:00,50924.67,50944.67,50922.67,50939.17,527
2026-05-26T05:30:00+00:00,50939.17,50948.17,50920.67,50929.17,819
2026-05-26T05:45:00+00:00,50929.17,50933.17,50912.67,50922.17,760
2026-05-26T06:00:00+00:00,50922.17,50945.17,50912.17,50942.17,1175
2026-05-26T06:15:00+00:00,50942.17,50966.67,50911.67,50934.67,1213
2026-05-26T06:30:00+00:00,50934.67,50974.67,50932.17,50960.67,1306
2026-05-26T06:45:00+00:00,50960.67,50961.67,50927.67,50933.67,769
2026-05-26T07:00:00+00:00,50933.67,50957.67,50875.42,50905.67,3457
2026-05-26T07:15:00+00:00,50905.67,50913.67,50880.67,50895.67,2021
2026-05-26T07:30:00+00:00,50895.67,50899.67,50863.17,50897.67,2377
2026-05-26T07:45:00+00:00,50897.67,50915.67,50872.67,50896.67,1508
2026-05-26T08:00:00+00:00,50896.67,50906.17,50865.67,50872.67,1964
2026-05-26T08:15:00+00:00,50872.67,50896.67,50865.67,50873.17,1412
2026-05-26T08:30:00+00:00,50873.17,50883.17,50858.67,50867.17,1380
2026-05-26T08:45:00+00:00,50867.17,50872.17,50836.17,50852.17,1224
2026-05-26T09:00:00+00:00,50852.17,50862.67,50816.67,50821.67,1531
2026-05-26T09:15:00+00:00,50821.67,50866.17,50813.17,50864.67,1901
2026-05-26T09:30:00+00:00,50864.67,50878.17,50827.17,50827.67,1389
2026-05-26T09:45:00+00:00,50827.67,50857.17,50826.67,50842.17,840
2026-05-26T10:00:00+00:00,50842.17,50849.67,50811.67,50840.67,1245
2026-05-26T10:15:00+00:00,50840.67,50851.17,50812.17,50847.67,1488
2026-05-26T10:30:00+00:00,50847.67,50887.67,50847.17,50873.17,2463
2026-05-26T10:45:00+00:00,50873.17,50901.17,50845.67,50888.17,1253
2026-05-26T11:00:00+00:00,50888.17,50901.67,50862.67,50888.67,1687
2026-05-26T11:15:00+00:00,50888.67,50922.67,50881.67,50903.17,1101
2026-05-26T11:30:00+00:00,50903.17,50907.17,50824.17,50905.67,3182
2026-05-26T11:45:00+00:00,50905.67,50919.67,50886.67,50892.67,1022
2026-05-26T12:00:00+00:00,50892.67,50892.67,50833.67,50874.17,1828
2026-05-26T12:15:00+00:00,50874.17,50896.67,50867.67,50890.67,1405
2026-05-26T12:30:00+00:00,50890.67,50891.67,50863.17,50868.17,1214
2026-05-26T12:45:00+00:00,50868.17,50869.17,50838.67,50839.67,1375
2026-05-26T13:00:00+00:00,50839.67,50844.67,50775.17,50792.17,1808
2026-05-26T13:15:00+00:00,50792.17,50821.17,50728.17,50728.67,3850
2026-05-26T13:30:00+00:00,50728.67,50795.02,50648.52,50763.52,38547
2026-05-26T13:45:00+00:00,50763.52,50804.52,50632.02,50645.02,20948
2026-05-26T14:00:00+00:00,50645.02,50723.52,50615.02,50634.52,17685
2026-05-26T14:15:00+00:00,50634.52,50651.52,50571.02,50590.02,14095
2026-05-26T14:30:00+00:00,50590.02,50645.52,50566.52,50585.02,12047
2026-05-26T14:45:00+00:00,50585.02,50606.02,50494.52,50559.52,10745
2026-05-26T15:00:00+00:00,50559.52,50562.52,50495.52,50514.52,11043
2026-05-26T15:15:00+00:00,50514.52,50526.52,50475.02,50477.52,9688
2026-05-26T15:30:00+00:00,50477.52,50505.52,50456.52,50479.52,8891
2026-05-26T15:45:00+00:00,50479.52,50498.52,50454.52,50498.52,9464
2026-05-26T16:00:00+00:00,50498.52,50523.52,50454.52,50463.52,7091
2026-05-26T16:15:00+00:00,50463.52,50518.02,50460.52,50505.52,5309
2026-05-26T16:30:00+00:00,50505.52,50519.52,50459.02,50463.52,4997
2026-05-26T16:45:00+00:00,50463.52,50469.02,50409.52,50410.52,5080
2026-05-26T17:00:00+00:00,50410.52,50468.52,50404.52,50459.52,4756
2026-05-26T17:15:00+00:00,50459.52,50462.52,50394.52,50399.52,4842
2026-05-26T17:30:00+00:00,50399.52,50431.02,50392.52,50407.02,4986
2026-05-26T17:45:00+00:00,50407.02,50427.52,50383.52,50405.52,3801
2026-05-26T18:00:00+00:00,50405.52,50432.02,50376.52,50431.52,4576
2026-05-26T18:15:00+00:00,50431.52,50448.52,50408.02,50409.52,4604
2026-05-26T18:30:00+00:00,50409.52,50448.02,50393.02,50404.52,4164
2026-05-26T18:45:00+00:00,50404.52,50420.02,50388.02,50398.52,4549
2026-05-26T19:00:00+00:00,50398.52,50403.52,50372.02,50383.52,4646
2026-05-26T19:15:00+00:00,50383.52,50420.02,50382.52,50418.52,3976
2026-05-26T19:30:00+00:00,50418.52,50504.02,50418.52,50495.52,4822
2026-05-26T19:45:00+00:00,50495.52,50528.52,50480.02,50507.52,6949
2026-05-26T20:00:00+00:00,50507.52,50527.67,50491.67,50492.67,1504
2026-05-26T20:15:00+00:00,50492.67,50496.67,50463.67,50469.17,654
2026-05-26T20:30:00+00:00,50469.17,50493.67,50466.17,50486.17,310
2026-05-26T20:45:00+00:00,50486.17,50489.67,50461.67,50465.67,515
2026-05-26T22:00:00+00:00,50465.67,50494.42,50446.67,50467.92,1473
2026-05-26T22:15:00+00:00,50467.92,50482.42,50458.42,50476.42,895
2026-05-26T22:30:00+00:00,50476.42,50494.42,50475.92,50488.42,609
2026-05-26T22:45:00+00:00,50488.42,50501.42,50481.92,50495.42,542
2026-05-26T23:00:00+00:00,50495.42,50505.42,50486.92,50492.42,374
2026-05-26T23:15:00+00:00,50492.42,50517.42,50488.92,50514.42,516
2026-05-26T23:30:00+00:00,50514.42,50532.42,50502.42,50532.42,499
2026-05-26T23:45:00+00:00,50532.42,50553.42,50528.92,50546.92,895
2026-05-27T00:00:00+00:00,50546.92,50568.92,50541.42,50552.92,1711
2026-05-27T00:15:00+00:00,50552.92,50552.92,50525.42,50549.42,2354
2026-05-27T00:30:00+00:00,50549.42,50565.92,50539.42,50549.92,1685
2026-05-27T00:45:00+00:00,50549.92,50562.42,50548.42,50555.92,1208
2026-05-27T01:00:00+00:00,50555.92,50556.92,50536.42,50550.92,1509
2026-05-27T01:15:00+00:00,50550.92,50551.92,50531.92,50545.42,890
2026-05-27T01:30:00+00:00,50545.42,50547.42,50534.42,50539.92,747
2026-05-27T01:45:00+00:00,50539.92,50542.92,50520.92,50524.92,722
2026-05-27T02:00:00+00:00,50524.92,50536.42,50524.92,50533.42,780
2026-05-27T02:15:00+00:00,50533.42,50549.92,50531.92,50543.42,413
2026-05-27T02:30:00+00:00,50543.42,50548.92,50530.42,50532.42,521
2026-05-27T02:45:00+00:00,50532.42,50550.42,50532.42,50544.42,482
2026-05-27T03:00:00+00:00,50544.42,50556.42,50542.42,50547.42,473
2026-05-27T03:15:00+00:00,50547.42,50549.42,50539.42,50546.42,194
2026-05-27T03:30:00+00:00,50546.42,50547.92,50531.42,50538.42,392
2026-05-27T03:45:00+00:00,50538.42,50544.92,50534.42,50541.42,461
2026-05-27T04:00:00+00:00,50541.42,50548.42,50538.42,50539.92,374
2026-05-27T04:15:00+00:00,50539.92,50541.42,50521.42,50523.42,597
2026-05-27T04:30:00+00:00,50523.42,50545.92,50520.42,50545.42,780
2026-05-27T04:45:00+00:00,50545.42,50558.92,50542.42,50552.42,430
2026-05-27T05:00:00+00:00,50552.42,50566.42,50549.92,50563.92,864
2026-05-27T05:15:00+00:00,50563.92,50573.42,50553.92,50572.42,828
2026-05-27T05:30:00+00:00,50572.42,50582.92,50552.92,50578.42,821
2026-05-27T05:45:00+00:00,50578.42,50600.92,50572.42,50594.42,778
2026-05-27T06:00:00+00:00,50594.42,50611.92,50588.42,50593.42,1014
2026-05-27T06:15:00+00:00,50593.42,50601.42,50586.42,50593.42,866
2026-05-27T06:30:00+00:00,50593.42,50593.92,50568.92,50584.92,986
2026-05-27T06:45:00+00:00,50584.92,50600.42,50582.92,50592.42,739
2026-05-27T07:00:00+00:00,50592.42,50613.92,50591.42,50612.92,1336
2026-05-27T07:15:00+00:00,50612.92,50627.92,50610.42,50620.92,1042
2026-05-27T07:30:00+00:00,50620.92,50633.42,50616.42,50628.42,848
2026-05-27T07:45:00+00:00,50628.42,50632.92,50608.92,50616.92,818
2026-05-27T08:00:00+00:00,50616.92,50659.42,50609.92,50650.92,1871
2026-05-27T08:15:00+00:00,50650.92,50686.92,50639.42,50676.42,1408
2026-05-27T08:30:00+00:00,50676.42,50699.42,50661.42,50697.42,1131
2026-05-27T08:45:00+00:00,50697.42,50708.42,50688.92,50690.92,996
2026-05-27T09:00:00+00:00,50690.92,50737.92,50689.42,50733.92,1125
2026-05-27T09:15:00+00:00,50733.92,50738.42,50715.42,50723.42,844
2026-05-27T09:30:00+00:00,50723.42,50735.42,50715.42,50729.42,835
2026-05-27T09:45:00+00:00,50729.42,50749.92,50727.42,50739.42,726
2026-05-27T10:00:00+00:00,50739.42,50749.42,50729.42,50745.42,1071
2026-05-27T10:15:00+00:00,50745.42,50746.92,50720.92,50725.42,542
2026-05-27T10:30:00+00:00,50725.42,50732.92,50714.92,50723.42,672
2026-05-27T10:45:00+00:00,50723.42,50738.42,50716.42,50719.42,725
2026-05-27T11:00:00+00:00,50719.42,50724.42,50673.42,50683.42,1589
2026-05-27T11:15:00+00:00,50683.42,50694.42,50636.42,50636.42,1766
2026-05-27T11:30:00+00:00,50636.42,50636.42,50573.42,50575.42,1549
2026-05-27T11:45:00+00:00,50575.42,50578.42,50520.42,50533.42,1778
2026-05-27T12:00:00+00:00,50533.42,50536.42,50459.92,50487.42,2101
2026-05-27T12:15:00+00:00,50487.42,50652.92,50467.92,50619.92,12527
2026-05-27T12:30:00+00:00,50619.92,50648.42,50571.42,50574.92,5223
2026-05-27T12:45:00+00:00,50574.92,50576.92,50545.92,50566.42,2669
2026-05-27T13:00:00+00:00,50566.42,50574.92,50524.92,50543.92,3645
2026-05-27T13:15:00+00:00,50543.92,50578.42,50494.92,50564.92,3774
2026-05-27T13:30:00+00:00,50564.92,50699.77,50556.77,50594.27,39385
2026-05-27T13:45:00+00:00,50594.27,50683.77,50566.27,50627.27,24734
2026-05-27T14:00:00+00:00,50627.27,50794.27,50596.77,50788.77,17853
2026-05-27T14:15:00+00:00,50788.77,50825.27,50748.77,50815.77,16774
2026-05-27T14:30:00+00:00,50815.77,50848.77,50735.27,50767.77,15069
2026-05-27T14:45:00+00:00,50767.77,50780.27,50709.27,50766.77,11395
2026-05-27T15:00:00+00:00,50766.77,50791.77,50715.77,50738.27,10070
2026-05-27T15:15:00+00:00,50738.27,50739.27,50665.77,50678.27,9882
2026-05-27T15:30:00+00:00,50678.27,50740.77,50636.27,50644.77,10749
2026-05-27T15:45:00+00:00,50644.77,50661.77,50607.27,50645.77,9188
2026-05-27T16:00:00+00:00,50645.77,50666.77,50611.27,50648.77,7117
2026-05-27T16:15:00+00:00,50648.77,50707.77,50647.77,50693.77,5485
2026-05-27T16:30:00+00:00,50693.77,50712.27,50683.77,50693.77,4438
2026-05-27T16:45:00+00:00,50693.77,50710.27,50667.77,50669.27,4991
2026-05-27T17:00:00+00:00,50669.27,50684.27,50612.27,50660.77,7553
2026-05-27T17:15:00+00:00,50660.77,50699.77,50652.77,50659.77,4782
2026-05-27T17:30:00+00:00,50659.77,50700.27,50653.77,50683.77,4361
2026-05-27T17:45:00+00:00,50683.77,50697.77,50651.77,50684.27,4131
2026-05-27T18:00:00+00:00,50684.27,50685.77,50621.77,50666.77,4519
2026-05-27T18:15:00+00:00,50666.77,50702.77,50663.77,50670.77,4678
2026-05-27T18:30:00+00:00,50670.77,50717.77,50663.27,50716.77,4182
2026-05-27T18:45:00+00:00,50716.77,50742.77,50711.77,50722.77,3526
2026-05-27T19:00:00+00:00,50722.77,50738.77,50716.77,50730.77,3550
2026-05-27T19:15:00+00:00,50730.77,50732.27,50704.27,50710.27,3629
2026-05-27T19:30:00+00:00,50710.27,50716.77,50672.77,50696.77,4587
2026-05-27T19:45:00+00:00,50696.77,50703.77,50635.27,50669.77,7957
2026-05-27T20:00:00+00:00,50669.77,50735.42,50608.92,50701.92,4220
2026-05-27T20:15:00+00:00,50701.92,50707.92,50664.92,50680.92,1373
2026-05-27T20:30:00+00:00,50680.92,50705.42,50680.92,50696.42,612
2026-05-27T20:45:00+00:00,50696.42,50761.42,50693.42,50743.17,1018
2026-05-27T22:00:00+00:00,50743.17,50775.17,50743.17,50752.17,1069
2026-05-27T22:15:00+00:00,50752.17,50758.67,50729.17,50729.17,672
2026-05-27T22:30:00+00:00,50729.17,50741.17,50708.92,50727.67,621
2026-05-27T22:45:00+00:00,50727.67,50734.67,50714.92,50728.17,309
2026-05-27T23:00:00+00:00,50728.17,50743.67,50728.17,50736.17,240.14994707750205
2026-05-27T23:15:00+00:00,50736.17,50759.67,50712.67,50725.67,1010
2026-05-27T23:30:00+00:00,50725.67,50725.67,50691.17,50702.67,1212
2026-05-27T23:45:00+00:00,50702.67,50703.17,50673.17,50684.67,1570
2026-05-28T00:00:00+00:00,50684.67,50706.67,50677.67,50688.17,2946
2026-05-28T00:15:00+00:00,50688.17,50728.17,50684.17,50713.67,2914
2026-05-28T00:30:00+00:00,50713.67,50718.17,50691.67,50699.17,2470
2026-05-28T00:45:00+00:00,50699.17,50753.17,50698.17,50741.67,2067
2026-05-28T01:00:00+00:00,50741.67,50748.67,50721.17,50730.17,1890
2026-05-28T01:15:00+00:00,50730.17,50736.67,50710.67,50728.17,1769
2026-05-28T01:30:00+00:00,50728.17,50741.67,50721.67,50726.67,1813
2026-05-28T01:45:00+00:00,50726.67,50751.17,50713.17,50744.17,1450
2026-05-28T02:00:00+00:00,50744.17,50751.17,50713.67,50716.67,1761
2026-05-28T02:15:00+00:00,50716.67,50719.17,50685.67,50686.17,1281
2026-05-28T02:30:00+00:00,50686.17,50694.17,50652.17,50660.67,1656
2026-05-28T02:45:00+00:00,50660.67,50678.17,50647.67,50667.17,1330
2026-05-28T03:00:00+00:00,50667.17,50680.17,50641.67,50657.17,2215
2026-05-28T03:15:00+00:00,50657.17,50669.17,50634.67,50645.17,2363
2026-05-28T03:30:00+00:00,50645.17,50648.67,50585.17,50590.67,5662
2026-05-28T03:45:00+00:00,50590.67,50614.17,50578.67,50583.67,3511
2026-05-28T04:00:00+00:00,50583.67,50594.67,50555.67,50566.17,3120
2026-05-28T04:15:00+00:00,50566.17,50584.67,50560.17,50578.67,2124
2026-05-28T04:30:00+00:00,50578.67,50608.67,50578.67,50589.67,1229
2026-05-28T04:45:00+00:00,50589.67,50598.17,50581.67,50588.17,1212
2026-05-28T05:00:00+00:00,50588.17,50607.67,50574.67,50599.17,1693
2026-05-28T05:15:00+00:00,50599.17,50612.17,50587.67,50609.67,1428
2026-05-28T05:30:00+00:00,50609.67,50677.17,50609.67,50663.17,2452
2026-05-28T05:45:00+00:00,50663.17,50673.67,50655.17,50657.67,1116
2026-05-28T06:00:00+00:00,50657.67,50673.67,50650.17,50663.17,1128
2026-05-28T06:15:00+00:00,50663.17,50672.17,50656.67,50670.67,1092
2026-05-28T06:30:00+00:00,50670.67,50670.67,50639.67,50656.17,1222
2026-05-28T06:45:00+00:00,50656.17,50684.17,50650.67,50679.67,1040
2026-05-28T07:00:00+00:00,50679.67,50697.17,50661.67,50662.67,2453
2026-05-28T07:15:00+00:00,50662.67,50664.67,50641.17,50652.67,1429
2026-05-28T07:30:00+00:00,50652.67,50656.17,50627.67,50638.67,1617
2026-05-28T07:45:00+00:00,50638.67,50669.17,50615.67,50666.17,1842
2026-05-28T08:00:00+00:00,50666.17,50686.17,50617.67,50647.67,2673
2026-05-28T08:15:00+00:00,50647.67,50657.17,50609.17,50628.17,1881
2026-05-28T08:30:00+00:00,50628.17,50636.67,50617.67,50626.67,1408
2026-05-28T08:45:00+00:00,50626.67,50640.17,50623.67,50640.17,939
2026-05-28T09:00:00+00:00,50640.17,50662.67,50633.17,50642.17,1270
2026-05-28T09:15:00+00:00,50642.17,50661.67,50639.17,50648.17,953
2026-05-28T09:30:00+00:00,50648.17,50652.67,50626.67,50640.17,1353
2026-05-28T09:45:00+00:00,50640.17,50662.67,50633.67,50650.17,1081
2026-05-28T10:00:00+00:00,50650.17,50654.17,50625.17,50640.17,941
2026-05-28T10:15:00+00:00,50640.17,50655.17,50629.67,50645.17,1337
2026-05-28T10:30:00+00:00,50645.17,50649.17,50610.17,50612.17,1352
2026-05-28T10:45:00+00:00,50612.17,50617.67,50539.67,50572.67,3774
2026-05-28T11:00:00+00:00,50572.67,50600.17,50567.17,50594.67,3018
2026-05-28T11:15:00+00:00,50594.67,50599.67,50574.17,50577.17,1479
2026-05-28T11:30:00+00:00,50577.17,50608.67,50568.67,50606.17,1754
2026-05-28T11:45:00+00:00,50606.17,50607.17,50586.17,50597.17,1226
2026-05-28T12:00:00+00:00,50597.17,50599.17,50564.67,50582.67,1727
2026-05-28T12:15:00+00:00,50582.67,50584.17,50537.67,50547.42,2179
2026-05-28T12:30:00+00:00,50547.42,50624.17,50547.42,50616.17,3861
2026-05-28T12:45:00+00:00,50616.17,50634.67,50600.67,50612.67,2603
2026-05-28T13:00:00+00:00,50612.67,50640.17,50597.17,50597.17,2980
2026-05-28T13:15:00+00:00,50597.17,50603.67,50521.67,50522.67,2886
2026-05-28T13:30:00+00:00,50522.67,50573.02,50348.52,50546.52,30110
2026-05-28T13:45:00+00:00,50546.52,50618.52,50524.52,50538.52,16838
2026-05-28T14:00:00+00:00,50538.52,50815.02,50464.02,50711.02,23636
2026-05-28T14:15:00+00:00,50711.02,50752.52,50643.52,50664.02,18767
2026-05-28T14:30:00+00:00,50664.02,50691.52,50576.02,50593.52,12143
2026-05-28T14:45:00+00:00,50593.52,50660.02,50566.52,50643.52,13281
2026-05-28T15:00:00+00:00,50643.52,50720.02,50631.52,50667.52,10219
2026-05-28T15:15:00+00:00,50667.52,50685.52,50622.52,50679.52,7341
2026-05-28T15:30:00+00:00,50679.52,50704.52,50651.52,50698.52,6242
2026-05-28T15:45:00+00:00,50698.52,50755.52,50697.52,50728.52,5301
2026-05-28T16:00:00+00:00,50728.52,50733.02,50692.52,50720.52,4785
2026-05-28T16:15:00+00:00,50720.52,50735.02,50685.02,50690.02,6377
2026-05-28T16:30:00+00:00,50690.02,50716.02,50682.52,50705.52,3901
2026-05-28T16:45:00+00:00,50705.52,50749.02,50702.02,50736.52,3930
2026-05-28T17:00:00+00:00,50736.52,50752.52,50694.02,50694.52,3867
2026-05-28T17:15:00+00:00,50694.52,50698.52,50663.52,50672.52,3609
2026-05-28T17:30:00+00:00,50672.52,50682.02,50656.52,50658.52,3596
2026-05-28T17:45:00+00:00,50658.52,50683.52,50649.52,50659.52,3285
2026-05-28T18:00:00+00:00,50659.52,50671.52,50623.52,50634.52,3608
2026-05-28T18:15:00+00:00,50634.52,50658.52,50623.52,50646.52,4721
2026-05-28T18:30:00+00:00,50646.52,50648.02,50599.52,50602.02,3694
2026-05-28T18:45:00+00:00,50602.02,50637.52,50599.02,50623.52,3229
2026-05-28T19:00:00+00:00,50623.52,50657.02,50620.52,50652.52,2944
2026-05-28T19:15:00+00:00,50652.52,50707.52,50650.52,50699.52,3370
2026-05-28T19:30:00+00:00,50699.52,50719.52,50683.02,50695.52,4149
2026-05-28T19:45:00+00:00,50695.52,50726.52,50671.02,50706.52,6514
2026-05-28T20:00:00+00:00,50706.52,50761.67,50701.67,50752.17,2090
2026-05-28T20:15:00+00:00,50752.17,50760.67,50733.17,50760.17,1204
2026-05-28T20:30:00+00:00,50760.17,50766.17,50735.17,50737.17,741
2026-05-28T20:45:00+00:00,50737.17,50738.17,50713.67,50722.92,1191
2026-05-28T22:00:00+00:00,50722.92,50746.81,50719.06,50736.31,1237.3250620347394
2026-05-28T22:15:00+00:00,50736.31,50736.31,50710.81,50715.81,345
2026-05-28T22:30:00+00:00,50715.81,50728.81,50709.31,50719.31,472
2026-05-28T22:45:00+00:00,50719.31,50720.81,50708.81,50709.81,280
2026-05-28T23:00:00+00:00,50709.81,50723.81,50709.81,50716.81,403
2026-05-28T23:15:00+00:00,50716.81,50732.31,50714.31,50722.31,509
2026-05-28T23:30:00+00:00,50722.31,50722.31,50710.31,50712.81,367
2026-05-28T23:45:00+00:00,50712.81,50712.81,50696.81,50703.31,633
2026-05-29T00:00:00+00:00,50703.31,50712.81,50686.81,50709.31,1522
2026-05-29T00:15:00+00:00,50709.31,50728.81,50703.31,50711.81,1356
2026-05-29T00:30:00+00:00,50711.81,50712.31,50681.81,50690.31,1157
2026-05-29T00:45:00+00:00,50690.31,50699.81,50685.81,50695.81,894
2026-05-29T01:00:00+00:00,50695.81,50711.81,50689.31,50695.31,1329
2026-05-29T01:15:00+00:00,50695.31,50698.81,50676.31,50683.81,1030
2026-05-29T01:30:00+00:00,50683.81,50700.31,50670.31,50697.81,1080
2026-05-29T01:45:00+00:00,50697.81,50703.31,50682.81,50697.81,952
2026-05-29T02:00:00+00:00,50697.81,50725.31,50696.81,50723.31,714
2026-05-29T02:15:00+00:00,50723.31,50724.81,50692.31,50701.81,714
2026-05-29T02:30:00+00:00,50701.81,50717.31,50698.81,50711.31,542
2026-05-29T02:45:00+00:00,50711.31,50713.31,50699.81,50706.81,609
2026-05-29T03:00:00+00:00,50706.81,50736.81,50705.81,50725.31,787
2026-05-29T03:15:00+00:00,50725.31,50739.81,50723.31,50735.31,582
2026-05-29T03:30:00+00:00,50735.31,50745.81,50731.31,50740.81,543
2026-05-29T03:45:00+00:00,50740.81,50749.81,50726.31,50736.31,807
2026-05-29T04:00:00+00:00,50736.31,50753.81,50736.31,50751.81,583
2026-05-29T04:15:00+00:00,50751.81,50759.81,50751.81,50756.81,675
2026-05-29T04:30:00+00:00,50756.81,50764.31,50751.31,50759.81,450
2026-05-29T04:45:00+00:00,50759.81,50759.81,50749.81,50752.81,265
2026-05-29T05:00:00+00:00,50752.81,50755.31,50741.81,50744.81,353
2026-05-29T05:15:00+00:00,50744.81,50757.31,50740.81,50753.81,315
2026-05-29T05:30:00+00:00,50753.81,50753.81,50721.31,50728.81,576
2026-05-29T05:45:00+00:00,50728.81,50750.81,50728.31,50745.31,430
2026-05-29T06:00:00+00:00,50745.31,50749.81,50733.81,50742.81,807
2026-05-29T06:15:00+00:00,50742.81,50758.81,50722.31,50722.81,1111
2026-05-29T06:30:00+00:00,50722.81,50748.31,50717.81,50745.31,1160
2026-05-29T06:45:00+00:00,50745.31,50762.31,50742.31,50757.31,796
2026-05-29T07:00:00+00:00,50757.31,50778.81,50741.31,50765.31,1252
2026-05-29T07:15:00+00:00,50765.31,50766.81,50725.31,50744.81,1198
2026-05-29T07:30:00+00:00,50744.81,50748.31,50711.81,50725.31,1832
2026-05-29T07:45:00+00:00,50725.31,50757.81,50721.31,50755.31,1094
2026-05-29T08:00:00+00:00,50755.31,50779.31,50748.81,50770.81,1813
2026-05-29T08:15:00+00:00,50770.81,50786.81,50756.31,50759.81,1525
2026-05-29T08:30:00+00:00,50759.81,50776.31,50754.81,50761.81,1022
2026-05-29T08:45:00+00:00,50761.81,50762.81,50733.31,50755.31,1233
2026-05-29T09:00:00+00:00,50755.31,50809.31,50752.81,50805.81,1534
2026-05-29T09:15:00+00:00,50805.81,50831.81,50800.31,50822.81,1482
2026-05-29T09:30:00+00:00,50822.81,50832.31,50811.31,50818.81,976
2026-05-29T09:45:00+00:00,50818.81,50835.81,50806.31,50809.31,1173
2026-05-29T10:00:00+00:00,50809.31,50809.81,50766.31,50777.31,1306
2026-05-29T10:15:00+00:00,50777.31,50791.31,50773.81,50782.31,979
2026-05-29T10:30:00+00:00,50782.31,50803.31,50777.31,50798.81,951
2026-05-29T10:45:00+00:00,50798.81,50814.81,50798.31,50812.31,853
2026-05-29T11:00:00+00:00,50812.31,50829.81,50806.81,50826.81,959
2026-05-29T11:15:00+00:00,50826.81,50859.81,50825.31,50843.31,1286
2026-05-29T11:30:00+00:00,50843.31,50869.31,50818.81,50858.31,1075
2026-05-29T11:45:00+00:00,50858.31,50873.31,50798.81,50869.31,2484
2026-05-29T12:00:00+00:00,50869.31,50871.81,50837.81,50842.81,1593
2026-05-29T12:15:00+00:00,50842.81,50862.31,50834.31,50853.31,1127
2026-05-29T12:30:00+00:00,50853.31,50865.31,50816.31,50833.31,2229
2026-05-29T12:45:00+00:00,50833.31,50849.81,50806.31,50841.31,1635
2026-05-29T13:00:00+00:00,50841.31,50853.81,50803.81,50804.81,1837
2026-05-29T13:15:00+00:00,50804.81,50807.31,50760.31,50767.81,2962
2026-05-29T13:30:00+00:00,50767.81,50907.16,50698.16,50890.66,37043
2026-05-29T13:45:00+00:00,50890.66,50926.16,50816.66,50856.16,19889
2026-05-29T14:00:00+00:00,50856.16,50916.66,50817.16,50909.16,17730
2026-05-29T14:15:00+00:00,50909.16,50936.16,50864.66,50907.16,16606
2026-05-29T14:30:00+00:00,50907.16,50944.66,50879.16,50913.16,14683
2026-05-29T14:45:00+00:00,50913.16,51047.16,50859.16,51001.16,21153
2026-05-29T15:00:00+00:00,51001.16,51087.16,51000.16,51086.16,13321
2026-05-29T15:15:00+00:00,51086.16,51108.66,51044.66,51048.16,10824
2026-05-29T15:30:00+00:00,51048.16,51091.16,51032.16,51065.66,12297
2026-05-29T15:45:00+00:00,51065.66,51085.16,51033.66,51076.66,7080
2026-05-29T16:00:00+00:00,51076.66,51082.16,51024.66,51025.66,5940
2026-05-29T16:15:00+00:00,51025.66,51030.16,50996.16,51022.16,5091
2026-05-29T16:30:00+00:00,51022.16,51103.16,51017.66,51074.16,7051
2026-05-29T16:45:00+00:00,51074.16,51079.16,51009.16,51013.16,4768
2026-05-29T17:00:00+00:00,51013.16,51018.66,50976.66,51000.16,4344
2026-05-29T17:15:00+00:00,51000.16,51059.66,50996.16,51043.16,5988
2026-05-29T17:30:00+00:00,51043.16,51053.66,50995.16,50996.16,4971
2026-05-29T17:45:00+00:00,50996.16,51003.66,50936.66,50940.16,6137
2026-05-29T18:00:00+00:00,50940.16,50989.66,50935.66,50974.66,5515
2026-05-29T18:15:00+00:00,50974.66,51007.16,50971.16,50987.16,4570
2026-05-29T18:30:00+00:00,50987.16,51050.16,50987.16,51007.16,4294
2026-05-29T18:45:00+00:00,51007.16,51011.66,50938.16,50969.16,9419
2026-05-29T19:00:00+00:00,50969.16,51026.66,50958.66,51012.16,4979
2026-05-29T19:15:00+00:00,51012.16,51086.16,51006.16,51082.16,4902
2026-05-29T19:30:00+00:00,51082.16,51107.66,51062.16,51062.16,5796
2026-05-29T19:45:00+00:00,51062.16,51084.16,51014.16,51050.66,12700
2026-05-29T20:00:00+00:00,51050.66,51067.31,51038.31,51050.81,3018
2026-05-29T20:15:00+00:00,51050.81,51051.31,50999.81,51012.31,1200
2026-05-29T20:30:00+00:00,51012.31,51017.31,50996.81,51007.56,763
2026-05-31T22:00:00+00:00,51007.56,51046.49999999999,50934.49999999999,50989.99999999999,1920
2026-05-31T22:15:00+00:00,50989.99999999999,51007.99999999999,50978.49999999999,50995.99999999999,1199
2026-05-31T22:30:00+00:00,50995.99999999999,51011.99999999999,50987.99999999999,51009.99999999999,889
2026-05-31T22:45:00+00:00,51009.99999999999,51034.99999999999,51006.49999999999,51032.49999999999,563
2026-05-31T23:00:00+00:00,51032.49999999999,51048.99999999999,51021.99999999999,51043.99999999999,385
2026-05-31T23:15:00+00:00,51043.99999999999,51053.49999999999,51031.49999999999,51051.99999999999,457
2026-05-31T23:30:00+00:00,51051.99999999999,51059.49999999999,51036.99999999999,51045.49999999999,389
2026-05-31T23:45:00+00:00,51045.49999999999,51057.49999999999,51036.99999999999,51045.49999999999,636
2026-06-01T00:00:00+00:00,51045.49999999999,51102.99999999999,51038.49999999999,51074.99999999999,3354
2026-06-01T00:15:00+00:00,51074.99999999999,51090.99999999999,51060.49999999999,51065.49999999999,1605
2026-06-01T00:30:00+00:00,51065.49999999999,51073.49999999999,51041.49999999999,51049.49999999999,1169
2026-06-01T00:45:00+00:00,51049.49999999999,51068.49999999999,51048.99999999999,51058.99999999999,1030
2026-06-01T01:00:00+00:00,51058.99999999999,51063.99999999999,51027.99999999999,51041.49999999999,1394
2026-06-01T01:15:00+00:00,51041.49999999999,51073.49999999999,51032.49999999999,51047.49999999999,784
2026-06-01T01:30:00+00:00,51047.49999999999,51080.49999999999,51043.49999999999,51075.99999999999,694
2026-06-01T01:45:00+00:00,51075.99999999999,51086.49999999999,51064.49999999999,51083.99999999999,650
2026-06-01T02:00:00+00:00,51083.99999999999,51095.49999999999,51079.49999999999,51089.49999999999,760
2026-06-01T02:15:00+00:00,51089.49999999999,51102.49999999999,51088.49999999999,51092.49999999999,435
2026-06-01T02:30:00+00:00,51092.49999999999,51092.99999999999,51080.49999999999,51085.49999999999,427
2026-06-01T02:45:00+00:00,51085.49999999999,51095.49999999999,51080.99999999999,51093.99999999999,283
2026-06-01T03:00:00+00:00,51093.99999999999,51099.99999999999,51074.99999999999,51077.99999999999,320
2026-06-01T03:15:00+00:00,51077.99999999999,51092.99999999999,51057.99999999999,51091.49999999999,839
2026-06-01T03:30:00+00:00,51091.49999999999,51106.99999999999,51055.49999999999,51057.49999999999,946
2026-06-01T03:45:00+00:00,51057.49999999999,51061.99999999999,51047.49999999999,51053.49999999999,720
2026-06-01T04:00:00+00:00,51053.49999999999,51063.99999999999,51047.99999999999,51055.99999999999,466
2026-06-01T04:15:00+00:00,51055.99999999999,51066.99999999999,51051.49999999999,51060.49999999999,331
2026-06-01T04:30:00+00:00,51060.49999999999,51075.99999999999,51059.49999999999,51072.49999999999,378
2026-06-01T04:45:00+00:00,51072.49999999999,51072.99999999999,51063.49999999999,51071.99999999999,282
2026-06-01T05:00:00+00:00,51071.99999999999,51072.49999999999,51060.99999999999,51064.99999999999,415
2026-06-01T05:15:00+00:00,51064.99999999999,51066.99999999999,51053.49999999999,51054.99999999999,394
2026-06-01T05:30:00+00:00,51054.99999999999,51067.99999999999,51053.49999999999,51066.99999999999,582
2026-06-01T05:45:00+00:00,51066.99999999999,51074.99999999999,51061.49999999999,51073.99999999999,421
2026-06-01T06:00:00+00:00,51073.99999999999,51074.99999999999,51057.99999999999,51058.99999999999,630
2026-06-01T06:15:00+00:00,51058.99999999999,51061.49999999999,51038.49999999999,51042.99999999999,576
2026-06-01T06:30:00+00:00,51042.99999999999,51051.49999999999,51035.99999999999,51050.49999999999,685
2026-06-01T06:45:00+00:00,51050.49999999999,51050.49999999999,51026.99999999999,51042.99999999999,952
2026-06-01T07:00:00+00:00,51042.99999999999,51076.49999999999,51037.49999999999,51065.49999999999,1580
2026-06-01T07:15:00+00:00,51065.49999999999,51077.99999999999,51050.49999999999,51057.99999999999,1482
2026-06-01T07:30:00+00:00,51057.99999999999,51062.99999999999,51024.49999999999,51032.49999999999,1177
2026-06-01T07:45:00+00:00,51032.49999999999,51059.49999999999,51023.49999999999,51057.99999999999,950
2026-06-01T08:00:00+00:00,51057.99999999999,51099.99999999999,51056.49999999999,51085.49999999999,1746
2026-06-01T08:15:00+00:00,51085.49999999999,51117.99999999999,51084.49999999999,51116.49999999999,1280
2026-06-01T08:30:00+00:00,51116.49999999999,51116.99999999999,51091.99999999999,51110.49999999999,1063
2026-06-01T08:45:00+00:00,51110.49999999999,51163.49999999999,51094.99999999999,51153.49999999999,1278
2026-06-01T09:00:00+00:00,51153.49999999999,51169.99999999999,51130.49999999999,51145.49999999999,1058
2026-06-01T09:15:00+00:00,51145.49999999999,51190.99999999999,51142.99999999999,51190.99999999999,876
2026-06-01T09:30:00+00:00,51190.99999999999,51203.99999999999,51170.99999999999,51194.49999999999,1019
2026-06-01T09:45:00+00:00,51194.49999999999,51217.99999999999,51171.99999999999,51180.99999999999,1132
2026-06-01T10:00:00+00:00,51180.99999999999,51233.99999999999,51177.49999999999,51221.99999999999,957
2026-06-01T10:15:00+00:00,51221.99999999999,51232.49999999999,51201.49999999999,51218.49999999999,779
2026-06-01T10:30:00+00:00,51218.49999999999,51254.49999999999,51207.49999999999,51239.99999999999,957
2026-06-01T10:45:00+00:00,51239.99999999999,51252.49999999999,51223.49999999999,51243.99999999999,764
2026-06-01T11:00:00+00:00,51243.99999999999,51301.49999999999,51233.99999999999,51272.49999999999,2677
2026-06-01T11:15:00+00:00,51272.49999999999,51303.99999999999,51268.99999999999,51295.49999999999,1682
2026-06-01T11:30:00+00:00,51295.49999999999,51322.49999999999,51286.99999999999,51294.99999999999,1655
2026-06-01T11:45:00+00:00,51294.99999999999,51297.49999999999,51239.99999999999,51239.99999999999,1281
2026-06-01T12:00:00+00:00,51239.99999999999,51246.99999999999,51158.49999999999,51170.99999999999,2312
2026-06-01T12:15:00+00:00,51170.99999999999,51192.99999999999,51156.99999999999,51161.49999999999,2612
2026-06-01T12:30:00+00:00,51161.49999999999,51192.49999999999,51121.99999999999,51182.99999999999,2666
2026-06-01T12:45:00+00:00,51182.99999999999,51196.99999999999,51154.99999999999,51161.49999999999,2338
2026-06-01T13:00:00+00:00,51161.49999999999,51177.49999999999,50929.49999999999,50983.99999999999,11146
2026-06-01T13:15:00+00:00,50983.99999999999,51061.49999999999,50909.49999999999,50922.49999999999,9705
2026-06-01T13:30:00+00:00,50922.49999999999,50940.84999999999,50796.34999999999,50924.84999999999,38373
2026-06-01T13:45:00+00:00,50924.84999999999,50979.34999999999,50869.34999999999,50960.24999999999,20814
2026-06-01T14:00:00+00:00,50960.24999999999,51024.34999999999,50901.84999999999,50935.34999999999,20063
2026-06-01T14:15:00+00:00,50935.34999999999,50969.84999999999,50864.34999999999,50884.34999999999,14369
2026-06-01T14:30:00+00:00,50884.34999999999,50893.34999999999,50800.34999999999,50817.84999999999,11153
2026-06-01T14:45:00+00:00,50817.84999999999,50824.34999999999,50762.84999999999,50823.34999999999,8926
2026-06-01T15:00:00+00:00,50823.34999999999,50904.34999999999,50782.34999999999,50888.34999999999,8516
2026-06-01T15:15:00+00:00,50888.34999999999,50899.34999999999,50862.34999999999,50882.34999999999,6636
2026-06-01T15:30:00+00:00,50882.34999999999,50961.34999999999,50870.34999999999,50943.34999999999,13349
2026-06-01T15:45:00+00:00,50943.34999999999,50944.34999999999,50900.34999999999,50907.34999999999,5385
2026-06-01T16:00:00+00:00,50907.34999999999,50930.84999999999,50865.84999999999,50875.34999999999,6715
2026-06-01T16:15:00+00:00,50875.34999999999,50882.34999999999,50805.34999999999,50823.34999999999,5839
2026-06-01T16:30:00+00:00,50823.34999999999,50874.84999999999,50817.34999999999,50852.34999999999,5666
2026-06-01T16:45:00+00:00,50852.34999999999,50937.34999999999,50843.34999999999,50898.34999999999,6615
2026-06-01T17:00:00+00:00,50898.34999999999,50902.34999999999,50836.84999999999,50861.34999999999,4994
2026-06-01T17:15:00+00:00,50861.34999999999,50957.34999999999,50858.34999999999,50955.84999999999,3722
2026-06-01T17:30:00+00:00,50955.84999999999,51060.34999999999,50912.84999999999,50996.84999999999,11333
2026-06-01T17:45:00+00:00,50996.84999999999,51006.84999999999,50974.34999999999,50993.84999999999,5839
2026-06-01T18:00:00+00:00,50993.84999999999,51058.84999999999,50992.84999999999,51036.34999999999,4356
2026-06-01T18:15:00+00:00,51036.34999999999,51056.34999999999,51020.34999999999,51036.34999999999,4021
2026-06-01T18:30:00+00:00,51036.34999999999,51059.34999999999,51013.34999999999,51053.34999999999,3047
2026-06-01T18:45:00+00:00,51053.34999999999,51078.34999999999,51043.84999999999,51053.34999999999,3001
2026-06-01T19:00:00+00:00,51053.34999999999,51061.34999999999,51023.34999999999,51027.34999999999,4018
2026-06-01T19:15:00+00:00,51027.34999999999,51092.84999999999,51027.34999999999,51084.84999999999,3431
2026-06-01T19:30:00+00:00,51084.84999999999,51114.34999999999,51069.84999999999,51099.34999999999,4302
2026-06-01T19:45:00+00:00,51099.34999999999,51112.84999999999,51060.34999999999,51073.34999999999,6466
2026-06-01T20:00:00+00:00,51073.34999999999,51085.49999999999,51062.99999999999,51082.49999999999,1615
2026-06-01T20:15:00+00:00,51082.49999999999,51082.49999999999,51047.49999999999,51052.99999999999,577
2026-06-01T20:30:00+00:00,51052.99999999999,51077.99999999999,51045.99999999999,51070.99999999999,1157
2026-06-01T20:45:00+00:00,51070.99999999999,51075.49999999999,51042.99999999999,51046.24999999999,1612
2026-06-01T22:00:00+00:00,51046.24999999999,51046.24999999999,50960.049999999996,50978.049999999996,3665
2026-06-01T22:15:00+00:00,50978.049999999996,50988.049999999996,50957.549999999996,50958.049999999996,1112
2026-06-01T22:30:00+00:00,50958.049999999996,50966.049999999996,50931.549999999996,50936.549999999996,1055
2026-06-01T22:45:00+00:00,50936.549999999996,50950.049999999996,50932.549999999996,50945.049999999996,820
2026-06-01T23:00:00+00:00,50945.049999999996,50951.049999999996,50939.049999999996,50943.049999999996,441
2026-06-01T23:15:00+00:00,50943.049999999996,50956.549999999996,50935.549999999996,50937.549999999996,317
2026-06-01T23:30:00+00:00,50937.549999999996,50957.549999999996,50925.549999999996,50940.049999999996,876
2026-06-01T23:45:00+00:00,50940.049999999996,50945.049999999996,50895.799999999996,50918.049999999996,1004
2026-06-02T00:00:00+00:00,50918.049999999996,50929.049999999996,50857.799999999996,50879.549999999996,2769
2026-06-02T00:15:00+00:00,50879.549999999996,50888.549999999996,50852.049999999996,50859.049999999996,2542
2026-06-02T00:30:00+00:00,50859.049999999996,50874.549999999996,50837.049999999996,50845.049999999996,1968
2026-06-02T00:45:00+00:00,50845.049999999996,50849.549999999996,50810.549999999996,50819.049999999996,1415
2026-06-02T01:00:00+00:00,50819.049999999996,50852.549999999996,50816.549999999996,50848.549999999996,2591
2026-06-02T01:15:00+00:00,50848.549999999996,50854.549999999996,50824.049999999996,50843.549999999996,1401
2026-06-02T01:30:00+00:00,50843.549999999996,50850.049999999996,50816.549999999996,50825.049999999996,1599
2026-06-02T01:45:00+00:00,50825.049999999996,50826.049999999996,50803.049999999996,50818.049999999996,1304
2026-06-02T02:00:00+00:00,50818.049999999996,50834.049999999996,50818.049999999996,50830.549999999996,991
2026-06-02T02:15:00+00:00,50830.549999999996,50836.049999999996,50821.549999999996,50831.049999999996,620
2026-06-02T02:30:00+00:00,50831.049999999996,50842.549999999996,50826.549999999996,50833.049999999996,803
2026-06-02T02:45:00+00:00,50833.049999999996,50836.049999999996,50825.049999999996,50832.549999999996,600
2026-06-02T03:00:00+00:00,50832.549999999996,50837.549999999996,50823.049999999996,50830.549999999996,701
2026-06-02T03:15:00+00:00,50830.549999999996,50857.549999999996,50825.549999999996,50852.549999999996,786
2026-06-02T03:30:00+00:00,50852.549999999996,50855.549999999996,50840.549999999996,50852.049999999996,762
2026-06-02T03:45:00+00:00,50852.049999999996,50863.049999999996,50848.049999999996,50861.549999999996,668
2026-06-02T04:00:00+00:00,50861.549999999996,50873.049999999996,50857.549999999996,50863.549999999996,745
2026-06-02T04:15:00+00:00,50863.549999999996,50868.049999999996,50857.049999999996,50860.549999999996,557
2026-06-02T04:30:00+00:00,50860.549999999996,50860.549999999996,50845.549999999996,50846.549999999996,374
2026-06-02T04:45:00+00:00,50846.549999999996,50878.549999999996,50845.549999999996,50877.549999999996,572
2026-06-02T05:00:00+00:00,50877.549999999996,50882.549999999996,50866.049999999996,50873.549999999996,952
2026-06-02T05:15:00+00:00,50873.549999999996,50894.049999999996,50873.549999999996,50890.549999999996,459
2026-06-02T05:30:00+00:00,50890.549999999996,50909.549999999996,50890.549999999996,50905.549999999996,762
2026-06-02T05:45:00+00:00,50905.549999999996,50907.549999999996,50879.549999999996,50881.549999999996,753
2026-06-02T06:00:00+00:00,50881.549999999996,50914.549999999996,50875.549999999996,50909.049999999996,1006
2026-06-02T06:15:00+00:00,50909.049999999996,50918.549999999996,50906.049999999996,50916.549999999996,714
2026-06-02T06:30:00+00:00,50916.549999999996,50925.049999999996,50904.049999999996,50912.549999999996,965
2026-06-02T06:45:00+00:00,50912.549999999996,50937.049999999996,50905.049999999996,50927.549999999996,703
2026-06-02T07:00:00+00:00,50927.549999999996,50964.549999999996,50926.549999999996,50958.549999999996,1500
2026-06-02T07:15:00+00:00,50958.549999999996,50972.549999999996,50948.049999999996,50959.549999999996,990
2026-06-02T07:30:00+00:00,50959.549999999996,50983.549999999996,50950.549999999996,50975.549999999996,917
2026-06-02T07:45:00+00:00,50975.549999999996,51013.049999999996,50975.049999999996,51009.549999999996,1254
2026-06-02T08:00:00+00:00,51009.549999999996,51015.549999999996,50964.049999999996,50964.549999999996,2188
2026-06-02T08:15:00+00:00,50964.549999999996,50982.049999999996,50934.549999999996,50935.049999999996,1985
2026-06-02T08:30:00+00:00,50935.049999999996,50945.549999999996,50920.049999999996,50942.549999999996,1484
2026-06-02T08:45:00+00:00,50942.549999999996,50960.549999999996,50934.049999999996,50947.549999999996,1141
2026-06-02T09:00:00+00:00,50947.549999999996,50947.549999999996,50913.549999999996,50916.049999999996,942
2026-06-02T09:15:00+00:00,50916.049999999996,50917.049999999996,50862.549999999996,50869.049999999996,1234
2026-06-02T09:30:00+00:00,50869.049999999996,50876.049999999996,50840.549999999996,50864.049999999996,1208
2026-06-02T09:45:00+00:00,50864.049999999996,50880.049999999996,50838.049999999996,50856.549999999996,1185
2026-06-02T10:00:00+00:00,50856.549999999996,50865.049999999996,50834.049999999996,50857.549999999996,1086
2026-06-02T10:15:00+00:00,50857.549999999996,50863.549999999996,50848.049999999996,50859.049999999996,945
2026-06-02T10:30:00+00:00,50859.049999999996,50882.049999999996,50856.549999999996,50882.049999999996,820
2026-06-02T10:45:00+00:00,50882.049999999996,50888.049999999996,50862.549999999996,50873.549999999996,762
2026-06-02T11:00:00+00:00,50873.549999999996,50884.049999999996,50839.549999999996,50847.049999999996,1327
2026-06-02T11:15:00+00:00,50847.049999999996,50847.549999999996,50822.549999999996,50841.049999999996,1073
2026-06-02T11:30:00+00:00,50841.049999999996,50859.049999999996,50827.549999999996,50853.549999999996,1193
2026-06-02T11:45:00+00:00,50853.549999999996,50857.549999999996,50833.549999999996,50838.549999999996,729
2026-06-02T12:00:00+00:00,50838.549999999996,50881.049999999996,50820.549999999996,50868.549999999996,1312
2026-06-02T12:15:00+00:00,50868.549999999996,50890.049999999996,50859.049999999996,50867.549999999996,1321
2026-06-02T12:30:00+00:00,50867.549999999996,50871.549999999996,50796.549999999996,50827.049999999996,2588
2026-06-02T12:45:00+00:00,50827.049999999996,50835.049999999996,50802.049999999996,50814.549999999996,1494
2026-06-02T13:00:00+00:00,50814.549999999996,50850.049999999996,50772.549999999996,50822.049999999996,4424
2026-06-02T13:15:00+00:00,50822.049999999996,50830.549999999996,50775.049999999996,50804.049999999996,2904
2026-06-02T13:30:00+00:00,50804.049999999996,51242.899999999994,50803.899999999994,51164.899999999994,39770
2026-06-02T13:45:00+00:00,51164.899999999994,51178.899999999994,50904.899999999994,50918.899999999994,23679
2026-06-02T14:00:00+00:00,50918.899999999994,50980.899999999994,50873.899999999994,50951.899999999994,19314
2026-06-02T14:15:00+00:00,50951.899999999994,50992.899999999994,50896.399999999994,50954.899999999994,15272
2026-06-02T14:30:00+00:00,50954.899999999994,51051.899999999994,50947.899999999994,51047.899999999994,12450
2026-06-02T14:45:00+00:00,51047.899999999994,51151.899999999994,51024.899999999994,51147.899999999994,9755
2026-06-02T15:00:00+00:00,51147.899999999994,51237.399999999994,51131.399999999994,51181.899999999994,9699
2026-06-02T15:15:00+00:00,51181.899999999994,51278.899999999994,51179.399999999994,51221.399999999994,8215
2026-06-02T15:30:00+00:00,51221.399999999994,51238.399999999994,51185.899999999994,51218.899999999994,6564
2026-06-02T15:45:00+00:00,51218.899999999994,51242.899999999994,51181.899999999994,51195.899999999994,5787
2026-06-02T16:00:00+00:00,51195.899999999994,51211.899999999994,51143.399999999994,51193.899999999994,6494
2026-06-02T16:15:00+00:00,51193.899999999994,51199.399999999994,51159.899999999994,51168.399999999994,5267
2026-06-02T16:30:00+00:00,51168.399999999994,51204.899999999994,51157.899999999994,51197.899999999994,5005
2026-06-02T16:45:00+00:00,51197.899999999994,51236.899999999994,51190.899999999994,51224.399999999994,4087
2026-06-02T17:00:00+00:00,51224.399999999994,51241.399999999994,51200.899999999994,51219.899999999994,4293
2026-06-02T17:15:00+00:00,51219.899999999994,51221.399999999994,51185.899999999994,51195.899999999994,4346
2026-06-02T17:30:00+00:00,51195.899999999994,51239.899999999994,51195.399999999994,51222.899999999994,4425
2026-06-02T17:45:00+00:00,51222.899999999994,51239.899999999994,51216.399999999994,51219.899999999994,3172
2026-06-02T18:00:00+00:00,51219.899999999994,51264.399999999994,51214.399999999994,51257.899999999994,3562
2026-06-02T18:15:00+00:00,51257.899999999994,51309.899999999994,51248.399999999994,51292.899999999994,3634
2026-06-02T18:30:00+00:00,51292.899999999994,51342.899999999994,51287.899999999994,51320.899999999994,3870
2026-06-02T18:45:00+00:00,51320.899999999994,51340.399999999994,51307.899999999994,51331.899999999994,2913
2026-06-02T19:00:00+00:00,51331.899999999994,51344.399999999994,51291.899999999994,51295.899999999994,3418
2026-06-02T19:15:00+00:00,51295.899999999994,51347.899999999994,51294.399999999994,51343.899999999994,2992
2026-06-02T19:30:00+00:00,51343.899999999994,51358.399999999994,51329.899999999994,51334.399999999994,3416
2026-06-02T19:45:00+00:00,51334.399999999994,51374.399999999994,51320.399999999994,51328.399999999994,5923
2026-06-02T20:00:00+00:00,51328.399999999994,51372.549999999996,51328.049999999996,51360.549999999996,1979
2026-06-02T20:15:00+00:00,51360.549999999996,51368.549999999996,51342.049999999996,51347.049999999996,814
2026-06-02T20:30:00+00:00,51347.049999999996,51359.049999999996,51340.049999999996,51355.049999999996,518
2026-06-02T20:45:00+00:00,51355.049999999996,51369.049999999996,51343.549999999996,51360.299999999996,493
2026-06-02T22:00:00+00:00,51360.299999999996,51360.299999999996,51327.27999999999,51333.27999999999,2033
2026-06-02T22:15:00+00:00,51333.27999999999,51342.27999999999,51324.27999999999,51337.27999999999,822
2026-06-02T22:30:00+00:00,51337.27999999999,51345.77999999999,51325.77999999999,51327.27999999999,373
2026-06-02T22:45:00+00:00,51327.27999999999,51334.27999999999,51305.77999999999,51321.77999999999,939
2026-06-02T23:00:00+00:00,51321.77999999999,51325.27999999999,51277.27999999999,51278.77999999999,1000
2026-06-02T23:15:00+00:00,51278.77999999999,51286.27999999999,51209.27999999999,51274.27999999999,3046
2026-06-02T23:30:00+00:00,51274.27999999999,51323.27999999999,51253.77999999999,51318.77999999999,2549
2026-06-02T23:45:00+00:00,51318.77999999999,51345.27999999999,51313.27999999999,51335.27999999999,2307
2026-06-03T00:00:00+00:00,51335.27999999999,51351.77999999999,51320.77999999999,51321.27999999999,2451
2026-06-03T00:15:00+00:00,51321.27999999999,51335.77999999999,51310.27999999999,51314.77999999999,1505
2026-06-03T00:30:00+00:00,51314.77999999999,51325.77999999999,51306.27999999999,51314.77999999999,1242
2026-06-03T00:45:00+00:00,51314.77999999999,51321.27999999999,51310.27999999999,51314.77999999999,777
2026-06-03T01:00:00+00:00,51314.77999999999,51323.27999999999,51294.77999999999,51303.27999999999,1451
2026-06-03T01:15:00+00:00,51303.27999999999,51311.27999999999,51302.27999999999,51307.27999999999,730
2026-06-03T01:30:00+00:00,51307.27999999999,51321.77999999999,51297.27999999999,51321.27999999999,1125
2026-06-03T01:45:00+00:00,51321.27999999999,51326.27999999999,51307.77999999999,51310.27999999999,668
2026-06-03T02:00:00+00:00,51310.27999999999,51318.77999999999,51304.27999999999,51315.27999999999,502
2026-06-03T02:15:00+00:00,51315.27999999999,51320.77999999999,51310.77999999999,51316.77999999999,461
2026-06-03T02:30:00+00:00,51316.77999999999,51324.77999999999,51311.27999999999,51317.27999999999,304
2026-06-03T02:45:00+00:00,51317.27999999999,51318.27999999999,51309.27999999999,51312.77999999999,328
2026-06-03T03:00:00+00:00,51312.77999999999,51328.77999999999,51311.27999999999,51322.27999999999,332
2026-06-03T03:15:00+00:00,51322.27999999999,51323.77999999999,51307.27999999999,51307.27999999999,323
2026-06-03T03:30:00+00:00,51307.27999999999,51320.27999999999,51307.27999999999,51317.77999999999,375
2026-06-03T03:45:00+00:00,51317.77999999999,51318.77999999999,51310.77999999999,51315.27999999999,311
2026-06-03T04:00:00+00:00,51315.27999999999,51320.27999999999,51309.27999999999,51314.27999999999,262
2026-06-03T04:15:00+00:00,51314.27999999999,51321.27999999999,51310.27999999999,51314.27999999999,212
2026-06-03T04:30:00+00:00,51314.27999999999,51315.27999999999,51308.27999999999,51312.27999999999,213
2026-06-03T04:45:00+00:00,51312.27999999999,51312.27999999999,51297.77999999999,51303.77999999999,282
2026-06-03T05:00:00+00:00,51303.77999999999,51316.27999999999,51297.27999999999,51309.77999999999,577
2026-06-03T05:15:00+00:00,51309.77999999999,51313.77999999999,51294.27999999999,51295.27999999999,345
2026-06-03T05:30:00+00:00,51295.27999999999,51295.77999999999,51280.27999999999,51283.77999999999,652
2026-06-03T05:45:00+00:00,51283.77999999999,51288.27999999999,51272.77999999999,51274.27999999999,686
2026-06-03T06:00:00+00:00,51274.27999999999,51284.77999999999,51251.77999999999,51266.27999999999,1355
2026-06-03T06:15:00+00:00,51266.27999999999,51272.27999999999,51251.27999999999,51254.77999999999,995
2026-06-03T06:30:00+00:00,51254.77999999999,51269.27999999999,51239.77999999999,51256.27999999999,1529
2026-06-03T06:45:00+00:00,51256.27999999999,51261.27999999999,51239.27999999999,51258.27999999999,988
2026-06-03T07:00:00+00:00,51258.27999999999,51261.27999999999,51235.27999999999,51251.27999999999,1650
2026-06-03T07:15:00+00:00,51251.27999999999,51256.27999999999,51225.27999999999,51231.27999999999,975
2026-06-03T07:30:00+00:00,51231.27999999999,51244.27999999999,51210.77999999999,51215.27999999999,1753
2026-06-03T07:45:00+00:00,51215.27999999999,51228.77999999999,51203.77999999999,51217.27999999999,1150
2026-06-03T08:00:00+00:00,51217.27999999999,51220.77999999999,51184.77999999999,51200.27999999999,1909
2026-06-03T08:15:00+00:00,51200.27999999999,51213.77999999999,51181.77999999999,51213.77999999999,2088
2026-06-03T08:30:00+00:00,51213.77999999999,51219.77999999999,51189.77999999999,51194.27999999999,1747
2026-06-03T08:45:00+00:00,51194.27999999999,51208.27999999999,51187.77999999999,51196.27999999999,1132
2026-06-03T09:00:00+00:00,51196.27999999999,51199.77999999999,51177.77999999999,51178.27999999999,1149
2026-06-03T09:15:00+00:00,51178.27999999999,51180.27999999999,51144.27999999999,51145.27999999999,1289
2026-06-03T09:30:00+00:00,51145.27999999999,51153.77999999999,51132.27999999999,51134.27999999999,1158
2026-06-03T09:45:00+00:00,51134.27999999999,51155.77999999999,51125.77999999999,51130.77999999999,1384
2026-06-03T10:00:00+00:00,51130.77999999999,51213.27999999999,51127.27999999999,51172.27999999999,4589
2026-06-03T10:15:00+00:00,51172.27999999999,51172.77999999999,51144.77999999999,51162.77999999999,1512
2026-06-03T10:30:00+00:00,51162.77999999999,51168.77999999999,51121.27999999999,51123.77999999999,1169
2026-06-03T10:45:00+00:00,51123.77999999999,51168.77999999999,51109.77999999999,51166.27999999999,1240
2026-06-03T11:00:00+00:00,51166.27999999999,51183.27999999999,51162.27999999999,51176.77999999999,1591
2026-06-03T11:15:00+00:00,51176.77999999999,51201.27999999999,51172.77999999999,51196.77999999999,1144
2026-06-03T11:30:00+00:00,51196.77999999999,51223.27999999999,51195.27999999999,51214.27999999999,1236
2026-06-03T11:45:00+00:00,51214.27999999999,51223.27999999999,51186.27999999999,51188.27999999999,1304
2026-06-03T12:00:00+00:00,51188.27999999999,51197.27999999999,51170.27999999999,51179.27999999999,1556
2026-06-03T12:15:00+00:00,51179.27999999999,51179.27999999999,51130.27999999999,51132.27999999999,1857
2026-06-03T12:30:00+00:00,51132.27999999999,51133.27999999999,51075.27999999999,51105.77999999999,2795
2026-06-03T12:45:00+00:00,51105.77999999999,51138.27999999999,51094.27999999999,51117.27999999999,2210
2026-06-03T13:00:00+00:00,51117.27999999999,51165.27999999999,51107.77999999999,51119.27999999999,2363
2026-06-03T13:15:00+00:00,51119.27999999999,51119.77999999999,51009.77999999999,51033.77999999999,3546
2026-06-03T13:30:00+00:00,51033.77999999999,51201.13,50979.63,51086.52999999999,40622
2026-06-03T13:45:00+00:00,51086.52999999999,51108.63,50964.63,51018.13,25097
2026-06-03T14:00:00+00:00,51018.13,51062.13,50969.63,50970.13,19141
2026-06-03T14:15:00+00:00,50970.13,50993.13,50862.63,50951.63,16174
2026-06-03T14:30:00+00:00,50951.63,51001.13,50894.63,50927.63,12432
2026-06-03T14:45:00+00:00,50927.63,50944.63,50891.63,50934.63,11112
2026-06-03T15:00:00+00:00,50934.63,50944.13,50867.63,50876.63,10046
2026-06-03T15:15:00+00:00,50876.63,50947.63,50871.13,50930.13,10233
2026-06-03T15:30:00+00:00,50930.13,50939.63,50829.63,50846.63,10418
2026-06-03T15:45:00+00:00,50846.63,50880.13,50816.63,50878.63,8734
2026-06-03T16:00:00+00:00,50878.63,50906.13,50861.13,50895.63,7001
2026-06-03T16:15:00+00:00,50895.63,50904.13,50838.13,50878.63,7990
2026-06-03T16:30:00+00:00,50878.63,50891.63,50848.63,50876.63,7492
2026-06-03T16:45:00+00:00,50876.63,50888.13,50844.13,50872.63,7241
2026-06-03T17:00:00+00:00,50872.63,50911.13,50833.13,50854.13,6805
2026-06-03T17:15:00+00:00,50854.13,50878.13,50845.13,50859.13,5351
2026-06-03T17:30:00+00:00,50859.13,50895.63,50828.63,50859.63,5231
2026-06-03T17:45:00+00:00,50859.63,50906.63,50854.13,50887.63,4121
2026-06-03T18:00:00+00:00,50887.63,50908.13,50870.13,50900.13,4837.718393985517
2026-06-03T18:15:00+00:00,50900.13,50907.13,50867.63,50906.13,4151
2026-06-03T18:30:00+00:00,50906.13,50912.13,50860.13,50879.63,4133
2026-06-03T18:45:00+00:00,50879.63,50886.63,50846.13,50856.13,4150
2026-06-03T19:00:00+00:00,50856.13,50860.13,50808.63,50811.13,5552
2026-06-03T19:15:00+00:00,50811.13,50840.63,50793.13,50797.63,5434
2026-06-03T19:30:00+00:00,50797.63,50837.63,50776.13,50809.13,5650
2026-06-03T19:45:00+00:00,50809.13,50820.13,50724.63,50743.77999999999,10364
2026-06-03T20:00:00+00:00,50743.77999999999,50754.27999999999,50709.27999999999,50723.27999999999,3555
2026-06-03T20:15:00+00:00,50723.27999999999,50758.27999999999,50698.77999999999,50740.77999999999,6324
2026-06-03T20:30:00+00:00,50740.77999999999,50750.27999999999,50679.77999999999,50682.77999999999,2828
2026-06-03T20:45:00+00:00,50682.77999999999,50699.77999999999,50674.77999999999,50696.52999999999,2587
2026-06-03T22:00:00+00:00,50696.52999999999,50765.189999999995,50692.439999999995,50744.689999999995,2493
2026-06-03T22:15:00+00:00,50744.689999999995,50756.689999999995,50733.189999999995,50748.689999999995,1249
2026-06-03T22:30:00+00:00,50748.689999999995,50753.189999999995,50717.689999999995,50723.189999999995,844
2026-06-03T22:45:00+00:00,50723.189999999995,50780.689999999995,50710.689999999995,50769.689999999995,2026
2026-06-03T23:00:00+00:00,50769.689999999995,50773.689999999995,50727.689999999995,50729.189999999995,1459
2026-06-03T23:15:00+00:00,50729.189999999995,50738.689999999995,50713.689999999995,50733.689999999995,951
2026-06-03T23:30:00+00:00,50733.689999999995,50746.189999999995,50709.189999999995,50720.189999999995,1178
2026-06-03T23:45:00+00:00,50720.189999999995,50747.189999999995,50716.189999999995,50741.189999999995,1613
2026-06-04T00:00:00+00:00,50741.189999999995,50764.689999999995,50715.689999999995,50749.689999999995,4087
2026-06-04T00:15:00+00:00,50749.689999999995,50770.689999999995,50723.189999999995,50730.189999999995,2894
2026-06-04T00:30:00+00:00,50730.189999999995,50776.189999999995,50729.189999999995,50758.189999999995,2623
2026-06-04T00:45:00+00:00,50758.189999999995,50760.689999999995,50726.689999999995,50746.689999999995,1787
2026-06-04T01:00:00+00:00,50746.689999999995,50771.689999999995,50738.689999999995,50765.189999999995,2291
2026-06-04T01:15:00+00:00,50765.189999999995,50765.689999999995,50733.689999999995,50741.689999999995,1866
2026-06-04T01:30:00+00:00,50741.689999999995,50766.689999999995,50736.189999999995,50746.189999999995,1924
2026-06-04T01:45:00+00:00,50746.189999999995,50752.689999999995,50706.189999999995,50729.189999999995,2304
2026-06-04T02:00:00+00:00,50729.189999999995,50734.689999999995,50709.189999999995,50713.689999999995,2257
2026-06-04T02:15:00+00:00,50713.689999999995,50729.689999999995,50680.689999999995,50717.189999999995,2450
2026-06-04T02:30:00+00:00,50717.189999999995,50719.189999999995,50687.189999999995,50703.189999999995,1605
2026-06-04T02:45:00+00:00,50703.189999999995,50728.189999999995,50703.189999999995,50715.689999999995,1120
2026-06-04T03:00:00+00:00,50715.689999999995,50732.689999999995,50707.189999999995,50719.689999999995,1264
2026-06-04T03:15:00+00:00,50719.689999999995,50728.689999999995,50718.689999999995,50725.689999999995,619
2026-06-04T03:30:00+00:00,50725.689999999995,50733.189999999995,50693.689999999995,50699.189999999995,1030
2026-06-04T03:45:00+00:00,50699.189999999995,50726.689999999995,50691.689999999995,50726.689999999995,896
2026-06-04T04:00:00+00:00,50726.689999999995,50735.189999999995,50713.189999999995,50735.189999999995,756
2026-06-04T04:15:00+00:00,50735.189999999995,50741.189999999995,50726.189999999995,50731.189999999995,715
2026-06-04T04:30:00+00:00,50731.189999999995,50744.689999999995,50719.189999999995,50744.689999999995,1110
2026-06-04T04:45:00+00:00,50744.689999999995,50747.689999999995,50728.189999999995,50739.189999999995,617
2026-06-04T05:00:00+00:00,50739.189999999995,50743.189999999995,50702.189999999995,50716.189999999995,1215
2026-06-04T05:15:00+00:00,50716.189999999995,50727.689999999995,50703.189999999995,50703.689999999995,1352
2026-06-04T05:30:00+00:00,50703.689999999995,50738.189999999995,50701.689999999995,50734.689999999995,1631
2026-06-04T05:45:00+00:00,50734.689999999995,50734.689999999995,50713.189999999995,50731.689999999995,1281
2026-06-04T06:00:00+00:00,50731.689999999995,50768.189999999995,50727.189999999995,50751.689999999995,1356
2026-06-04T06:15:00+00:00,50751.689999999995,50757.189999999995,50723.189999999995,50757.189999999995,1890
2026-06-04T06:30:00+00:00,50757.189999999995,50792.689999999995,50750.689999999995,50781.689999999995,2047
2026-06-04T06:45:00+00:00,50781.689999999995,50789.689999999995,50765.189999999995,50785.189999999995,1318
2026-06-04T07:00:00+00:00,50785.189999999995,50836.189999999995,50776.189999999995,50829.689999999995,2402
2026-06-04T07:15:00+00:00,50829.689999999995,50852.689999999995,50817.689999999995,50851.689999999995,1927
2026-06-04T07:30:00+00:00,50851.689999999995,50863.189999999995,50827.189999999995,50835.189999999995,1786
2026-06-04T07:45:00+00:00,50835.189999999995,50845.189999999995,50816.189999999995,50838.189999999995,1388
2026-06-04T08:00:00+00:00,50838.189999999995,50864.689999999995,50817.189999999995,50846.689999999995,2925
2026-06-04T08:15:00+00:00,50846.689999999995,50887.189999999995,50826.689999999995,50886.689999999995,3737
2026-06-04T08:30:00+00:00,50886.689999999995,50936.189999999995,50870.189999999995,50876.689999999995,3919
2026-06-04T08:45:00+00:00,50876.689999999995,50889.689999999995,50831.189999999995,50834.189999999995,2125
2026-06-04T09:00:00+00:00,50834.189999999995,50872.689999999995,50821.689999999995,50839.189999999995,2866
2026-06-04T09:15:00+00:00,50839.189999999995,50883.689999999995,50831.189999999995,50873.689999999995,2703
2026-06-04T09:30:00+00:00,50873.689999999995,50943.689999999995,50870.189999999995,50942.689999999995,1978
2026-06-04T09:45:00+00:00,50942.689999999995,50976.189999999995,50939.689999999995,50955.689999999995,1729
2026-06-04T10:00:00+00:00,50955.689999999995,50994.689999999995,50952.689999999995,50963.689999999995,2645
2026-06-04T10:15:00+00:00,50963.689999999995,50974.189999999995,50941.689999999995,50945.689999999995,1659
2026-06-04T10:30:00+00:00,50945.689999999995,50969.689999999995,50924.689999999995,50932.689999999995,1443
2026-06-04T10:45:00+00:00,50932.689999999995,50935.689999999995,50901.689999999995,50925.689999999995,1961
2026-06-04T11:00:00+00:00,50925.689999999995,51012.189999999995,50920.689999999995,51011.689999999995,2537
2026-06-04T11:15:00+00:00,51011.689999999995,51079.189999999995,51011.189999999995,51057.689999999995,4205
2026-06-04T11:30:00+00:00,51057.689999999995,51069.689999999995,51010.189999999995,51062.189999999995,4687
2026-06-04T11:45:00+00:00,51062.189999999995,51147.189999999995,51055.689999999995,51135.189999999995,4528
2026-06-04T12:00:00+00:00,51135.189999999995,51186.189999999995,51114.689999999995,51117.689999999995,4857
2026-06-04T12:15:00+00:00,51117.689999999995,51191.689999999995,51109.189999999995,51173.189999999995,3610
2026-06-04T12:30:00+00:00,51173.189999999995,51258.689999999995,51169.439999999995,51212.189999999995,3647
2026-06-04T12:45:00+00:00,51212.189999999995,51250.689999999995,51183.189999999995,51208.689999999995,2700
2026-06-04T13:00:00+00:00,51208.689999999995,51241.689999999995,51201.689999999995,51216.189999999995,2719
2026-06-04T13:15:00+00:00,51216.189999999995,51285.189999999995,51158.189999999995,51276.689999999995,5130
2026-06-04T13:30:00+00:00,51276.689999999995,51330.53999999999,51183.439999999995,51321.53999999999,43394
2026-06-04T13:45:00+00:00,51321.53999999999,51472.53999999999,51278.53999999999,51461.53999999999,26061
2026-06-04T14:00:00+00:00,51461.53999999999,51503.03999999999,51402.53999999999,51427.53999999999,21477
2026-06-04T14:15:00+00:00,51427.53999999999,51478.03999999999,51395.53999999999,51412.53999999999,17330
2026-06-04T14:30:00+00:00,51412.53999999999,51414.53999999999,51357.53999999999,51389.53999999999,13973
2026-06-04T14:45:00+00:00,51389.53999999999,51464.53999999999,51364.03999999999,51449.53999999999,10625
2026-06-04T15:00:00+00:00,51449.53999999999,51555.53999999999,51449.53999999999,51543.53999999999,11369
2026-06-04T15:15:00+00:00,51543.53999999999,51587.53999999999,51534.53999999999,51585.53999999999,8842
2026-06-04T15:30:00+00:00,51585.53999999999,51604.53999999999,51533.03999999999,51545.53999999999,8498
2026-06-04T15:45:00+00:00,51545.53999999999,51574.53999999999,51534.53999999999,51552.53999999999,8130
2026-06-04T16:00:00+00:00,51552.53999999999,51619.53999999999,51546.03999999999,51613.53999999999,6736
2026-06-04T16:15:00+00:00,51613.53999999999,51655.03999999999,51613.53999999999,51649.03999999999,5969
2026-06-04T16:30:00+00:00,51649.03999999999,51650.03999999999,51615.03999999999,51629.53999999999,5833
2026-06-04T16:45:00+00:00,51629.53999999999,51642.03999999999,51605.03999999999,51606.53999999999,4518
2026-06-04T17:00:00+00:00,51606.53999999999,51613.03999999999,51517.03999999999,51517.53999999999,5978
2026-06-04T17:15:00+00:00,51517.53999999999,51548.03999999999,51502.53999999999,51518.53999999999,5521
2026-06-04T17:30:00+00:00,51518.53999999999,51557.53999999999,51506.53999999999,51531.53999999999,5878
2026-06-04T17:45:00+00:00,51531.53999999999,51541.53999999999,51505.03999999999,51532.53999999999,4210
2026-06-04T18:00:00+00:00,51532.53999999999,51538.53999999999,51487.03999999999,51499.53999999999,5389
2026-06-04T18:15:00+00:00,51499.53999999999,51582.53999999999,51489.53999999999,51558.53999999999,5514
2026-06-04T18:30:00+00:00,51558.53999999999,51612.53999999999,51553.53999999999,51572.53999999999,5857
2026-06-04T18:45:00+00:00,51572.53999999999,51608.53999999999,51568.53999999999,51605.03999999999,4004
2026-06-04T19:00:00+00:00,51605.03999999999,51641.03999999999,51601.53999999999,51628.03999999999,5508
2026-06-04T19:15:00+00:00,51628.03999999999,51679.53999999999,51628.03999999999,51666.53999999999,5886
2026-06-04T19:30:00+00:00,51666.53999999999,51667.53999999999,51620.03999999999,51628.53999999999,7016
2026-06-04T19:45:00+00:00,51628.53999999999,51650.03999999999,51584.03999999999,51589.53999999999,9646
2026-06-04T20:00:00+00:00,51589.53999999999,51615.189999999995,51584.689999999995,51597.189999999995,3115
2026-06-04T20:15:00+00:00,51597.189999999995,51604.189999999995,51579.189999999995,51585.689999999995,1489
2026-06-04T20:30:00+00:00,51585.689999999995,51595.189999999995,51579.189999999995,51579.189999999995,742
2026-06-04T20:45:00+00:00,51579.189999999995,51600.189999999995,51575.189999999995,51592.439999999995,956
2026-06-04T22:00:00+00:00,51592.439999999995,51594.969999999994,51566.719999999994,51583.969999999994,1423
2026-06-04T22:15:00+00:00,51583.969999999994,51586.469999999994,51571.469999999994,51583.969999999994,1262
2026-06-04T22:30:00+00:00,51583.969999999994,51595.469999999994,51583.469999999994,51592.469999999994,439
2026-06-04T22:45:00+00:00,51592.469999999994,51611.969999999994,51589.969999999994,51608.969999999994,337
2026-06-04T23:00:00+00:00,51608.969999999994,51610.469999999994,51589.469999999994,51593.969999999994,520
2026-06-04T23:15:00+00:00,51593.969999999994,51598.469999999994,51584.469999999994,51597.469999999994,636
2026-06-04T23:30:00+00:00,51597.469999999994,51598.469999999994,51580.969999999994,51593.469999999994,582
2026-06-04T23:45:00+00:00,51593.469999999994,51593.969999999994,51562.969999999994,51566.469999999994,888
2026-06-05T00:00:00+00:00,51566.469999999994,51566.469999999994,51522.469999999994,51530.969999999994,2493
2026-06-05T00:15:00+00:00,51530.969999999994,51563.469999999994,51529.469999999994,51552.969999999994,2943
2026-06-05T00:30:00+00:00,51552.969999999994,51563.469999999994,51537.969999999994,51553.469999999994,1905
2026-06-05T00:45:00+00:00,51553.469999999994,51564.469999999994,51535.969999999994,51553.969999999994,2025
2026-06-05T01:00:00+00:00,51553.969999999994,51572.469999999994,51543.969999999994,51568.969999999994,1927
2026-06-05T01:15:00+00:00,51568.969999999994,51576.969999999994,51517.469999999994,51525.469999999994,2749
2026-06-05T01:30:00+00:00,51525.469999999994,51548.469999999994,51516.969999999994,51526.469999999994,2434
2026-06-05T01:45:00+00:00,51526.469999999994,51553.469999999994,51513.469999999994,51548.469999999994,2073
2026-06-05T02:00:00+00:00,51548.469999999994,51578.969999999994,51544.469999999994,51563.469999999994,1326
2026-06-05T02:15:00+00:00,51563.469999999994,51568.969999999994,51541.469999999994,51543.469999999994,940
2026-06-05T02:30:00+00:00,51543.469999999994,51543.469999999994,51523.969999999994,51527.469999999994,873
2026-06-05T02:45:00+00:00,51527.469999999994,51536.469999999994,51514.969999999994,51527.969999999994,992
2026-06-05T03:00:00+00:00,51527.969999999994,51535.969999999994,51516.469999999994,51529.469999999994,1302
2026-06-05T03:15:00+00:00,51529.469999999994,51548.469999999994,51525.969999999994,51528.469999999994,1156
2026-06-05T03:30:00+00:00,51528.469999999994,51550.969999999994,51527.469999999994,51547.469999999994,1312
2026-06-05T03:45:00+00:00,51547.469999999994,51549.469999999994,51526.469999999994,51536.469999999994,1104
2026-06-05T04:00:00+00:00,51536.469999999994,51544.469999999994,51529.969999999994,51536.969999999994,1294
2026-06-05T04:15:00+00:00,51536.969999999994,51554.469999999994,51535.969999999994,51538.469999999994,953
2026-06-05T04:30:00+00:00,51538.469999999994,51554.469999999994,51525.969999999994,51546.469999999994,1144
2026-06-05T04:45:00+00:00,51546.469999999994,51567.969999999994,51546.469999999994,51561.469999999994,839
2026-06-05T05:00:00+00:00,51561.469999999994,51568.469999999994,51543.469999999994,51549.969999999994,1256
2026-06-05T05:15:00+00:00,51549.969999999994,51566.969999999994,51544.469999999994,51559.469999999994,1050
2026-06-05T05:30:00+00:00,51559.469999999994,51585.969999999994,51558.469999999994,51573.469999999994,1125
2026-06-05T05:45:00+00:00,51573.469999999994,51573.469999999994,51553.969999999994,51566.469999999994,960
2026-06-05T06:00:00+00:00,51566.469999999994,51616.969999999994,51563.969999999994,51593.469999999994,1936
2026-06-05T06:15:00+00:00,51593.469999999994,51593.469999999994,51570.469999999994,51582.469999999994,1597
2026-06-05T06:30:00+00:00,51582.469999999994,51593.469999999994,51568.969999999994,51582.469999999994,1716
2026-06-05T06:45:00+00:00,51582.469999999994,51608.469999999994,51562.469999999994,51592.469999999994,1536
2026-06-05T07:00:00+00:00,51592.469999999994,51604.469999999994,51562.469999999994,51583.469999999994,2848
2026-06-05T07:15:00+00:00,51583.469999999994,51633.969999999994,51571.969999999994,51630.969999999994,2742
2026-06-05T07:30:00+00:00,51630.969999999994,51635.969999999994,51608.969999999994,51631.469999999994,2400
2026-06-05T07:45:00+00:00,51631.469999999994,51634.469999999994,51585.969999999994,51590.969999999994,1587
2026-06-05T08:00:00+00:00,51590.969999999994,51613.469999999994,51569.469999999994,51611.469999999994,3004
2026-06-05T08:15:00+00:00,51611.469999999994,51622.469999999994,51580.469999999994,51619.469999999994,2885
2026-06-05T08:30:00+00:00,51619.469999999994,51643.469999999994,51603.469999999994,51627.969999999994,2615
2026-06-05T08:45:00+00:00,51627.969999999994,51635.969999999994,51620.469999999994,51628.469999999994,1741
2026-06-05T09:00:00+00:00,51628.469999999994,51746.969999999994,51617.469999999994,51707.969999999994,5997
2026-06-05T09:15:00+00:00,51707.969999999994,51718.469999999994,51653.969999999994,51668.469999999994,3932
2026-06-05T09:30:00+00:00,51668.469999999994,51679.469999999994,51635.469999999994,51640.469999999994,2272
2026-06-05T09:45:00+00:00,51640.469999999994,51673.969999999994,51638.469999999994,51658.469999999994,1596
2026-06-05T10:00:00+00:00,51658.469999999994,51672.969999999994,51645.469999999994,51672.469999999994,1042
2026-06-05T10:15:00+00:00,51672.469999999994,51691.969999999994,51671.469999999994,51682.469999999994,992
2026-06-05T10:30:00+00:00,51682.469999999994,51684.469999999994,51661.469999999994,51676.469999999994,1005
2026-06-05T10:45:00+00:00,51676.469999999994,51682.469999999994,51658.969999999994,51662.469999999994,842
2026-06-05T11:00:00+00:00,51662.469999999994,51687.469999999994,51654.469999999994,51672.469999999994,1222
2026-06-05T11:15:00+00:00,51672.469999999994,51679.469999999994,51619.469999999994,51671.469999999994,2294
2026-06-05T11:30:00+00:00,51671.469999999994,51701.469999999994,51666.469999999994,51680.969999999994,1937
2026-06-05T11:45:00+00:00,51680.969999999994,51681.969999999994,51642.469999999994,51643.969999999994,1492
2026-06-05T12:00:00+00:00,51643.969999999994,51664.469999999994,51632.969999999994,51643.469999999994,1983
2026-06-05T12:15:00+00:00,51643.469999999994,51645.469999999994,51609.469999999994,51629.469999999994,2533
2026-06-05T12:30:00+00:00,51629.469999999994,51687.969999999994,51563.969999999994,51668.969999999994,8277
2026-06-05T12:45:00+00:00,51668.969999999994,51698.469999999994,51599.469999999994,51626.969999999994,5698
2026-06-05T13:00:00+00:00,51626.969999999994,51659.969999999994,51594.469999999994,51617.469999999994,5955
2026-06-05T13:15:00+00:00,51617.469999999994,51689.969999999994,51589.969999999994,51674.969999999994,4692
2026-06-05T13:30:00+00:00,51674.969999999994,51677.81999999999,51381.31999999999,51391.81999999999,41491
2026-06-05T13:45:00+00:00,51391.81999999999,51457.31999999999,51377.31999999999,51401.81999999999,30111
2026-06-05T14:00:00+00:00,51401.81999999999,51514.81999999999,51353.81999999999,51468.81999999999,32063
2026-06-05T14:15:00+00:00,51468.81999999999,51506.81999999999,51385.81999999999,51392.81999999999,19249
2026-06-05T14:30:00+00:00,51392.81999999999,51491.31999999999,51389.81999999999,51444.81999999999,17462
2026-06-05T14:45:00+00:00,51444.81999999999,51448.81999999999,51396.31999999999,51433.81999999999,14749
2026-06-05T15:00:00+00:00,51433.81999999999,51460.81999999999,51375.81999999999,51399.81999999999,12747
2026-06-05T15:15:00+00:00,51399.81999999999,51410.81999999999,51351.81999999999,51364.81999999999,14694
2026-06-05T15:30:00+00:00,51364.81999999999,51393.81999999999,51281.81999999999,51284.81999999999,13247
2026-06-05T15:45:00+00:00,51284.81999999999,51290.81999999999,51235.81999999999,51235.81999999999,11389
2026-06-05T16:00:00+00:00,51235.81999999999,51268.31999999999,51171.81999999999,51183.81999999999,13147
2026-06-05T16:15:00+00:00,51183.81999999999,51192.81999999999,51148.31999999999,51150.81999999999,13473
2026-06-05T16:30:00+00:00,51150.81999999999,51172.31999999999,51099.31999999999,51114.81999999999,13293
2026-06-05T16:45:00+00:00,51114.81999999999,51192.81999999999,51073.81999999999,51187.81999999999,16796
2026-06-05T17:00:00+00:00,51187.81999999999,51191.81999999999,51118.81999999999,51127.81999999999,13734
2026-06-05T17:15:00+00:00,51127.81999999999,51162.31999999999,51099.31999999999,51150.81999999999,13748
2026-06-05T17:30:00+00:00,51150.81999999999,51202.31999999999,51116.31999999999,51128.81999999999,13378
2026-06-05T17:45:00+00:00,51128.81999999999,51175.31999999999,51110.81999999999,51170.81999999999,10998
2026-06-05T18:00:00+00:00,51170.81999999999,51180.31999999999,51082.81999999999,51089.81999999999,11272
2026-06-05T18:15:00+00:00,51089.81999999999,51107.31999999999,51033.81999999999,51048.31999999999,15624
2026-06-05T18:30:00+00:00,51048.31999999999,51075.31999999999,51034.31999999999,51036.81999999999,12273
2026-06-05T18:45:00+00:00,51036.81999999999,51037.81999999999,50913.81999999999,50923.81999999999,18964
2026-06-05T19:00:00+00:00,50923.81999999999,50934.81999999999,50844.81999999999,50854.81999999999,16448
2026-06-05T19:15:00+00:00,50854.81999999999,50880.81999999999,50766.81999999999,50877.81999999999,21597
2026-06-05T19:30:00+00:00,50877.81999999999,50911.81999999999,50827.81999999999,50872.81999999999,21955
2026-06-05T19:45:00+00:00,50872.81999999999,50973.31999999999,50854.31999999999,50863.31999999999,22430
2026-06-05T20:00:00+00:00,50863.31999999999,50866.469999999994,50700.969999999994,50719.469999999994,15013
2026-06-05T20:15:00+00:00,50719.469999999994,50730.71,50688.21,50714.21,5688
2026-06-05T20:30:00+00:00,50714.21,50715.71,50674.71,50700.96,4018
2026-06-07T22:00:00+00:00,50700.96,50746.079999999994,50599.579999999994,50744.579999999994,1886
2026-06-07T22:15:00+00:00,50744.579999999994,50812.579999999994,50728.329999999994,50739.079999999994,5099
2026-06-07T22:30:00+00:00,50739.079999999994,50790.579999999994,50739.079999999994,50753.579999999994,3329
2026-06-07T22:45:00+00:00,50753.579999999994,50765.079999999994,50528.579999999994,50615.079999999994,7513
2026-06-07T23:00:00+00:00,50615.079999999994,50706.079999999994,50614.079999999994,50686.579999999994,3723
2026-06-07T23:15:00+00:00,50686.579999999994,50693.579999999994,50629.079999999994,50679.579999999994,3356
2026-06-07T23:30:00+00:00,50679.579999999994,50740.079999999994,50676.079999999994,50738.579999999994,2492
2026-06-07T23:45:00+00:00,50738.579999999994,50789.079999999994,50726.079999999994,50763.579999999994,4121
2026-06-08T00:00:00+00:00,50763.579999999994,50796.079999999994,50726.579999999994,50761.579999999994,4991
2026-06-08T00:15:00+00:00,50761.579999999994,50803.579999999994,50748.579999999994,50791.079999999994,3010
2026-06-08T00:30:00+00:00,50791.079999999994,50818.579999999994,50714.079999999994,50756.579999999994,3940
2026-06-08T00:45:00+00:00,50756.579999999994,50787.079999999994,50740.579999999994,50778.079999999994,3352
2026-06-08T01:00:00+00:00,50778.079999999994,50796.079999999994,50718.579999999994,50721.579999999994,4891
2026-06-08T01:15:00+00:00,50721.579999999994,50728.079999999994,50633.079999999994,50643.579999999994,7803
2026-06-08T01:30:00+00:00,50643.579999999994,50718.079999999994,50578.079999999994,50705.579999999994,10123
2026-06-08T01:45:00+00:00,50705.579999999994,50734.579999999994,50680.079999999994,50703.579999999994,5091
2026-06-08T02:00:00+00:00,50703.579999999994,50725.079999999994,50687.579999999994,50714.579999999994,4465
2026-06-08T02:15:00+00:00,50714.579999999994,50722.579999999994,50677.079999999994,50707.579999999994,3466
2026-06-08T02:30:00+00:00,50707.579999999994,50754.579999999994,50653.079999999994,50753.579999999994,3654
2026-06-08T02:45:00+00:00,50753.579999999994,50759.079999999994,50709.579999999994,50735.579999999994,2346
2026-06-08T03:00:00+00:00,50735.579999999994,50752.579999999994,50725.579999999994,50742.579999999994,1889
2026-06-08T03:15:00+00:00,50742.579999999994,50757.079999999994,50713.579999999994,50744.079999999994,1798
2026-06-08T03:30:00+00:00,50744.079999999994,50763.579999999994,50742.579999999994,50754.079999999994,1674
2026-06-08T03:45:00+00:00,50754.079999999994,50771.579999999994,50753.579999999994,50763.579999999994,1096
2026-06-08T04:00:00+00:00,50763.579999999994,50775.579999999994,50732.079999999994,50741.579999999994,1763
2026-06-08T04:15:00+00:00,50741.579999999994,50762.579999999994,50719.079999999994,50732.579999999994,1830
2026-06-08T04:30:00+00:00,50732.579999999994,50739.579999999994,50684.579999999994,50686.579999999994,3156
2026-06-08T04:45:00+00:00,50686.579999999994,50710.579999999994,50666.079999999994,50673.079999999994,2512
2026-06-08T05:00:00+00:00,50673.079999999994,50713.579999999994,50643.579999999994,50644.579999999994,3195
2026-06-08T05:15:00+00:00,50644.579999999994,50677.579999999994,50621.579999999994,50663.079999999994,3838
2026-06-08T05:30:00+00:00,50663.079999999994,50672.079999999994,50579.079999999994,50595.579999999994,4884
2026-06-08T05:45:00+00:00,50595.579999999994,50616.079999999994,50578.579999999994,50611.579999999994,3715
2026-06-08T06:00:00+00:00,50611.579999999994,50655.579999999994,50607.579999999994,50630.079999999994,4910
2026-06-08T06:15:00+00:00,50630.079999999994,50700.079999999994,50610.579999999994,50691.579999999994,4124
2026-06-08T06:30:00+00:00,50691.579999999994,50700.079999999994,50607.079999999994,50641.579999999994,3727
2026-06-08T06:45:00+00:00,50641.579999999994,50655.079999999994,50606.079999999994,50648.079999999994,2991
2026-06-08T07:00:00+00:00,50648.079999999994,50703.579999999994,50642.079999999994,50690.579999999994,5543
2026-06-08T07:15:00+00:00,50690.579999999994,50775.079999999994,50643.579999999994,50735.579999999994,5162
2026-06-08T07:30:00+00:00,50735.579999999994,50772.079999999994,50724.579999999994,50756.579999999994,3352
2026-06-08T07:45:00+00:00,50756.579999999994,50778.579999999994,50705.079999999994,50729.079999999994,2838
2026-06-08T08:00:00+00:00,50729.079999999994,50745.579999999994,50672.079999999994,50698.079999999994,5151
2026-06-08T08:15:00+00:00,50698.079999999994,50704.079999999994,50653.579999999994,50689.079999999994,4288
2026-06-08T08:30:00+00:00,50689.079999999994,50698.579999999994,50648.579999999994,50661.579999999994,3637
2026-06-08T08:45:00+00:00,50661.579999999994,50689.579999999994,50639.079999999994,50679.079999999994,3462
2026-06-08T09:00:00+00:00,50679.079999999994,50712.079999999994,50649.079999999994,50701.079999999994,2938
2026-06-08T09:15:00+00:00,50701.079999999994,50719.079999999994,50692.079999999994,50706.579999999994,2127
2026-06-08T09:30:00+00:00,50706.579999999994,50821.079999999994,50693.079999999994,50759.579999999994,3938
2026-06-08T09:45:00+00:00,50759.579999999994,50793.579999999994,50751.079999999994,50792.079999999994,2879
2026-06-08T10:00:00+00:00,50792.079999999994,50798.579999999994,50698.079999999994,50788.579999999994,3942
2026-06-08T10:15:00+00:00,50788.579999999994,50791.579999999994,50734.579999999994,50759.579999999994,2487
2026-06-08T10:30:00+00:00,50759.579999999994,50871.579999999994,50758.079999999994,50806.579999999994,5221
2026-06-08T10:45:00+00:00,50806.579999999994,50815.579999999994,50778.079999999994,50811.579999999994,2845
2026-06-08T11:00:00+00:00,50811.579999999994,50966.079999999994,50783.579999999994,50962.579999999994,6054
2026-06-08T11:15:00+00:00,50962.579999999994,51008.579999999994,50913.079999999994,50970.079999999994,8855
2026-06-08T11:30:00+00:00,50970.079999999994,51016.579999999994,50970.079999999994,50984.579999999994,4478
2026-06-08T11:45:00+00:00,50984.579999999994,50984.579999999994,50938.579999999994,50955.579999999994,3232
2026-06-08T12:00:00+00:00,50955.579999999994,51010.579999999994,50950.079999999994,50973.079999999994,5195
2026-06-08T12:15:00+00:00,50973.079999999994,51003.079999999994,50958.579999999994,50991.079999999994,3280
2026-06-08T12:30:00+00:00,50991.079999999994,51032.579999999994,50981.079999999994,50992.579999999994,3770
2026-06-08T12:45:00+00:00,50992.579999999994,50996.579999999994,50943.579999999994,50945.079999999994,3724
2026-06-08T13:00:00+00:00,50945.079999999994,50968.079999999994,50887.079999999994,50891.579999999994,4448
2026-06-08T13:15:00+00:00,50891.579999999994,50959.079999999994,50866.079999999994,50939.079999999994,4743
2026-06-08T13:30:00+00:00,50939.079999999994,51236.43,50887.93,50965.43,49431
2026-06-08T13:45:00+00:00,50965.43,51043.93,50932.93,50934.43,30685
2026-06-08T14:00:00+00:00,50934.43,51049.93,50923.43,50946.43,29735
2026-06-08T14:15:00+00:00,50946.43,51034.43,50922.43,50970.43,24874
2026-06-08T14:30:00+00:00,50970.43,51015.93,50898.43,50952.43,20906
2026-06-08T14:45:00+00:00,50952.43,51068.43,50940.43,51067.43,16281
2026-06-08T15:00:00+00:00,51067.43,51092.43,50992.43,51006.43,11916
2026-06-08T15:15:00+00:00,51006.43,51032.43,50930.43,50939.43,13778
2026-06-08T15:30:00+00:00,50939.43,50966.43,50839.43,50937.43,19826
2026-06-08T15:45:00+00:00,50937.43,50979.43,50892.43,50912.43,15042
2026-06-08T16:00:00+00:00,50912.43,50945.43,50871.43,50940.43,14012
2026-06-08T16:15:00+00:00,50940.43,50975.93,50891.43,50893.43,11888
2026-06-08T16:30:00+00:00,50893.43,50911.43,50837.93,50879.43,12634
2026-06-08T16:45:00+00:00,50879.43,50917.43,50847.43,50848.93,10310
2026-06-08T17:00:00+00:00,50848.93,50854.43,50745.43,50786.93,15030
2026-06-08T17:15:00+00:00,50786.93,50838.43,50728.43,50836.93,11017
2026-06-08T17:30:00+00:00,50836.93,50848.93,50734.43,50753.43,13458
2026-06-08T17:45:00+00:00,50753.43,50814.43,50752.93,50785.43,11931
2026-06-08T18:00:00+00:00,50785.43,50865.93,50782.93,50801.43,11546
2026-06-08T18:15:00+00:00,50801.43,50887.43,50800.43,50876.93,8475
2026-06-08T18:30:00+00:00,50876.93,50898.43,50821.43,50829.43,10081
2026-06-08T18:45:00+00:00,50829.43,50870.43,50812.93,50818.93,7595
2026-06-08T19:00:00+00:00,50818.93,50846.93,50767.93,50770.43,11012
2026-06-08T19:15:00+00:00,50770.43,50795.43,50696.93,50762.43,12603
2026-06-08T19:30:00+00:00,50762.43,50822.43,50744.43,50767.93,13902
2026-06-08T19:45:00+00:00,50767.93,50796.93,50723.93,50757.43,13214
2026-06-08T20:00:00+00:00,50757.43,50775.079999999994,50735.579999999994,50744.079999999994,2829
2026-06-08T20:15:00+00:00,50744.079999999994,50750.579999999994,50716.579999999994,50740.579999999994,1509
2026-06-08T20:30:00+00:00,50740.579999999994,50747.579999999994,50732.079999999994,50741.079999999994,878
2026-06-08T20:45:00+00:00,50741.079999999994,50743.079999999994,50714.579999999994,50729.829999999994,1068
2026-06-08T22:00:00+00:00,50729.829999999994,50757.259999999995,50639.259999999995,50661.759999999995,4395
2026-06-08T22:15:00+00:00,50661.759999999995,50693.259999999995,50621.759999999995,50678.259999999995,2344
2026-06-08T22:30:00+00:00,50678.259999999995,50707.259999999995,50678.259999999995,50702.759999999995,1262
2026-06-08T22:45:00+00:00,50702.759999999995,50744.259999999995,50692.759999999995,50732.259999999995,1205
2026-06-08T23:00:00+00:00,50732.259999999995,50744.759999999995,50716.759999999995,50742.759999999995,914
2026-06-08T23:15:00+00:00,50742.759999999995,50744.259999999995,50719.759999999995,50726.759999999995,770
2026-06-08T23:30:00+00:00,50726.759999999995,50751.759999999995,50720.759999999995,50723.759999999995,1155
2026-06-08T23:45:00+00:00,50723.759999999995,50724.759999999995,50664.259999999995,50709.759999999995,2904
2026-06-09T00:00:00+00:00,50709.759999999995,50717.759999999995,50624.259999999995,50634.759999999995,7274
2026-06-09T00:15:00+00:00,50634.759999999995,50657.759999999995,50626.759999999995,50646.759999999995,5899
2026-06-09T00:30:00+00:00,50646.759999999995,50655.759999999995,50596.509999999995,50635.259999999995,4975
2026-06-09T00:45:00+00:00,50635.259999999995,50636.759999999995,50594.759999999995,50625.259999999995,4015
2026-06-09T01:00:00+00:00,50625.259999999995,50653.259999999995,50608.759999999995,50642.759999999995,5350
2026-06-09T01:15:00+00:00,50642.759999999995,50756.759999999995,50634.759999999995,50721.259999999995,6072
2026-06-09T01:30:00+00:00,50721.259999999995,50754.759999999995,50711.759999999995,50746.759999999995,5599
2026-06-09T01:45:00+00:00,50746.759999999995,50795.759999999995,50743.759999999995,50750.259999999995,4290
2026-06-09T02:00:00+00:00,50750.259999999995,50781.759999999995,50748.259999999995,50767.259999999995,3384
2026-06-09T02:15:00+00:00,50767.259999999995,50772.259999999995,50737.259999999995,50759.759999999995,2640
2026-06-09T02:30:00+00:00,50759.759999999995,50777.759999999995,50746.759999999995,50774.759999999995,3060
2026-06-09T02:45:00+00:00,50774.759999999995,50786.759999999995,50752.759999999995,50769.759999999995,2410
2026-06-09T03:00:00+00:00,50769.759999999995,50794.259999999995,50765.259999999995,50792.759999999995,2386
2026-06-09T03:15:00+00:00,50792.759999999995,50807.259999999995,50762.259999999995,50774.759999999995,2156
2026-06-09T03:30:00+00:00,50774.759999999995,50818.759999999995,50773.759999999995,50812.259999999995,2394
2026-06-09T03:45:00+00:00,50812.259999999995,50819.759999999995,50795.759999999995,50805.259999999995,1827
2026-06-09T04:00:00+00:00,50805.259999999995,50811.759999999995,50787.259999999995,50792.259999999995,1650
2026-06-09T04:15:00+00:00,50792.259999999995,50816.259999999995,50788.259999999995,50808.759999999995,1288
2026-06-09T04:30:00+00:00,50808.759999999995,50842.259999999995,50802.259999999995,50827.759999999995,1730
2026-06-09T04:45:00+00:00,50827.759999999995,50838.259999999995,50818.259999999995,50821.259999999995,1271
2026-06-09T05:00:00+00:00,50821.259999999995,50848.259999999995,50818.259999999995,50826.759999999995,1527
2026-06-09T05:15:00+00:00,50826.759999999995,50839.259999999995,50814.759999999995,50821.259999999995,1601
2026-06-09T05:30:00+00:00,50821.259999999995,50861.759999999995,50819.259999999995,50833.259999999995,3127
2026-06-09T05:45:00+00:00,50833.259999999995,50855.759999999995,50811.759999999995,50820.259999999995,2030
2026-06-09T06:00:00+00:00,50820.259999999995,50825.759999999995,50789.259999999995,50800.259999999995,2854
2026-06-09T06:15:00+00:00,50800.259999999995,50831.259999999995,50798.759999999995,50803.259999999995,2094
2026-06-09T06:30:00+00:00,50803.259999999995,50812.759999999995,50773.759999999995,50808.259999999995,2187
2026-06-09T06:45:00+00:00,50808.259999999995,50819.759999999995,50760.759999999995,50778.759999999995,1689
2026-06-09T07:00:00+00:00,50778.759999999995,50870.759999999995,50767.259999999995,50792.759999999995,4528
2026-06-09T07:15:00+00:00,50792.759999999995,50812.759999999995,50741.759999999995,50767.259999999995,4236
2026-06-09T07:30:00+00:00,50767.259999999995,50799.259999999995,50762.759999999995,50798.759999999995,3776
2026-06-09T07:45:00+00:00,50798.759999999995,50815.259999999995,50771.259999999995,50784.759999999995,3291
2026-06-09T08:00:00+00:00,50784.759999999995,50851.259999999995,50750.759999999995,50818.259999999995,6052
2026-06-09T08:15:00+00:00,50818.259999999995,50836.759999999995,50811.259999999995,50830.759999999995,3741
2026-06-09T08:30:00+00:00,50830.759999999995,50888.759999999995,50828.759999999995,50879.759999999995,2968
2026-06-09T08:45:00+00:00,50879.759999999995,50886.759999999995,50828.759999999995,50843.759999999995,2030
2026-06-09T09:00:00+00:00,50843.759999999995,50906.759999999995,50840.759999999995,50901.759999999995,1873
2026-06-09T09:15:00+00:00,50901.759999999995,50909.759999999995,50886.759999999995,50892.259999999995,1665
2026-06-09T09:30:00+00:00,50892.259999999995,50902.259999999995,50866.759999999995,50889.259999999995,1631
2026-06-09T09:45:00+00:00,50889.259999999995,50893.759999999995,50870.259999999995,50871.259999999995,1278
2026-06-09T10:00:00+00:00,50871.259999999995,50890.259999999995,50754.509999999995,50877.259999999995,4824
2026-06-09T10:15:00+00:00,50877.259999999995,50884.759999999995,50849.259999999995,50881.759999999995,1714
2026-06-09T10:30:00+00:00,50881.759999999995,50885.259999999995,50858.759999999995,50874.759999999995,1132
2026-06-09T10:45:00+00:00,50874.759999999995,50950.759999999995,50869.259999999995,50908.759999999995,2678
2026-06-09T11:00:00+00:00,50908.759999999995,50929.259999999995,50882.759999999995,50890.259999999995,2147
2026-06-09T11:15:00+00:00,50890.259999999995,50894.259999999995,50847.259999999995,50858.259999999995,1618
2026-06-09T11:30:00+00:00,50858.259999999995,50883.259999999995,50853.759999999995,50858.259999999995,1966
2026-06-09T11:45:00+00:00,50858.259999999995,50871.759999999995,50821.759999999995,50829.259999999995,1785
2026-06-09T12:00:00+00:00,50829.259999999995,50871.759999999995,50826.759999999995,50843.759999999995,2160
2026-06-09T12:15:00+00:00,50843.759999999995,50908.259999999995,50839.759999999995,50884.759999999995,2316
2026-06-09T12:30:00+00:00,50884.759999999995,50973.259999999995,50883.259999999995,50922.259999999995,3648
2026-06-09T12:45:00+00:00,50922.259999999995,50984.259999999995,50913.259999999995,50979.759999999995,2770
2026-06-09T13:00:00+00:00,50979.759999999995,51004.759999999995,50939.509999999995,50966.759999999995,5398
2026-06-09T13:15:00+00:00,50966.759999999995,51028.759999999995,50946.759999999995,51020.759999999995,4706
2026-06-09T13:30:00+00:00,51020.759999999995,51159.61,50977.61,51107.61,37133
2026-06-09T13:45:00+00:00,51107.61,51225.11,51098.11,51149.61,23066
2026-06-09T14:00:00+00:00,51149.61,51188.61,50995.61,50998.61,28236
2026-06-09T14:15:00+00:00,50998.61,51075.61,50840.11,51021.61,43266
2026-06-09T14:30:00+00:00,51021.61,51081.61,50892.61,50899.61,32135
2026-06-09T14:45:00+00:00,50899.61,50911.61,50636.11,50892.61,47083
2026-06-09T15:00:00+00:00,50892.61,50918.61,50783.61,50828.61,31748
2026-06-09T15:15:00+00:00,50828.61,50847.11,50422.61,50435.61,34076
2026-06-09T15:30:00+00:00,50435.61,50534.11,50396.61,50505.11,44551
2026-06-09T15:45:00+00:00,50505.11,50553.61,50413.11,50418.61,29843
2026-06-09T16:00:00+00:00,50418.61,50516.61,50407.11,50460.61,33656
2026-06-09T16:15:00+00:00,50460.61,50477.61,50314.61,50450.11,33406
2026-06-09T16:30:00+00:00,50450.11,50557.61,50171.61,50249.11,47600
2026-06-09T16:45:00+00:00,50249.11,50345.61,50212.11,50331.11,38012
2026-06-09T17:00:00+00:00,50331.11,50409.11,50311.61,50374.61,30635
2026-06-09T17:15:00+00:00,50374.61,50557.61,50348.61,50537.61,26338
2026-06-09T17:30:00+00:00,50537.61,50734.61,50505.61,50678.61,19573
2026-06-09T17:45:00+00:00,50678.61,50701.61,50607.61,50660.61,22158
2026-06-09T18:00:00+00:00,50660.61,50713.61,50646.61,50677.61,19203
2026-06-09T18:15:00+00:00,50677.61,50775.61,50644.11,50769.61,18585
2026-06-09T18:30:00+00:00,50769.61,50825.61,50738.61,50744.61,17605
2026-06-09T18:45:00+00:00,50744.61,50863.61,50741.11,50844.61,13999
2026-06-09T19:00:00+00:00,50844.61,50876.61,50780.11,50789.61,14656
2026-06-09T19:15:00+00:00,50789.61,50794.61,50689.61,50734.61,24323
2026-06-09T19:30:00+00:00,50734.61,50751.61,50637.61,50661.61,24286
2026-06-09T19:45:00+00:00,50661.61,50861.61,50644.61,50809.61,27618
2026-06-09T20:00:00+00:00,50809.61,50837.259999999995,50760.759999999995,50771.759999999995,8074
2026-06-09T20:15:00+00:00,50771.759999999995,50808.759999999995,50761.759999999995,50797.759999999995,3366
2026-06-09T20:30:00+00:00,50797.759999999995,50807.259999999995,50776.759999999995,50794.259999999995,2192
2026-06-09T20:45:00+00:00,50794.259999999995,50799.259999999995,50758.759999999995,50787.509999999995,1792
2026-06-09T22:00:00+00:00,50787.509999999995,50788.47,50701.72,50737.47,4220
2026-06-09T22:15:00+00:00,50737.47,50757.97,50704.47,50722.47,889
2026-06-09T22:30:00+00:00,50722.47,50722.97,50660.97,50679.47,1430
2026-06-09T22:45:00+00:00,50679.47,50683.47,50643.97,50672.47,1937
2026-06-09T23:00:00+00:00,50672.47,50696.47,50658.97,50661.47,2128
2026-06-09T23:15:00+00:00,50661.47,50672.47,50639.97,50648.97,1446
2026-06-09T23:30:00+00:00,50648.97,50668.97,50640.97,50661.47,1577
2026-06-09T23:45:00+00:00,50661.47,50715.97,50654.47,50710.47,2923
2026-06-10T00:00:00+00:00,50710.47,50775.97,50706.47,50733.97,5569
2026-06-10T00:15:00+00:00,50733.97,50734.97,50694.97,50721.47,4795
2026-06-10T00:30:00+00:00,50721.47,50728.97,50652.47,50669.47,5398
2026-06-10T00:45:00+00:00,50669.47,50763.47,50665.47,50747.97,5028
2026-06-10T01:00:00+00:00,50747.97,50794.47,50738.97,50781.97,4223
2026-06-10T01:15:00+00:00,50781.97,50814.47,50773.47,50782.47,3682
2026-06-10T01:30:00+00:00,50782.47,50812.97,50765.72,50780.47,4075
2026-06-10T01:45:00+00:00,50780.47,50808.47,50763.97,50775.97,4136
2026-06-10T02:00:00+00:00,50775.97,50787.47,50735.97,50772.97,3095
2026-06-10T02:15:00+00:00,50772.97,50789.47,50763.47,50783.47,2805
2026-06-10T02:30:00+00:00,50783.47,50793.97,50752.47,50767.97,2618
2026-06-10T02:45:00+00:00,50767.97,50788.97,50733.97,50741.97,2399
2026-06-10T03:00:00+00:00,50741.97,50785.97,50740.47,50775.97,2427
2026-06-10T03:15:00+00:00,50775.97,50788.97,50751.97,50756.97,1954
2026-06-10T03:30:00+00:00,50756.97,50761.97,50714.47,50716.47,2222
2026-06-10T03:45:00+00:00,50716.47,50734.47,50714.97,50726.97,1866
2026-06-10T04:00:00+00:00,50726.97,50734.47,50689.97,50696.47,1739
2026-06-10T04:15:00+00:00,50696.47,50715.97,50686.97,50687.97,2269
2026-06-10T04:30:00+00:00,50687.97,50695.47,50672.97,50675.97,1770
2026-06-10T04:45:00+00:00,50675.97,50690.97,50661.97,50665.97,2001
2026-06-10T05:00:00+00:00,50665.97,50692.97,50660.47,50675.97,1990
2026-06-10T05:15:00+00:00,50675.97,50733.97,50658.47,50731.97,2371
2026-06-10T05:30:00+00:00,50731.97,50753.97,50695.97,50718.97,3979
2026-06-10T05:45:00+00:00,50718.97,50743.97,50693.97,50741.97,2704
2026-06-10T06:00:00+00:00,50741.97,50773.47,50739.97,50761.97,2879
2026-06-10T06:15:00+00:00,50761.97,50765.97,50719.97,50729.47,1815
2026-06-10T06:30:00+00:00,50729.47,50754.47,50714.97,50737.97,1877
2026-06-10T06:45:00+00:00,50737.97,50741.47,50691.47,50698.47,1233
2026-06-10T07:00:00+00:00,50698.47,50716.47,50673.97,50704.97,3571
2026-06-10T07:15:00+00:00,50704.97,50722.97,50652.97,50665.97,3265
2026-06-10T07:30:00+00:00,50665.97,50694.97,50650.97,50660.97,3283
2026-06-10T07:45:00+00:00,50660.97,50669.97,50639.47,50664.97,3300
2026-06-10T08:00:00+00:00,50664.97,50670.97,50594.97,50611.97,6208
2026-06-10T08:15:00+00:00,50611.97,50620.47,50564.97,50586.97,5134
2026-06-10T08:30:00+00:00,50586.97,50591.47,50510.47,50516.97,4155
2026-06-10T08:45:00+00:00,50516.97,50544.47,50466.47,50497.97,5667
2026-06-10T09:00:00+00:00,50497.97,50509.97,50419.47,50421.97,5827
2026-06-10T09:15:00+00:00,50421.97,50496.97,50384.47,50487.97,5455
2026-06-10T09:30:00+00:00,50487.97,50511.97,50434.47,50449.47,4675
2026-06-10T09:45:00+00:00,50449.47,50496.47,50431.47,50489.97,4167
2026-06-10T10:00:00+00:00,50489.97,50492.97,50439.97,50449.97,3715
2026-06-10T10:15:00+00:00,50449.97,50472.97,50382.97,50464.97,4233
2026-06-10T10:30:00+00:00,50464.97,50495.47,50435.97,50493.97,3755
2026-06-10T10:45:00+00:00,50493.97,50511.97,50429.97,50473.97,4140
2026-06-10T11:00:00+00:00,50473.97,50499.97,50220.97,50374.47,13126
2026-06-10T11:15:00+00:00,50374.47,50450.97,50242.47,50350.97,12805
2026-06-10T11:30:00+00:00,50350.97,50367.97,50288.97,50326.97,8136
2026-06-10T11:45:00+00:00,50326.97,50414.97,50311.97,50389.97,6082
2026-06-10T12:00:00+00:00,50389.97,50478.97,50367.47,50435.97,7066
2026-06-10T12:15:00+00:00,50435.97,50489.97,50392.97,50476.72,8221
2026-06-10T12:30:00+00:00,50476.72,50653.97,50429.72,50585.47,18763
2026-06-10T12:45:00+00:00,50585.47,50642.97,50568.47,50571.47,11395
2026-06-10T13:00:00+00:00,50571.47,50588.97,50516.97,50552.97,8098
2026-06-10T13:15:00+00:00,50552.97,50609.47,50542.47,50606.97,5621
2026-06-10T13:30:00+00:00,50606.97,50668.32,50443.32,50661.32,45619
2026-06-10T13:45:00+00:00,50661.32,50733.82,50597.82,50638.82,35319
2026-06-10T14:00:00+00:00,50638.82,50705.32,50598.82,50655.82,26867
2026-06-10T14:15:00+00:00,50655.82,50691.82,50573.82,50601.82,24461
2026-06-10T14:30:00+00:00,50601.82,50610.82,50487.82,50487.82,24685
2026-06-10T14:45:00+00:00,50487.82,50500.82,50314.32,50343.82,33172
2026-06-10T15:00:00+00:00,50343.82,50454.32,50282.82,50286.82,30490
2026-06-10T15:15:00+00:00,50286.82,50365.32,50235.82,50298.82,30216
2026-06-10T15:30:00+00:00,50298.82,50330.82,50193.82,50303.82,27547
2026-06-10T15:45:00+00:00,50303.82,50345.32,50101.82,50278.82,40425
2026-06-10T16:00:00+00:00,50278.82,50305.82,50185.82,50223.32,23786
2026-06-10T16:15:00+00:00,50223.32,50261.82,50197.32,50234.82,19855
2026-06-10T16:30:00+00:00,50234.82,50316.82,50190.82,50233.82,19472
2026-06-10T16:45:00+00:00,50233.82,50248.32,50158.32,50220.82,19469
2026-06-10T17:00:00+00:00,50220.82,50268.32,50121.82,50134.32,19605
2026-06-10T17:15:00+00:00,50134.32,50186.82,50111.82,50168.82,18725
2026-06-10T17:30:00+00:00,50168.82,50168.82,50039.32,50048.82,18288
2026-06-10T17:45:00+00:00,50048.82,50208.82,50047.32,50197.32,24868
2026-06-10T18:00:00+00:00,50197.32,50290.32,50197.32,50227.82,17700
2026-06-10T18:15:00+00:00,50227.82,50257.32,50141.82,50153.32,17374
2026-06-10T18:30:00+00:00,50153.32,50155.82,50074.32,50094.82,16075
2026-06-10T18:45:00+00:00,50094.82,50106.82,50024.82,50066.82,15830
2026-06-10T19:00:00+00:00,50066.82,50071.82,50001.82,50018.82,16646
2026-06-10T19:15:00+00:00,50018.82,50042.32,49947.82,49957.82,15554
2026-06-10T19:30:00+00:00,49957.82,50020.82,49939.82,50009.82,19223
2026-06-10T19:45:00+00:00,50009.82,50040.32,49874.82,49882.32,19979
2026-06-10T20:00:00+00:00,49882.32,49894.97,49818.47,49853.97,7510
2026-06-10T20:15:00+00:00,49853.97,49859.97,49826.97,49849.47,3005
2026-06-10T20:30:00+00:00,49849.47,49849.47,49805.47,49808.47,1752
2026-06-10T20:45:00+00:00,49808.47,49830.72,49782.97,49830.72,2696
2026-06-10T22:00:00+00:00,49830.72,49830.72,49743.27,49804.02,3889
2026-06-10T22:15:00+00:00,49804.02,49832.02,49790.52,49831.52,3348
2026-06-10T22:30:00+00:00,49831.52,49854.52,49787.27,49818.02,3172
2026-06-10T22:45:00+00:00,49818.02,49845.52,49718.02,49719.02,5043
2026-06-10T23:00:00+00:00,49719.02,49765.02,49676.52,49678.02,5609.3575674985095
2026-06-10T23:15:00+00:00,49678.02,49817.52,49667.52,49807.52,9130
2026-06-10T23:30:00+00:00,49807.52,49826.02,49735.52,49805.52,4056
2026-06-10T23:45:00+00:00,49805.52,49814.52,49734.52,49745.02,4537
2026-06-11T00:00:00+00:00,49745.02,49797.52,49736.02,49772.02,10374
2026-06-11T00:15:00+00:00,49772.02,49887.02,49772.02,49811.02,15311
2026-06-11T00:30:00+00:00,49811.02,49842.02,49760.52,49797.02,9240
2026-06-11T00:45:00+00:00,49797.02,49871.02,49796.52,49852.02,7213
2026-06-11T01:00:00+00:00,49852.02,50005.52,49850.02,49997.02,8187
2026-06-11T01:15:00+00:00,49997.02,50013.52,49970.02,49984.02,6986
2026-06-11T01:30:00+00:00,49984.02,49987.52,49940.52,49950.52,4822
2026-06-11T01:45:00+00:00,49950.52,49952.02,49893.02,49913.02,3915
2026-06-11T02:00:00+00:00,49913.02,49966.02,49910.52,49931.02,5512
2026-06-11T02:15:00+00:00,49931.02,49949.52,49882.02,49901.52,5136
2026-06-11T02:30:00+00:00,49901.52,49917.02,49871.52,49902.02,5628
2026-06-11T02:45:00+00:00,49902.02,49943.02,49890.02,49932.02,4242
2026-06-11T03:00:00+00:00,49932.02,49961.52,49905.02,49915.02,3999
2026-06-11T03:15:00+00:00,49915.02,49936.02,49900.02,49932.52,3932
2026-06-11T03:30:00+00:00,49932.52,49984.02,49928.02,49983.52,4289
2026-06-11T03:45:00+00:00,49983.52,50022.02,49975.52,50013.52,3134
2026-06-11T04:00:00+00:00,50013.52,50019.52,50000.52,50010.02,2737
2026-06-11T04:15:00+00:00,50010.02,50036.52,49997.52,50030.52,3223
2026-06-11T04:30:00+00:00,50030.52,50089.52,50025.02,50081.02,2887
2026-06-11T04:45:00+00:00,50081.02,50092.52,50048.52,50067.02,2460
2026-06-11T05:00:00+00:00,50067.02,50072.02,50031.02,50040.02,3211
2026-06-11T05:15:00+00:00,50040.02,50053.02,50023.52,50037.02,2557
2026-06-11T05:30:00+00:00,50037.02,50058.52,50025.52,50053.52,3469
2026-06-11T05:45:00+00:00,50053.52,50070.02,50042.02,50056.52,2836
2026-06-11T06:00:00+00:00,50056.52,50058.52,49959.02,50030.52,5935
2026-06-11T06:15:00+00:00,50030.52,50051.52,50013.02,50028.02,3478
2026-06-11T06:30:00+00:00,50028.02,50077.52,50017.52,50063.52,3017
2026-06-11T06:45:00+00:00,50063.52,50097.02,50054.02,50090.02,2534
2026-06-11T07:00:00+00:00,50090.02,50134.52,50090.02,50130.52,5052
2026-06-11T07:15:00+00:00,50130.52,50217.02,50123.02,50197.02,4706
2026-06-11T07:30:00+00:00,50197.02,50231.52,50190.52,50213.02,3716
2026-06-11T07:45:00+00:00,50213.02,50220.02,50180.52,50200.52,3153
2026-06-11T08:00:00+00:00,50200.52,50250.02,50179.52,50241.02,4760
2026-06-11T08:15:00+00:00,50241.02,50246.52,50185.02,50197.52,3375
2026-06-11T08:30:00+00:00,50197.52,50231.52,50191.52,50221.52,2606
2026-06-11T08:45:00+00:00,50221.52,50255.02,50220.52,50249.02,2370
2026-06-11T09:00:00+00:00,50249.02,50251.52,50227.52,50249.02,2430
2026-06-11T09:15:00+00:00,50249.02,50284.52,50246.52,50270.52,2065
2026-06-11T09:30:00+00:00,50270.52,50305.52,50264.02,50292.52,2080
2026-06-11T09:45:00+00:00,50292.52,50316.02,50282.52,50291.52,2001
2026-06-11T10:00:00+00:00,50291.52,50307.52,50247.02,50262.52,2523
2026-06-11T10:15:00+00:00,50262.52,50273.52,50232.02,50234.52,1971
2026-06-11T10:30:00+00:00,50234.52,50267.52,50234.02,50255.52,1832
2026-06-11T10:45:00+00:00,50255.52,50274.02,50248.02,50250.02,1598
2026-06-11T11:00:00+00:00,50250.02,50255.02,50204.02,50227.52,3002
2026-06-11T11:15:00+00:00,50227.52,50251.52,50213.52,50238.52,3101
2026-06-11T11:30:00+00:00,50238.52,50307.52,50232.52,50287.02,5006
2026-06-11T11:45:00+00:00,50287.02,50308.52,50254.52,50300.52,2299
2026-06-11T12:00:00+00:00,50300.52,50307.02,50261.02,50288.02,2543
2026-06-11T12:15:00+00:00,50288.02,50288.02,50047.02,50121.02,16335
2026-06-11T12:30:00+00:00,50121.02,50161.02,50034.02,50116.52,14163
2026-06-11T12:45:00+00:00,50116.52,50196.52,50100.02,50175.02,11363
2026-06-11T13:00:00+00:00,50175.02,50179.02,50109.02,50134.52,7559
2026-06-11T13:15:00+00:00,50134.52,50197.02,50121.02,50178.02,5240
2026-06-11T13:30:00+00:00,50178.02,50210.869999999995,50070.869999999995,50077.869999999995,41417
2026-06-11T13:45:00+00:00,50077.869999999995,50360.369999999995,50061.869999999995,50255.369999999995,40497
2026-06-11T14:00:00+00:00,50255.369999999995,50299.869999999995,50092.869999999995,50097.869999999995,35098
2026-06-11T14:15:00+00:00,50097.869999999995,50240.369999999995,50045.869999999995,50183.869999999995,39985
2026-06-11T14:30:00+00:00,50183.869999999995,50261.369999999995,50136.869999999995,50204.369999999995,31763
2026-06-11T14:45:00+00:00,50204.369999999995,50238.869999999995,50054.77,50078.369999999995,28568
2026-06-11T15:00:00+00:00,50078.369999999995,50207.869999999995,50008.369999999995,50176.869999999995,31212
2026-06-11T15:15:00+00:00,50176.869999999995,50254.869999999995,50108.77,50185.869999999995,25919
2026-06-11T15:30:00+00:00,50185.869999999995,50283.869999999995,50137.869999999995,50197.369999999995,25621
2026-06-11T15:45:00+00:00,50197.369999999995,50216.369999999995,50121.369999999995,50195.869999999995,21607
2026-06-11T16:00:00+00:00,50195.869999999995,50314.869999999995,50169.869999999995,50313.369999999995,20100
2026-06-11T16:15:00+00:00,50313.369999999995,50327.869999999995,50189.869999999995,50194.369999999995,18559
2026-06-11T16:30:00+00:00,50194.369999999995,50305.869999999995,50157.369999999995,50249.369999999995,19223
2026-06-11T16:45:00+00:00,50249.369999999995,50268.869999999995,50140.369999999995,50142.369999999995,15850
2026-06-11T17:00:00+00:00,50142.369999999995,50194.369999999995,50095.869999999995,50143.369999999995,19152
2026-06-11T17:15:00+00:00,50143.369999999995,50566.369999999995,50073.369999999995,50543.369999999995,21774
2026-06-11T17:30:00+00:00,50543.369999999995,50785.869999999995,50503.369999999995,50753.369999999995,58722
2026-06-11T17:45:00+00:00,50753.369999999995,50772.369999999995,50593.869999999995,50677.369999999995,30649
2026-06-11T18:00:00+00:00,50677.369999999995,50718.869999999995,50545.369999999995,50640.869999999995,27444
2026-06-11T18:15:00+00:00,50640.869999999995,50715.369999999995,50594.369999999995,50641.869999999995,23000
2026-06-11T18:30:00+00:00,50641.869999999995,50698.369999999995,50630.869999999995,50684.369999999995,14663
2026-06-11T18:45:00+00:00,50684.369999999995,50753.869999999995,50679.369999999995,50718.869999999995,12306
2026-06-11T19:00:00+00:00,50718.869999999995,50794.869999999995,50697.369999999995,50758.369999999995,16059
2026-06-11T19:15:00+00:00,50758.369999999995,50820.869999999995,50735.869999999995,50803.869999999995,11787
2026-06-11T19:30:00+00:00,50803.869999999995,50927.369999999995,50801.369999999995,50910.369999999995,18838
2026-06-11T19:45:00+00:00,50910.369999999995,50910.369999999995,50762.369999999995,50782.369999999995,14947
2026-06-11T20:00:00+00:00,50782.369999999995,50858.02,50768.52,50858.02,6583
2026-06-11T20:15:00+00:00,50858.02,50875.52,50829.02,50840.52,3529
2026-06-11T20:30:00+00:00,50840.52,50845.02,50791.02,50793.52,2600
2026-06-11T20:45:00+00:00,50793.52,50828.52,50782.02,50823.27,2233
2026-06-11T22:00:00+00:00,50823.27,50889,50805.75,50887,3721
2026-06-11T22:15:00+00:00,50887,50906,50861,50868,5087
2026-06-11T22:30:00+00:00,50868,50871,50847.5,50852,3131
2026-06-11T22:45:00+00:00,50852,50870,50842,50860.5,3739
2026-06-11T23:00:00+00:00,50860.5,50864,50838.5,50850,3034
2026-06-11T23:15:00+00:00,50850,50867,50824.75,50843,4028
2026-06-11T23:30:00+00:00,50843,50875,50838.75,50871,3772
2026-06-11T23:45:00+00:00,50871,50903,50867,50875.5,4672
2026-06-12T00:00:00+00:00,50875.5,50881.5,50816,50843,14731
2026-06-12T00:15:00+00:00,50843,50866.5,50817.5,50848,11327
2026-06-12T00:30:00+00:00,50848,50868.5,50813,50818,6766
2026-06-12T00:45:00+00:00,50818,50838.5,50802,50826,9033
2026-06-12T01:00:00+00:00,50826,50826,50783.75,50812,6951
2026-06-12T01:15:00+00:00,50812,50819.5,50763.75,50777.5,6717
2026-06-12T01:30:00+00:00,50777.5,50810,50764,50791.5,9406
2026-06-12T01:45:00+00:00,50791.5,50846,50790.75,50838,6805
2026-06-12T02:00:00+00:00,50838,50862,50838,50844.5,6152
2026-06-12T02:15:00+00:00,50844.5,50856.5,50823,50826.5,5688
2026-06-12T02:30:00+00:00,50826.5,50854,50825,50848.5,5770
2026-06-12T02:45:00+00:00,50848.5,50857.5,50833.5,50838,4821
2026-06-12T03:00:00+00:00,50838,50846.5,50801,50803.5,5815
2026-06-12T03:15:00+00:00,50803.5,50814.5,50785,50807.5,5983
2026-06-12T03:30:00+00:00,50807.5,50839,50801.5,50829.5,6671
2026-06-12T03:45:00+00:00,50829.5,50838.5,50803.75,50835,6600
2026-06-12T04:00:00+00:00,50835,50837,50796,50813,5241
2026-06-12T04:15:00+00:00,50813,50841.5,50797.75,50836.5,4690
2026-06-12T04:30:00+00:00,50836.5,50854.5,50829,50847.5,3150
2026-06-12T04:45:00+00:00,50847.5,50856.5,50837.75,50845.5,3179
2026-06-12T05:00:00+00:00,50845.5,50858,50812.75,50843,4559
2026-06-12T05:15:00+00:00,50843,50858.5,50838,50854,5766
2026-06-12T05:30:00+00:00,50854,50854.5,50799.5,50828.5,11046
2026-06-12T05:45:00+00:00,50828.5,50831.5,50765,50805,11442
2026-06-12T06:00:00+00:00,50805,50865.5,50804,50848,13062
2026-06-12T06:15:00+00:00,50848,50855.5,50826,50832,8151
2026-06-12T06:30:00+00:00,50832,50835,50781.75,50794,6787
2026-06-12T06:45:00+00:00,50794,50808,50780.5,50798,6487
2026-06-12T07:00:00+00:00,50798,50808.5,50756.5,50772,11525
2026-06-12T07:15:00+00:00,50772,50781.5,50749.5,50774.5,9726
2026-06-12T07:30:00+00:00,50774.5,50828.5,50764.5,50825,9702
2026-06-12T07:45:00+00:00,50825,50953,50802.75,50889.5,8367
2026-06-12T08:00:00+00:00,50889.5,51034,50882.75,51016,14401
2026-06-12T08:15:00+00:00,51016,51127.5,50997,51091,19185
2026-06-12T08:30:00+00:00,51091,51111.5,51002,51034.5,10795
2026-06-12T08:45:00+00:00,51034.5,51076,51005,51054,7855
2026-06-12T09:00:00+00:00,51054,51113.5,51051,51112,6695
2026-06-12T09:15:00+00:00,51112,51168.5,51107.75,51156,11650
2026-06-12T09:30:00+00:00,51156,51264,51150,51241,10742
2026-06-12T09:45:00+00:00,51241,51252,51184.5,51188.5,6489
2026-06-12T10:00:00+00:00,51188.5,51214.5,51110.75,51135,7465
2026-06-12T10:15:00+00:00,51135,51137.5,51013,51029,12292
2026-06-12T10:30:00+00:00,51029,51079.5,51015.75,51056.5,9961
2026-06-12T10:45:00+00:00,51056.5,51068,51024.75,51054,8101
2026-06-12T11:00:00+00:00,51054,51093,51031,51086,8620
2026-06-12T11:15:00+00:00,51086,51142.5,51072,51131.5,9397
2026-06-12T11:30:00+00:00,51131.5,51148,51090.5,51143.5,8553
2026-06-12T11:45:00+00:00,51143.5,51192.5,51133,51159.5,8434
2026-06-12T12:00:00+00:00,51159.5,51171,51088.5,51105.5,9223
2026-06-12T12:15:00+00:00,51105.5,51124,51069,51081.5,9583
2026-06-12T12:30:00+00:00,51081.5,51099.5,51003.5,51019,9272
2026-06-12T12:45:00+00:00,51019,51045,50915.5,50954,14803
2026-06-12T13:00:00+00:00,50954,51055,50935.5,51053.5,14507
2026-06-12T13:15:00+00:00,51053.5,51125.5,51042,51125,5825
2026-06-12T13:30:00+00:00,51125,51174.35,50794.75,50831.85,54313
2026-06-12T13:45:00+00:00,50831.85,50876.35,50769.35,50831.85,45812
2026-06-12T14:00:00+00:00,50831.85,51032.35,50792.85,50908.85,30990
2026-06-12T14:15:00+00:00,50908.85,51025.35,50897.35,50990.85,31538
2026-06-12T14:30:00+00:00,50990.85,51086.35,50966.85,50975.85,31355
2026-06-12T14:45:00+00:00,50975.85,51293.35,50936.35,51269.35,44867
2026-06-12T15:00:00+00:00,51269.35,51335.85,51244.35,51291.85,26775
2026-06-12T15:15:00+00:00,51291.85,51359.85,51246.35,51320.35,18605
2026-06-12T15:30:00+00:00,51320.35,51325.85,51152.35,51165.35,24027
2026-06-12T15:45:00+00:00,51165.35,51219.85,51033.35,51050.35,28738
2026-06-12T16:00:00+00:00,51050.35,51212.85,50979.85,51134.35,29207
2026-06-12T16:15:00+00:00,51134.35,51204.35,51051.35,51087.85,25636
2026-06-12T16:30:00+00:00,51087.85,51144.35,51055.35,51086.85,21315
2026-06-12T16:45:00+00:00,51086.85,51157.35,51070.75,51136.85,19733
2026-06-12T17:00:00+00:00,51136.85,51228.35,51128.85,51182.85,19822
2026-06-12T17:15:00+00:00,51182.85,51239.35,51164.35,51188.35,13921
2026-06-12T17:30:00+00:00,51188.35,51196.85,51142.35,51170.35,16179
2026-06-12T17:45:00+00:00,51170.35,51202.35,51135.35,51150.35,13361
2026-06-12T18:00:00+00:00,51150.35,51197.85,51104.75,51152.35,18920
2026-06-12T18:15:00+00:00,51152.35,51181.35,51127.35,51172.85,15946
2026-06-12T18:30:00+00:00,51172.85,51238.35,51168.35,51232.85,11391
2026-06-12T18:45:00+00:00,51232.85,51243.35,51164.85,51168.35,14050
2026-06-12T19:00:00+00:00,51168.35,51219.85,51158.35,51172.35,13686
2026-06-12T19:15:00+00:00,51172.35,51194.35,51146.85,51169.85,13071
2026-06-12T19:30:00+00:00,51169.85,51179.85,51085.85,51126.85,19443
2026-06-12T19:45:00+00:00,51126.85,51172.85,51104.35,51138.85,14674
2026-06-12T20:00:00+00:00,51138.85,51194.5,51137,51190.5,5974
2026-06-12T20:15:00+00:00,51190.5,51257.76,51183.5,51236.26,2053
2026-06-12T20:30:00+00:00,51236.26,51247.26,51220.51,51220.51,1905
2026-06-14T22:00:00+00:00,51220.51,51583.33,51220.51,51546.83,2067
2026-06-14T22:15:00+00:00,51546.83,51555.33,51483.08,51491.83,8145
2026-06-14T22:30:00+00:00,51491.83,51497.83,51460.33,51475.83,8251
2026-06-14T22:45:00+00:00,51475.83,51524.33,51471.33,51498.33,5240
2026-06-14T23:00:00+00:00,51498.33,51520.33,51476.83,51479.33,5779
2026-06-14T23:15:00+00:00,51479.33,51487.33,51435.08,51479.83,5992
2026-06-14T23:30:00+00:00,51479.83,51527.83,51478.33,51511.83,3804
2026-06-14T23:45:00+00:00,51511.83,51536.33,51483.08,51531.83,7720
2026-06-15T00:00:00+00:00,51531.83,51581.33,51517.33,51568.83,13119
2026-06-15T00:15:00+00:00,51568.83,51586.33,51551.83,51574.33,8920
2026-06-15T00:30:00+00:00,51574.33,51592.33,51564.33,51580.33,4557
2026-06-15T00:45:00+00:00,51580.33,51589.33,51566.33,51580.33,4599
2026-06-15T01:00:00+00:00,51580.33,51615.33,51570.33,51604.33,6757
2026-06-15T01:15:00+00:00,51604.33,51623.33,51596.83,51614.83,5668
2026-06-15T01:30:00+00:00,51614.83,51626.83,51597.83,51609.83,7243
2026-06-15T01:45:00+00:00,51609.83,51613.33,51589.33,51596.83,4368
2026-06-15T02:00:00+00:00,51596.83,51629.83,51596.33,51623.33,8549
2026-06-15T02:15:00+00:00,51623.33,51641.33,51622.83,51634.83,2839
2026-06-15T02:30:00+00:00,51634.83,51651.33,51622.83,51642.33,3122
2026-06-15T02:45:00+00:00,51642.33,51660.33,51639.83,51657.33,2402
2026-06-15T03:00:00+00:00,51657.33,51657.33,51633.08,51645.33,2218
2026-06-15T03:15:00+00:00,51645.33,51662.33,51639.08,51650.33,1676
2026-06-15T03:30:00+00:00,51650.33,51655.83,51629.33,51639.33,2564
2026-06-15T03:45:00+00:00,51639.33,51651.83,51632.83,51641.83,2647
2026-06-15T04:00:00+00:00,51641.83,51646.83,51626.83,51633.83,2060
2026-06-15T04:15:00+00:00,51633.83,51654.33,51631.33,51653.33,2797
2026-06-15T04:30:00+00:00,51653.33,51660.33,51644.33,51658.33,3016
2026-06-15T04:45:00+00:00,51658.33,51698.33,51653.33,51694.83,2024
2026-06-15T05:00:00+00:00,51694.83,51712.33,51685.33,51704.33,2800
2026-06-15T05:15:00+00:00,51704.33,51733.83,51700.33,51730.33,1968
2026-06-15T05:30:00+00:00,51730.33,51744.33,51715.83,51727.33,3697
2026-06-15T05:45:00+00:00,51727.33,51735.83,51705.83,51727.33,4132
2026-06-15T06:00:00+00:00,51727.33,51737.83,51706.33,51711.83,4308
2026-06-15T06:15:00+00:00,51711.83,51748.33,51688.33,51728.33,4702
2026-06-15T06:30:00+00:00,51728.33,51730.83,51689.83,51699.83,4930
2026-06-15T06:45:00+00:00,51699.83,51711.83,51679.83,51690.83,5212
2026-06-15T07:00:00+00:00,51690.83,51719.33,51665.83,51711.33,6888
2026-06-15T07:15:00+00:00,51711.33,51743.83,51707.33,51725.83,6667
2026-06-15T07:30:00+00:00,51725.83,51747.83,51707.83,51729.33,4631
2026-06-15T07:45:00+00:00,51729.33,51731.83,51681.33,51684.33,5215
2026-06-15T08:00:00+00:00,51684.33,51719.33,51647.33,51650.83,9322
2026-06-15T08:15:00+00:00,51650.83,51675.33,51625.83,51673.83,7628
2026-06-15T08:30:00+00:00,51673.83,51684.83,51637.83,51677.83,5207
2026-06-15T08:45:00+00:00,51677.83,51691.83,51644.83,51669.83,4252
2026-06-15T09:00:00+00:00,51669.83,51705.33,51661.83,51666.33,4085
2026-06-15T09:15:00+00:00,51666.33,51672.33,51620.33,51624.83,3650
2026-06-15T09:30:00+00:00,51624.83,51637.83,51607.33,51609.33,4188
2026-06-15T09:45:00+00:00,51609.33,51624.83,51600.33,51609.33,4440
2026-06-15T10:00:00+00:00,51609.33,51633.83,51601.83,51626.83,3656
2026-06-15T10:15:00+00:00,51626.83,51642.33,51611.33,51638.33,3264
2026-06-15T10:30:00+00:00,51638.33,51643.33,51609.83,51633.33,3808
2026-06-15T10:45:00+00:00,51633.33,51652.33,51626.33,51644.33,3942
2026-06-15T11:00:00+00:00,51644.33,51704.33,51635.33,51700.83,5055
2026-06-15T11:15:00+00:00,51700.83,51740.33,51688.33,51724.33,3818
2026-06-15T11:30:00+00:00,51724.33,51743.33,51677.83,51681.83,6220
2026-06-15T11:45:00+00:00,51681.83,51714.33,51669.33,51685.33,6563
2026-06-15T12:00:00+00:00,51685.33,51705.33,51670.33,51685.08,7936
2026-06-15T12:15:00+00:00,51685.08,51697.33,51644.33,51661.33,9002
2026-06-15T12:30:00+00:00,51661.33,51739.33,51658.08,51727.83,7778
2026-06-15T12:45:00+00:00,51727.83,51766.83,51709.83,51766.83,4065
2026-06-15T13:00:00+00:00,51766.83,51781.33,51747.33,51780.33,3661
2026-06-15T13:15:00+00:00,51780.33,51822.83,51769.83,51812.33,3527
2026-06-15T13:30:00+00:00,51812.33,51897.68,51723.68,51762.18,37087
2026-06-15T13:45:00+00:00,51762.18,51862.68,51713.68,51838.18,26062
2026-06-15T14:00:00+00:00,51838.18,51840.68,51717.68,51743.18,22398
2026-06-15T14:15:00+00:00,51743.18,51842.68,51726.18,51817.68,18691
2026-06-15T14:30:00+00:00,51817.68,51835.18,51768.18,51832.68,16442
2026-06-15T14:45:00+00:00,51832.68,51882.18,51832.68,51863.18,12165
2026-06-15T15:00:00+00:00,51863.18,51909.68,51860.68,51896.68,10609
2026-06-15T15:15:00+00:00,51896.68,51908.68,51845.18,51863.68,8763
2026-06-15T15:30:00+00:00,51863.68,51906.18,51850.18,51896.68,9602
2026-06-15T15:45:00+00:00,51896.68,51952.68,51896.68,51932.18,7623
2026-06-15T16:00:00+00:00,51932.18,51956.68,51909.18,51936.18,6848
2026-06-15T16:15:00+00:00,51936.18,51969.68,51927.68,51958.18,6608
2026-06-15T16:30:00+00:00,51958.18,51966.18,51901.18,51908.68,6612
2026-06-15T16:45:00+00:00,51908.68,51942.68,51906.68,51928.68,5984
2026-06-15T17:00:00+00:00,51928.68,51942.68,51882.18,51937.68,8093
2026-06-15T17:15:00+00:00,51937.68,51969.18,51932.68,51946.18,5071
2026-06-15T17:30:00+00:00,51946.18,51956.18,51898.68,51906.18,4727
2026-06-15T17:45:00+00:00,51906.18,51907.68,51850.18,51863.18,5199
2026-06-15T18:00:00+00:00,51863.18,51868.68,51818.18,51851.68,7437
2026-06-15T18:15:00+00:00,51851.68,51861.68,51805.68,51808.68,5042
2026-06-15T18:30:00+00:00,51808.68,51845.68,51784.18,51824.68,5214
2026-06-15T18:45:00+00:00,51824.68,51838.68,51801.68,51810.18,5035
2026-06-15T19:00:00+00:00,51810.18,51839.18,51789.18,51837.68,5800
2026-06-15T19:15:00+00:00,51837.68,51856.18,51787.18,51787.68,5921
2026-06-15T19:30:00+00:00,51787.68,51815.18,51764.68,51779.18,7781
2026-06-15T19:45:00+00:00,51779.18,51805.18,51676.18,51741.68,13957
2026-06-15T20:00:00+00:00,51741.68,51751.33,51721.33,51742.33,3894
2026-06-15T20:15:00+00:00,51742.33,51742.33,51709.83,51724.33,3177
2026-06-15T20:30:00+00:00,51724.33,51750.33,51723.33,51743.33,2117
2026-06-15T20:45:00+00:00,51743.33,51789.08,51712.33,51748.08,3399
2026-06-15T22:00:00+00:00,51748.08,51759.68,51719.93,51741.18,458
2026-06-15T22:15:00+00:00,51741.18,51741.68,51687.93,51717.68,515
2026-06-15T22:30:00+00:00,51717.68,51728.18,51710.93,51717.68,274
2026-06-15T22:45:00+00:00,51717.68,51718.68,51692.93,51699.68,471
2026-06-15T23:00:00+00:00,51699.68,51701.68,51675.18,51678.68,465
2026-06-15T23:15:00+00:00,51678.68,51714.68,51678.18,51708.18,578
2026-06-15T23:30:00+00:00,51708.18,51708.18,51679.93,51696.68,369
2026-06-15T23:45:00+00:00,51696.68,51706.68,51686.93,51703.18,482
2026-06-16T00:00:00+00:00,51703.18,51714.68,51682.93,51702.93,693
2026-06-16T00:15:00+00:00,51702.93,51722.68,51699.93,51721.68,827
2026-06-16T00:30:00+00:00,51721.68,51738.18,51701.68,51710.18,7750
2026-06-16T00:45:00+00:00,51710.18,51723.68,51700.18,51719.68,9053
2026-06-16T01:00:00+00:00,51719.68,51737.18,51713.68,51721.68,8277
2026-06-16T01:15:00+00:00,51721.68,51745.68,51716.68,51728.93,6657
2026-06-16T01:30:00+00:00,51728.93,51737.18,51713.18,51715.18,4925
2026-06-16T01:45:00+00:00,51715.18,51726.68,51710.68,51721.18,4194
2026-06-16T02:00:00+00:00,51721.18,51729.18,51711.68,51721.18,5127
2026-06-16T02:15:00+00:00,51721.18,51742.68,51721.18,51738.18,2919
2026-06-16T02:30:00+00:00,51738.18,51751.18,51737.18,51744.18,1835
2026-06-16T02:45:00+00:00,51744.18,51750.68,51730.68,51739.18,2358
2026-06-16T03:00:00+00:00,51739.18,51755.68,51736.68,51739.68,2771
2026-06-16T03:15:00+00:00,51739.68,51765.68,51737.68,51755.68,3873
2026-06-16T03:30:00+00:00,51755.68,51769.18,51743.18,51766.18,4781
2026-06-16T03:45:00+00:00,51766.18,51766.68,51734.68,51742.18,4196
2026-06-16T04:00:00+00:00,51742.18,51744.18,51725.68,51727.68,3100
2026-06-16T04:15:00+00:00,51727.68,51737.18,51722.68,51725.68,1822
2026-06-16T04:30:00+00:00,51725.68,51739.68,51721.68,51731.18,2592
2026-06-16T04:45:00+00:00,51731.18,51733.68,51709.18,51725.68,3240
2026-06-16T05:00:00+00:00,51725.68,51771.18,51725.68,51765.18,2709
2026-06-16T05:15:00+00:00,51765.18,51778.18,51745.68,51748.18,2789
2026-06-16T05:30:00+00:00,51748.18,51752.18,51715.68,51733.18,4793
2026-06-16T05:45:00+00:00,51733.18,51746.68,51731.68,51738.18,3277
2026-06-16T06:00:00+00:00,51738.18,51772.68,51729.68,51769.68,4264
2026-06-16T06:15:00+00:00,51769.68,51774.68,51752.18,51766.68,2980
2026-06-16T06:30:00+00:00,51766.68,51772.18,51754.68,51763.68,5035
2026-06-16T06:45:00+00:00,51763.68,51772.68,51755.18,51770.68,2864
2026-06-16T07:00:00+00:00,51770.68,51797.68,51770.68,51794.68,6193
2026-06-16T07:15:00+00:00,51794.68,51814.18,51786.68,51811.68,4143
2026-06-16T07:30:00+00:00,51811.68,51833.68,51799.68,51800.68,5305
2026-06-16T07:45:00+00:00,51800.68,51807.18,51778.68,51799.68,5910
2026-06-16T08:00:00+00:00,51799.68,51833.18,51791.18,51802.18,6804
2026-06-16T08:15:00+00:00,51802.18,51805.18,51775.18,51776.68,6686
2026-06-16T08:30:00+00:00,51776.68,51790.18,51755.68,51771.18,6552
2026-06-16T08:45:00+00:00,51771.18,51772.68,51748.68,51761.18,6064
2026-06-16T09:00:00+00:00,51761.18,51786.68,51754.93,51778.18,3464
2026-06-16T09:15:00+00:00,51778.18,51780.68,51747.18,51763.18,3638
2026-06-16T09:30:00+00:00,51763.18,51772.18,51741.18,51745.68,4023
2026-06-16T09:45:00+00:00,51745.68,51755.18,51726.68,51753.18,4600
2026-06-16T10:00:00+00:00,51753.18,51790.18,51753.18,51785.68,2443
2026-06-16T10:15:00+00:00,51785.68,51786.68,51759.68,51777.68,2589
2026-06-16T10:30:00+00:00,51777.68,51784.18,51764.18,51769.68,3179
2026-06-16T10:45:00+00:00,51769.68,51787.18,51759.68,51785.68,3158
2026-06-16T11:00:00+00:00,51785.68,51789.18,51747.18,51752.18,5346
2026-06-16T11:15:00+00:00,51752.18,51772.68,51747.18,51771.68,4687
2026-06-16T11:30:00+00:00,51771.68,51780.68,51754.18,51774.68,3743
2026-06-16T11:45:00+00:00,51774.68,51786.18,51750.18,51765.68,2742
2026-06-16T12:00:00+00:00,51765.68,51806.68,51756.68,51796.68,3387
2026-06-16T12:15:00+00:00,51796.68,51810.68,51780.68,51809.18,10388
2026-06-16T12:30:00+00:00,51809.18,51836.68,51803.93,51824.18,9390
2026-06-16T12:45:00+00:00,51824.18,51871.18,51819.68,51850.68,3927
2026-06-16T13:00:00+00:00,51850.68,51868.68,51837.68,51839.68,3981
2026-06-16T13:15:00+00:00,51839.68,51919.68,51834.18,51914.18,1970
2026-06-16T13:30:00+00:00,51914.18,52123.03,51907.03,52040.03,32664
2026-06-16T13:45:00+00:00,52040.03,52044.03,51890.53,51936.53,24897
2026-06-16T14:00:00+00:00,51936.53,52078.03,51919.53,52074.53,17328
2026-06-16T14:15:00+00:00,52074.53,52106.03,51999.03,52002.03,20127
2026-06-16T14:30:00+00:00,52002.03,52063.03,51968.03,51969.03,21907
2026-06-16T14:45:00+00:00,51969.03,52053.53,51969.03,52045.03,16446
2026-06-16T15:00:00+00:00,52045.03,52051.53,51992.53,52031.03,12435
2026-06-16T15:15:00+00:00,52031.03,52090.03,52024.03,52072.53,12845
2026-06-16T15:30:00+00:00,52072.53,52121.53,52070.03,52098.53,10472
2026-06-16T15:45:00+00:00,52098.53,52162.53,52061.53,52139.03,14470
2026-06-16T16:00:00+00:00,52139.03,52205.03,52137.03,52189.03,8573
2026-06-16T16:15:00+00:00,52189.03,52206.53,52155.03,52172.03,7334
2026-06-16T16:30:00+00:00,52172.03,52211.53,52149.53,52191.53,7576
2026-06-16T16:45:00+00:00,52191.53,52205.53,52154.53,52189.53,6134
2026-06-16T17:00:00+00:00,52189.53,52199.53,52165.53,52193.53,5889
2026-06-16T17:15:00+00:00,52193.53,52204.03,52152.03,52161.53,6211
2026-06-16T17:30:00+00:00,52161.53,52174.03,52122.03,52152.53,6824
2026-06-16T17:45:00+00:00,52152.53,52155.53,52116.03,52122.03,5616
2026-06-16T18:00:00+00:00,52122.03,52129.53,52089.03,52099.53,5059
2026-06-16T18:15:00+00:00,52099.53,52132.03,52086.53,52114.03,4917
2026-06-16T18:30:00+00:00,52114.03,52122.53,52094.03,52097.03,5693
2026-06-16T18:45:00+00:00,52097.03,52105.53,52080.03,52092.03,4438
2026-06-16T19:00:00+00:00,52092.03,52092.03,52042.53,52053.53,7841
2026-06-16T19:15:00+00:00,52053.53,52088.53,52008.53,52064.03,7929
2026-06-16T19:30:00+00:00,52064.03,52066.53,52014.03,52047.03,10366
2026-06-16T19:45:00+00:00,52047.03,52085.03,51998.03,52031.03,14849
2026-06-16T20:00:00+00:00,52031.03,52033.18,51988.18,51998.68,5925
2026-06-16T20:15:00+00:00,51998.68,52011.18,51981.68,52000.68,3973
2026-06-16T20:30:00+00:00,52000.68,52017.18,51994.18,52010.68,2790
2026-06-16T20:45:00+00:00,52010.68,52026.43,51992.68,52026.43,1790
2026-06-16T22:00:00+00:00,52026.43,52037.22,51999.97,52025.97,444
2026-06-16T22:15:00+00:00,52025.97,52061.72,52025.97,52046.47,209.05282394930336
2026-06-16T22:30:00+00:00,52046.47,52070.72,52044.47,52056.22,1236
2026-06-16T22:45:00+00:00,52056.22,52080.22,52055.22,52077.72,852
2026-06-16T23:00:00+00:00,52077.72,52079.22,52059.47,52074.22,929
2026-06-16T23:15:00+00:00,52074.22,52080.22,52068.22,52074.72,1208
2026-06-16T23:30:00+00:00,52074.72,52081.72,52067.72,52080.72,1407
2026-06-16T23:45:00+00:00,52080.72,52084.72,52065.22,52070.22,2426
2026-06-17T00:00:00+00:00,52070.22,52098.72,52070.22,52083.72,4775
2026-06-17T00:15:00+00:00,52083.72,52097.72,52075.22,52084.22,4329
2026-06-17T00:30:00+00:00,52084.22,52095.22,52078.22,52089.72,2405
2026-06-17T00:45:00+00:00,52089.72,52091.72,52076.72,52084.22,2798
2026-06-17T01:00:00+00:00,52084.22,52127.22,52077.22,52109.22,3052
2026-06-17T01:15:00+00:00,52109.22,52122.72,52102.72,52113.22,1991
2026-06-17T01:30:00+00:00,52113.22,52121.22,52102.22,52105.22,1819
2026-06-17T01:45:00+00:00,52105.22,52110.22,52098.72,52103.72,1253
2026-06-17T02:00:00+00:00,52103.72,52109.22,52088.72,52091.22,1105
2026-06-17T02:15:00+00:00,52091.22,52095.72,52084.72,52085.22,959
2026-06-17T02:30:00+00:00,52085.22,52085.22,52070.72,52072.72,1498
2026-06-17T02:45:00+00:00,52072.72,52079.72,52063.22,52078.72,999
2026-06-17T03:00:00+00:00,52078.72,52091.22,52072.72,52073.22,1098
2026-06-17T03:15:00+00:00,52073.22,52075.22,52059.72,52064.72,1858
2026-06-17T03:30:00+00:00,52064.72,52092.72,52060.22,52087.22,1632
2026-06-17T03:45:00+00:00,52087.22,52100.22,52085.22,52094.72,973
2026-06-17T04:00:00+00:00,52094.72,52099.72,52081.72,52082.72,1005
2026-06-17T04:15:00+00:00,52082.72,52089.72,52075.22,52075.72,796
2026-06-17T04:30:00+00:00,52075.72,52079.22,52054.22,52056.72,1108
2026-06-17T04:45:00+00:00,52056.72,52076.72,52055.72,52073.22,864
2026-06-17T05:00:00+00:00,52073.22,52076.72,52066.22,52072.22,1126
2026-06-17T05:15:00+00:00,52072.22,52075.72,52052.72,52055.22,1127
2026-06-17T05:30:00+00:00,52055.22,52070.72,52050.72,52053.22,1160
2026-06-17T05:45:00+00:00,52053.22,52060.72,52038.22,52046.22,1056
2026-06-17T06:00:00+00:00,52046.22,52070.22,52040.22,52053.72,1726
2026-06-17T06:15:00+00:00,52053.72,52056.72,52023.72,52034.72,2026
2026-06-17T06:30:00+00:00,52034.72,52074.22,52022.72,52071.22,2277
2026-06-17T06:45:00+00:00,52071.22,52085.22,52060.22,52071.72,1769
2026-06-17T07:00:00+00:00,52071.72,52097.72,52060.22,52094.22,3003
2026-06-17T07:15:00+00:00,52094.22,52100.72,52022.22,52025.22,2728
2026-06-17T07:30:00+00:00,52025.22,52057.22,52022.22,52035.72,2219
2026-06-17T07:45:00+00:00,52035.72,52043.72,52016.47,52025.72,1836
2026-06-17T08:00:00+00:00,52025.72,52037.72,51958.22,51962.72,4445
2026-06-17T08:15:00+00:00,51962.72,52017.72,51961.22,52004.72,4176
2026-06-17T08:30:00+00:00,52004.72,52009.72,51972.22,51980.72,4026
2026-06-17T08:45:00+00:00,51980.72,52025.22,51972.72,52023.22,2492
2026-06-17T09:00:00+00:00,52023.22,52027.72,51995.72,52011.72,1953
2026-06-17T09:15:00+00:00,52011.72,52043.22,52010.72,52036.72,2614
2026-06-17T09:30:00+00:00,52036.72,52055.72,52011.72,52021.22,2694
2026-06-17T09:45:00+00:00,52021.22,52028.22,51994.72,52000.22,3471
2026-06-17T10:00:00+00:00,52000.22,52004.22,51966.72,51989.72,3477
2026-06-17T10:15:00+00:00,51989.72,52024.22,51980.22,52004.72,2737
2026-06-17T10:30:00+00:00,52004.72,52032.72,52004.22,52031.22,1886
2026-06-17T10:45:00+00:00,52031.22,52048.72,51991.72,51997.72,2586
2026-06-17T11:00:00+00:00,51997.72,52037.22,51993.47,52026.72,2931
2026-06-17T11:15:00+00:00,52026.72,52042.22,52019.22,52027.72,2399
2026-06-17T11:30:00+00:00,52027.72,52027.72,52001.72,52008.22,3293
2026-06-17T11:45:00+00:00,52008.22,52022.72,51983.72,52004.72,3684
2026-06-17T12:00:00+00:00,52004.72,52031.22,52001.72,52018.22,3802
2026-06-17T12:15:00+00:00,52018.22,52021.22,51978.47,51983.47,2764
2026-06-17T12:30:00+00:00,51983.47,52015.72,51977.22,52009.72,2326
2026-06-17T12:45:00+00:00,52009.72,52025.72,52007.22,52015.72,2117
2026-06-17T13:00:00+00:00,52015.72,52025.72,51976.22,52003.72,2601
2026-06-17T13:15:00+00:00,52003.72,52021.22,51969.22,51994.22,2072
2026-06-17T13:30:00+00:00,51994.22,52136.07,51986.07,52125.57,24206
2026-06-17T13:45:00+00:00,52125.57,52224.07,52106.57,52196.07,15863
2026-06-17T14:00:00+00:00,52196.07,52278.57,52165.57,52256.07,14589
2026-06-17T14:15:00+00:00,52256.07,52296.07,52221.07,52251.07,12387
2026-06-17T14:30:00+00:00,52251.07,52255.57,52142.07,52176.07,14365
2026-06-17T14:45:00+00:00,52176.07,52198.57,52035.07,52121.07,36217
2026-06-17T15:00:00+00:00,52121.07,52163.07,52090.07,52120.57,12577
2026-06-17T15:15:00+00:00,52120.57,52202.57,52101.07,52191.07,10390
2026-06-17T15:30:00+00:00,52191.07,52283.07,52182.07,52259.57,7411
2026-06-17T15:45:00+00:00,52259.57,52283.57,52220.57,52227.07,5515
2026-06-17T16:00:00+00:00,52227.07,52237.07,52199.57,52233.57,2335
2026-06-17T16:15:00+00:00,52233.57,52257.57,52216.07,52217.57,1897
2026-06-17T16:30:00+00:00,52217.57,52219.07,52175.07,52201.07,2157
2026-06-17T16:45:00+00:00,52201.07,52235.57,52191.57,52211.57,2033
2026-06-17T17:00:00+00:00,52211.57,52211.57,52125.47,52172.57,4020
2026-06-17T17:15:00+00:00,52172.57,52176.07,52125.57,52136.07,6922
2026-06-17T17:30:00+00:00,52136.07,52142.07,52102.07,52127.57,4909
2026-06-17T17:45:00+00:00,52127.57,52203.57,52117.07,52203.57,3860
2026-06-17T18:00:00+00:00,52203.57,52203.57,51800.57,51939.07,43590
2026-06-17T18:15:00+00:00,51939.07,52021.07,51899.57,51927.07,29028
2026-06-17T18:30:00+00:00,51927.07,52118.57,51876.47,52088.57,39619
2026-06-17T18:45:00+00:00,52088.57,52090.57,51857.07,51891.07,35219
2026-06-17T19:00:00+00:00,51891.07,51959.07,51765.47,51878.57,44385
2026-06-17T19:15:00+00:00,51878.57,51888.07,51573.07,51584.57,48688
2026-06-17T19:30:00+00:00,51584.57,51589.07,51401.47,51454.07,46684
2026-06-17T19:45:00+00:00,51454.07,51546.57,51430.47,51496.47,19996
2026-06-17T20:00:00+00:00,51496.47,51562.22,51457.47,51498.47,3619.927889025039
2026-06-17T20:15:00+00:00,51498.47,51578.22,51481.47,51571.47,820
2026-06-17T20:30:00+00:00,51571.47,51614.47,51547.47,51605.72,803
2026-06-17T20:45:00+00:00,51605.72,51613.97,51577.47,51613.97,1597
2026-06-17T22:00:00+00:00,51613.97,51659.39,51590.64,51651.89,4359
2026-06-17T22:15:00+00:00,51651.89,51659.39,51630.39,51632.89,1766
2026-06-17T22:30:00+00:00,51632.89,51664.39,51629.89,51648.89,1103
2026-06-17T22:45:00+00:00,51648.89,51657.89,51646.89,51652.89,747
2026-06-17T23:00:00+00:00,51652.89,51708.39,51649.39,51707.39,980
2026-06-17T23:15:00+00:00,51707.39,51749.89,51704.39,51744.39,1024
2026-06-17T23:30:00+00:00,51744.39,51755.89,51716.89,51726.89,1027
2026-06-17T23:45:00+00:00,51726.89,51759.39,51718.89,51759.39,1447
2026-06-18T00:00:00+00:00,51759.39,51853.89,51746.89,51847.89,6375
2026-06-18T00:15:00+00:00,51847.89,51855.89,51783.39,51803.39,4719
2026-06-18T00:30:00+00:00,51803.39,51824.39,51802.39,51807.39,2909
2026-06-18T00:45:00+00:00,51807.39,51808.39,51771.39,51786.39,3210
2026-06-18T01:00:00+00:00,51786.39,51832.39,51781.39,51825.89,3276
2026-06-18T01:15:00+00:00,51825.89,51842.89,51802.39,51820.89,2407
2026-06-18T01:30:00+00:00,51820.89,51830.89,51806.89,51811.39,2027
2026-06-18T01:45:00+00:00,51811.39,51828.39,51793.89,51810.39,2173
2026-06-18T02:00:00+00:00,51810.39,51828.39,51805.39,51818.39,1709
2026-06-18T02:15:00+00:00,51818.39,51821.39,51804.89,51812.89,1259
2026-06-18T02:30:00+00:00,51812.89,51824.39,51802.39,51821.39,1027
2026-06-18T02:45:00+00:00,51821.39,51828.39,51812.39,51822.89,924
2026-06-18T03:00:00+00:00,51822.89,51834.89,51798.39,51800.39,1106
2026-06-18T03:15:00+00:00,51800.39,51831.39,51794.89,51824.39,1141
2026-06-18T03:30:00+00:00,51824.39,51835.39,51792.39,51802.39,1851
2026-06-18T03:45:00+00:00,51802.39,51832.39,51799.39,51826.89,1190
2026-06-18T04:00:00+00:00,51826.89,51836.89,51802.89,51803.89,1533
2026-06-18T04:15:00+00:00,51803.89,51811.39,51787.89,51805.39,1757
2026-06-18T04:30:00+00:00,51805.39,51805.39,51779.89,51780.39,1627
2026-06-18T04:45:00+00:00,51780.39,51787.39,51773.39,51773.39,1365
2026-06-18T05:00:00+00:00,51773.39,51786.39,51766.39,51769.39,1460
2026-06-18T05:15:00+00:00,51769.39,51797.39,51767.89,51784.89,1243
2026-06-18T05:30:00+00:00,51784.89,51797.39,51779.39,51786.39,1627
2026-06-18T05:45:00+00:00,51786.39,51787.39,51761.89,51765.39,1613
2026-06-18T06:00:00+00:00,51765.39,51781.39,51741.89,51762.89,3010
2026-06-18T06:15:00+00:00,51762.89,51793.89,51747.89,51791.89,2724
2026-06-18T06:30:00+00:00,51791.89,51791.89,51754.39,51775.89,2454
2026-06-18T06:45:00+00:00,51775.89,51832.39,51775.39,51830.89,1995
2026-06-18T07:00:00+00:00,51830.89,51838.89,51775.39,51780.89,2976
2026-06-18T07:15:00+00:00,51780.89,51836.89,51775.89,51831.89,2391
2026-06-18T07:30:00+00:00,51831.89,51831.89,51797.39,51810.89,2264
2026-06-18T07:45:00+00:00,51810.89,51818.39,51785.89,51817.89,2084
2026-06-18T08:00:00+00:00,51817.89,51865.39,51814.89,51829.39,3439
2026-06-18T08:15:00+00:00,51829.39,51842.89,51791.89,51795.89,2556
2026-06-18T08:30:00+00:00,51795.89,51819.89,51783.89,51796.89,2748
2026-06-18T08:45:00+00:00,51796.89,51807.89,51717.39,51732.89,2683
2026-06-18T09:00:00+00:00,51732.89,51775.89,51719.39,51775.89,3157
2026-06-18T09:15:00+00:00,51775.89,51801.89,51772.89,51786.89,2156
2026-06-18T09:30:00+00:00,51786.89,51827.39,51775.89,51819.89,2223
2026-06-18T09:45:00+00:00,51819.89,51845.39,51819.89,51829.89,2117
2026-06-18T10:00:00+00:00,51829.89,51836.89,51793.39,51834.39,2202
2026-06-18T10:15:00+00:00,51834.39,51842.89,51798.39,51805.39,1905
2026-06-18T10:30:00+00:00,51805.39,51818.39,51732.89,51733.89,2445
2026-06-18T10:45:00+00:00,51733.89,51762.89,51731.89,51737.89,2008
2026-06-18T11:00:00+00:00,51737.89,51744.39,51637.39,51673.39,4483
2026-06-18T11:15:00+00:00,51673.39,51676.89,51606.39,51654.39,5077
2026-06-18T11:30:00+00:00,51654.39,51670.89,51587.89,51619.39,4293
2026-06-18T11:45:00+00:00,51619.39,51645.39,51610.89,51629.39,3736
2026-06-18T12:00:00+00:00,51629.39,51713.89,51620.39,51703.39,4334
2026-06-18T12:15:00+00:00,51703.39,51766.89,51684.89,51740.64,4458
2026-06-18T12:30:00+00:00,51740.64,51771.39,51723.39,51739.39,4595
2026-06-18T12:45:00+00:00,51739.39,51815.89,51730.89,51790.89,4495
2026-06-18T13:00:00+00:00,51790.89,51796.39,51735.89,51794.39,7085
2026-06-18T13:15:00+00:00,51794.39,51870.89,51782.89,51857.39,6611
2026-06-18T13:30:00+00:00,51857.39,51960.24,51726.74,51756.24,38798
2026-06-18T13:45:00+00:00,51756.24,51821.24,51698.24,51733.74,26923
2026-06-18T14:00:00+00:00,51733.74,51753.24,51608.74,51651.74,25139
2026-06-18T14:15:00+00:00,51651.74,51751.74,51587.24,51698.24,23422
2026-06-18T14:30:00+00:00,51698.24,51774.24,51646.24,51752.74,22335
2026-06-18T14:45:00+00:00,51752.74,51810.74,51748.74,51793.74,13752
2026-06-18T15:00:00+00:00,51793.74,51801.74,51696.24,51697.74,13801
2026-06-18T15:15:00+00:00,51697.74,51712.74,51632.74,51645.74,15585
2026-06-18T15:30:00+00:00,51645.74,51678.24,51605.74,51622.24,16861
2026-06-18T15:45:00+00:00,51622.24,51693.74,51608.24,51665.24,11970
2026-06-18T16:00:00+00:00,51665.24,51685.74,51600.24,51649.74,9631
2026-06-18T16:15:00+00:00,51649.74,51683.24,51628.74,51667.74,8325
2026-06-18T16:30:00+00:00,51667.74,51686.74,51636.74,51668.74,7414
2026-06-18T16:45:00+00:00,51668.74,51677.74,51613.24,51642.74,7047
2026-06-18T17:00:00+00:00,51642.74,51732.74,51630.24,51730.74,6906
2026-06-18T17:15:00+00:00,51730.74,51784.74,51693.74,51706.74,6256
2026-06-18T17:30:00+00:00,51706.74,51725.24,51660.24,51676.74,5665
2026-06-18T17:45:00+00:00,51676.74,51691.74,51657.74,51658.74,4808
2026-06-18T18:00:00+00:00,51658.74,51663.74,51610.74,51626.74,7018
2026-06-18T18:15:00+00:00,51626.74,51647.24,51612.24,51627.74,6262
2026-06-18T18:30:00+00:00,51627.74,51650.24,51604.74,51646.24,5749
2026-06-18T18:45:00+00:00,51646.24,51659.74,51604.74,51617.74,5541
2026-06-18T19:00:00+00:00,51617.74,51621.74,51547.74,51571.74,9288
2026-06-18T19:15:00+00:00,51571.74,51632.74,51558.74,51597.74,7161
2026-06-18T19:30:00+00:00,51597.74,51668.74,51567.74,51661.74,8560
2026-06-18T19:45:00+00:00,51661.74,51664.24,51559.74,51561.24,18160
2026-06-18T20:00:00+00:00,51561.24,51629.39,51548.89,51625.89,5205
2026-06-18T20:15:00+00:00,51625.89,51670.89,51624.89,51643.39,2062
2026-06-18T20:30:00+00:00,51643.39,51650.39,51612.39,51615.89,1281
2026-06-18T20:45:00+00:00,51615.89,51636.39,51605.89,51634.14,1300
2026-06-18T22:00:00+00:00,51634.14,51656.89,51623.64,51629.39,2909
2026-06-18T22:15:00+00:00,51629.39,51629.39,51583.39,51589.39,1308
2026-06-18T22:30:00+00:00,51589.39,51590.39,51568.89,51574.89,779
2026-06-18T22:45:00+00:00,51574.89,51579.39,51560.39,51567.89,694
2026-06-18T23:00:00+00:00,51567.89,51575.89,51559.39,51563.89,663
2026-06-18T23:15:00+00:00,51563.89,51588.89,51562.39,51587.39,481
2026-06-18T23:30:00+00:00,51587.39,51601.89,51579.39,51597.39,628
2026-06-18T23:45:00+00:00,51597.39,51610.39,51589.89,51597.39,966
2026-06-19T00:00:00+00:00,51597.39,51598.89,51554.89,51559.89,2818
2026-06-19T00:15:00+00:00,51559.89,51591.39,51559.89,51581.39,2919
2026-06-19T00:30:00+00:00,51581.39,51587.89,51560.39,51569.89,1774
2026-06-19T00:45:00+00:00,51569.89,51573.39,51553.39,51561.89,961
2026-06-19T01:00:00+00:00,51561.89,51572.89,51521.39,51527.89,1502
2026-06-19T01:15:00+00:00,51527.89,51543.39,51527.39,51534.39,1079
2026-06-19T01:30:00+00:00,51534.39,51535.89,51517.39,51525.89,1219
2026-06-19T01:45:00+00:00,51525.89,51536.39,51499.39,51501.89,946
2026-06-19T02:00:00+00:00,51501.89,51506.89,51473.39,51475.39,1033
2026-06-19T02:15:00+00:00,51475.39,51479.39,51452.39,51471.39,1080
2026-06-19T02:30:00+00:00,51471.39,51494.89,51470.39,51491.89,734
2026-06-19T02:45:00+00:00,51491.89,51491.89,51464.39,51480.39,585
2026-06-19T03:00:00+00:00,51480.39,51491.89,51464.89,51468.89,606
2026-06-19T03:15:00+00:00,51468.89,51470.89,51432.39,51437.89,1091
2026-06-19T03:30:00+00:00,51437.89,51469.89,51433.89,51466.89,1274
2026-06-19T03:45:00+00:00,51466.89,51477.39,51461.89,51476.89,880
2026-06-19T04:00:00+00:00,51476.89,51483.89,51451.89,51479.39,1243
2026-06-19T04:15:00+00:00,51479.39,51479.39,51456.39,51464.39,609
2026-06-19T04:30:00+00:00,51464.39,51465.39,51422.89,51425.39,578
2026-06-19T04:45:00+00:00,51425.39,51427.39,51390.39,51408.39,917
2026-06-19T05:00:00+00:00,51408.39,51417.89,51388.89,51417.39,912
2026-06-19T05:15:00+00:00,51417.39,51424.89,51385.39,51413.39,781
2026-06-19T05:30:00+00:00,51413.39,51432.39,51397.89,51400.39,1058
2026-06-19T05:45:00+00:00,51400.39,51434.89,51400.39,51430.89,860
2026-06-19T06:00:00+00:00,51430.89,51446.89,51407.89,51420.39,1483
2026-06-19T06:15:00+00:00,51420.39,51454.89,51405.39,51447.89,1226
2026-06-19T06:30:00+00:00,51447.89,51465.39,51438.39,51451.89,896
2026-06-19T06:45:00+00:00,51451.89,51486.89,51444.39,51474.39,570
2026-06-19T07:00:00+00:00,51474.39,51514.89,51473.89,51502.89,969
2026-06-19T07:15:00+00:00,51502.89,51522.89,51485.39,51522.39,775
2026-06-19T07:30:00+00:00,51522.39,51549.89,51510.39,51530.39,1070
2026-06-19T07:45:00+00:00,51530.39,51549.89,51516.39,51548.89,771
2026-06-19T08:00:00+00:00,51548.89,51564.89,51528.89,51560.89,872
2026-06-19T08:15:00+00:00,51560.89,51581.39,51558.39,51574.39,837
2026-06-19T08:30:00+00:00,51574.39,51578.39,51549.89,51573.39,871
2026-06-19T08:45:00+00:00,51573.39,51596.39,51555.89,51566.89,608
2026-06-19T09:00:00+00:00,51566.89,51590.39,51553.89,51567.39,1087
2026-06-19T09:15:00+00:00,51567.39,51576.39,51547.39,51549.39,762
2026-06-19T09:30:00+00:00,51549.39,51594.39,51547.89,51580.89,694
2026-06-19T09:45:00+00:00,51580.89,51590.39,51561.39,51567.39,1261
2026-06-19T10:00:00+00:00,51567.39,51569.89,51518.89,51518.89,784
2026-06-19T10:15:00+00:00,51518.89,51529.39,51481.89,51485.39,770
2026-06-19T10:30:00+00:00,51485.39,51487.39,51433.89,51462.39,1397
2026-06-19T10:45:00+00:00,51462.39,51497.39,51445.39,51468.39,1249
2026-06-19T11:00:00+00:00,51468.39,51468.39,51427.39,51447.89,1456
2026-06-19T11:15:00+00:00,51447.89,51464.89,51416.89,51424.89,875
2026-06-19T11:30:00+00:00,51424.89,51469.89,51424.39,51453.39,870
2026-06-19T11:45:00+00:00,51453.39,51468.89,51430.89,51459.39,738
2026-06-19T12:00:00+00:00,51459.39,51461.89,51432.39,51442.39,775
2026-06-19T12:15:00+00:00,51442.39,51446.39,51417.89,51421.89,668
2026-06-19T12:30:00+00:00,51421.89,51432.39,51384.39,51418.89,2227
2026-06-19T12:45:00+00:00,51418.89,51575.89,51408.89,51537.89,7642
2026-06-19T13:00:00+00:00,51537.89,51550.89,51493.89,51528.89,3902
2026-06-19T13:15:00+00:00,51528.89,51544.89,51498.89,51533.39,1465
2026-06-19T13:30:00+00:00,51533.39,51555.74,51492.74,51517.74,3303
2026-06-19T13:45:00+00:00,51517.74,51544.24,51486.24,51489.24,3171
2026-06-19T14:00:00+00:00,51489.24,51507.14000000001,51446.14000000001,51505.64000000001,3041.9516289991197
2026-06-19T14:15:00+00:00,51505.64000000001,51527.14000000001,51487.14000000001,51512.14000000001,2159
2026-06-19T14:30:00+00:00,51512.14000000001,51535.64000000001,51489.64000000001,51532.14000000001,1690
2026-06-19T14:45:00+00:00,51532.14000000001,51538.64000000001,51518.14000000001,51525.64000000001,1378
2026-06-19T15:00:00+00:00,51525.64000000001,51564.64000000001,51514.64000000001,51535.14000000001,1458
2026-06-19T15:15:00+00:00,51535.14000000001,51550.14000000001,51526.64000000001,51537.14000000001,1586
2026-06-19T15:30:00+00:00,51537.14000000001,51541.64000000001,51501.14000000001,51505.64000000001,2527
2026-06-19T15:45:00+00:00,51505.64000000001,51547.64000000001,51504.64000000001,51535.64000000001,1284
2026-06-19T16:00:00+00:00,51535.64000000001,51535.64000000001,51494.14000000001,51504.64000000001,874
2026-06-19T16:15:00+00:00,51504.64000000001,51540.64000000001,51504.64000000001,51538.64000000001,550
2026-06-19T16:30:00+00:00,51538.64000000001,51552.14000000001,51518.04000000001,51526.64000000001,280
2026-06-19T16:45:00+00:00,51526.64000000001,51527.14000000001,51465.04000000001,51466.04000000001,433
2026-06-19T17:00:00+00:00,51466.04000000001,51467.64000000001,51453.01,51458.909999999996,99.60267298308652
2026-06-19T17:15:00+00:00,51458.909999999996,51461.509999999995,51444.90999999999,51453.71,113.91040888652822
2026-06-19T17:30:00+00:00,51455.21,51459.31,51454.61,51455.31,32.71898250901369
2026-06-19T17:45:00+00:00,51455.21,51460.81,51455.11,51460.81,15.782264508152664
2026-06-19T18:00:00+00:00,51460.909999999996,51469.71000000001,51460.909999999996,51469.71000000001,33.79498821491089
2026-06-19T18:15:00+00:00,51470.61,51470.61,51459.51,51464.41,35.80643199226789
2026-06-19T18:30:00+00:00,51465.01,51469.21,51463.51,51469.21,25.58102547248084
2026-06-19T18:45:00+00:00,51469.21,51469.21,51458.409999999996,51464.11,36.751033902859334
2026-06-19T19:00:00+00:00,51466.909999999996,51469.909999999996,51466.909999999996,51469.909999999996,20.6511760345871
2026-06-19T19:15:00+00:00,51471.409999999996,51475.909999999996,51471.409999999996,51475.909999999996,24.16473826234235
2026-06-19T19:30:00+00:00,51478.81,51481.51,51452.51,51459.71,136.47021167034453
2026-06-19T19:45:00+00:00,51459.71,51459.71,51428.310000000005,51449.31000000001,433.93142649153594
2026-06-21T22:00:00+00:00,51457.75,51497,51355,51374,1808.89649988945
2026-06-21T22:15:00+00:00,51374,51480,51328.25,51462,3009
2026-06-21T22:30:00+00:00,51462,51475.5,51424.5,51467.5,2005
2026-06-21T22:45:00+00:00,51467.5,51489.5,51462.5,51464,1417
2026-06-21T23:00:00+00:00,51464,51465,51405,51414.5,3198
2026-06-21T23:15:00+00:00,51414.5,51447,51402.5,51435,1842
2026-06-21T23:30:00+00:00,51435,51442,51390,51412,2380
2026-06-21T23:45:00+00:00,51412,51416.5,51352.5,51382.5,2538
2026-06-22T00:00:00+00:00,51382.5,51481.5,51360,51472,7635
2026-06-22T00:15:00+00:00,51472,51530.5,51468.5,51527,6850
2026-06-22T00:30:00+00:00,51527,51535,51499.5,51505,3577
2026-06-22T00:45:00+00:00,51505,51539.5,51489.5,51531.5,2880
2026-06-22T01:00:00+00:00,51531.5,51582,51531.5,51565.5,5247
2026-06-22T01:15:00+00:00,51565.5,51577.5,51543.5,51573.5,3002
2026-06-22T01:30:00+00:00,51573.5,51583.5,51551.5,51573.5,2244
2026-06-22T01:45:00+00:00,51573.5,51578.5,51552,51561.5,1935
2026-06-22T02:00:00+00:00,51561.5,51567.5,51510,51510.5,1852
2026-06-22T02:15:00+00:00,51510.5,51525.5,51498,51506.5,1671
2026-06-22T02:30:00+00:00,51506.5,51510,51465,51473,1568
2026-06-22T02:45:00+00:00,51473,51486,51459.5,51474,1247
2026-06-22T03:00:00+00:00,51474,51484.5,51455.5,51472,1990
2026-06-22T03:15:00+00:00,51472,51493,51468.5,51469,1326
2026-06-22T03:30:00+00:00,51469,51481,51469,51476.5,866
2026-06-22T03:45:00+00:00,51476.5,51492,51457.5,51463,1365
2026-06-22T04:00:00+00:00,51463,51464.5,51445.5,51447,1310
2026-06-22T04:15:00+00:00,51447,51455,51424.25,51437.5,1509
2026-06-22T04:30:00+00:00,51437.5,51444,51428.5,51435,1615
2026-06-22T04:45:00+00:00,51435,51454,51430,51439.5,1639
2026-06-22T05:00:00+00:00,51439.5,51485.5,51438.5,51479,1771
2026-06-22T05:15:00+00:00,51479,51490,51466.5,51483,1633
2026-06-22T05:30:00+00:00,51483,51506.5,51468.5,51503,2232
2026-06-22T05:45:00+00:00,51503,51523.5,51494.5,51515,1331
2026-06-22T06:00:00+00:00,51515,51559,51510,51553.5,2048
2026-06-22T06:15:00+00:00,51553.5,51590.5,51545,51573.5,2498
2026-06-22T06:30:00+00:00,51573.5,51588,51545,51587.5,2020
2026-06-22T06:45:00+00:00,51587.5,51601,51570,51595.5,1164
2026-06-22T07:00:00+00:00,51595.5,51621,51586.5,51593,2988
2026-06-22T07:15:00+00:00,51593,51619,51593,51610,1888
2026-06-22T07:30:00+00:00,51610,51619.5,51576,51579.5,1792
2026-06-22T07:45:00+00:00,51579.5,51596,51555.5,51571,1710
2026-06-22T08:00:00+00:00,51571,51579,51536.5,51558,3224
2026-06-22T08:15:00+00:00,51558,51576,51539.5,51567,3565
2026-06-22T08:30:00+00:00,51567,51584.5,51545.5,51584.5,2700
2026-06-22T08:45:00+00:00,51584.5,51592,51560.5,51585,2245
2026-06-22T09:00:00+00:00,51585,51656,51573.5,51651,2783
2026-06-22T09:15:00+00:00,51651,51653,51621,51624.5,2066
2026-06-22T09:30:00+00:00,51624.5,51630.5,51590.5,51597,2058
2026-06-22T09:45:00+00:00,51597,51607,51581.5,51585,1933
2026-06-22T10:00:00+00:00,51585,51638,51583.5,51626.5,2295
2026-06-22T10:15:00+00:00,51626.5,51650,51623.5,51633,1111
2026-06-22T10:30:00+00:00,51633,51637.5,51596,51611,1932
2026-06-22T10:45:00+00:00,51611,51630,51611,51613.5,1306
2026-06-22T11:00:00+00:00,51613.5,51718.5,51600.5,51645.5,7402
2026-06-22T11:15:00+00:00,51645.5,51645.5,51607.5,51618.5,2243
2026-06-22T11:30:00+00:00,51618.5,51652.5,51611,51637,2173
2026-06-22T11:45:00+00:00,51637,51667,51610.5,51665,2390
2026-06-22T12:00:00+00:00,51665,51718.5,51657,51703.5,2747
2026-06-22T12:15:00+00:00,51703.5,51742.5,51688.5,51740.5,2615
2026-06-22T12:30:00+00:00,51740.5,51743,51693.5,51698.5,3025
2026-06-22T12:45:00+00:00,51698.5,51701.5,51660.5,51662.5,2607
2026-06-22T13:00:00+00:00,51662.5,51730,51660,51729.5,7072
2026-06-22T13:15:00+00:00,51729.5,51753,51701.5,51730,4421
2026-06-22T13:30:00+00:00,51730,51912.85,51699.85,51808.35,34647
2026-06-22T13:45:00+00:00,51808.35,51917.35,51763.35,51873.85,22425
2026-06-22T14:00:00+00:00,51873.85,51925.35,51815.85,51882.35,18190
2026-06-22T14:15:00+00:00,51882.35,51898.35,51757.85,51759.85,19152
2026-06-22T14:30:00+00:00,51759.85,51767.35,51684.35,51708.85,26875
2026-06-22T14:45:00+00:00,51708.85,51766.35,51686.35,51756.35,22399
2026-06-22T15:00:00+00:00,51756.35,51799.85,51681.35,51723.35,15442
2026-06-22T15:15:00+00:00,51723.35,51768.35,51697.85,51739.35,16692
2026-06-22T15:30:00+00:00,51739.35,51800.35,51715.35,51792.35,11391
2026-06-22T15:45:00+00:00,51792.35,51818.35,51725.35,51786.85,12562
2026-06-22T16:00:00+00:00,51786.85,51800.35,51720.35,51799.35,11327
2026-06-22T16:15:00+00:00,51799.35,51821.35,51757.85,51769.35,8437
2026-06-22T16:30:00+00:00,51769.35,51775.85,51738.85,51762.35,7606
2026-06-22T16:45:00+00:00,51762.35,51811.85,51751.35,51788.35,7986
2026-06-22T17:00:00+00:00,51788.35,51798.85,51726.35,51760.35,6674
2026-06-22T17:15:00+00:00,51760.35,51788.85,51741.35,51742.35,5111
2026-06-22T17:30:00+00:00,51742.35,51751.35,51694.35,51727.85,5643
2026-06-22T17:45:00+00:00,51727.85,51767.35,51715.35,51730.35,4859
2026-06-22T18:00:00+00:00,51730.35,51742.35,51696.35,51740.35,5229
2026-06-22T18:15:00+00:00,51740.35,51794.35,51739.35,51763.35,5003
2026-06-22T18:30:00+00:00,51763.35,51786.35,51703.35,51707.35,4614
2026-06-22T18:45:00+00:00,51707.35,51725.85,51640.35,51646.35,6670
2026-06-22T19:00:00+00:00,51646.35,51675.85,51626.35,51660.35,6801
2026-06-22T19:15:00+00:00,51660.35,51691.35,51642.35,51642.35,6100
2026-06-22T19:30:00+00:00,51642.35,51680.35,51640.35,51651.85,6610
2026-06-22T19:45:00+00:00,51651.85,51756.85,51648.85,51732.35,11813
2026-06-22T20:00:00+00:00,51732.35,51798,51720,51794.5,4457
2026-06-22T20:15:00+00:00,51794.5,51817,51775.5,51785.5,1503
2026-06-22T20:30:00+00:00,51785.5,51798,51765.5,51795.5,1091
2026-06-22T20:45:00+00:00,51795.5,51801,51781.5,51790.25,1081
2026-06-22T22:00:00+00:00,51790.25,51834,51776.25,51798.5,2221
2026-06-22T22:15:00+00:00,51798.5,51804,51779.25,51800.5,813
2026-06-22T22:30:00+00:00,51800.5,51805,51754.25,51761.5,1622
2026-06-22T22:45:00+00:00,51761.5,51777,51752.25,51771,778
2026-06-22T23:00:00+00:00,51771,51777,51746.5,51750.5,601
2026-06-22T23:15:00+00:00,51750.5,51769,51736,51764,442
2026-06-22T23:30:00+00:00,51764,51771,51750.25,51770,277
2026-06-22T23:45:00+00:00,51770,51782.5,51757.5,51780,775
2026-06-23T00:00:00+00:00,51780,51799,51761.5,51775,2181
2026-06-23T00:15:00+00:00,51775,51809.5,51775,51795,2965
2026-06-23T00:30:00+00:00,51795,51864.5,51792,51862.5,2647
2026-06-23T00:45:00+00:00,51862.5,51888,51856,51879.5,3640
2026-06-23T01:00:00+00:00,51879.5,51890,51846.5,51848,3118
2026-06-23T01:15:00+00:00,51848,51861,51831,51859,2168
2026-06-23T01:30:00+00:00,51859,51862,51793,51799.5,3441
2026-06-23T01:45:00+00:00,51799.5,51814.5,51747,51803.5,5052
2026-06-23T02:00:00+00:00,51803.5,51824.5,51760,51796,3876
2026-06-23T02:15:00+00:00,51796,51815.5,51787,51789.5,3253
2026-06-23T02:30:00+00:00,51789.5,51792.5,51775.5,51790,2449
2026-06-23T02:45:00+00:00,51790,51794,51754.5,51763,2518
2026-06-23T03:00:00+00:00,51763,51768.5,51703.5,51718.5,2870
2026-06-23T03:15:00+00:00,51718.5,51746,51711,51742,1820
2026-06-23T03:30:00+00:00,51742,51745,51674.5,51699.5,3325
2026-06-23T03:45:00+00:00,51699.5,51730,51680.5,51729,2651
2026-06-23T04:00:00+00:00,51729,51752.5,51697,51700,2108
2026-06-23T04:15:00+00:00,51700,51700,51662,51678.5,1915
2026-06-23T04:30:00+00:00,51678.5,51681,51663,51670.5,1777
2026-06-23T04:45:00+00:00,51670.5,51677,51612.5,51619.5,2173
2026-06-23T05:00:00+00:00,51619.5,51657.5,51619.5,51635,3523
2026-06-23T05:15:00+00:00,51635,51635,51566.5,51584.5,3166
2026-06-23T05:30:00+00:00,51584.5,51588.5,51547,51575.5,4306
2026-06-23T05:45:00+00:00,51575.5,51599,51562.5,51572.5,2993
2026-06-23T06:00:00+00:00,51572.5,51593.5,51551.5,51567.5,5235
2026-06-23T06:15:00+00:00,51567.5,51578.5,51498.5,51522.5,5626
2026-06-23T06:30:00+00:00,51522.5,51542,51490,51497,4473
2026-06-23T06:45:00+00:00,51497,51516.5,51484,51490,3184
2026-06-23T07:00:00+00:00,51490,51495,51449.5,51450,6308
2026-06-23T07:15:00+00:00,51450,51450.5,51366.5,51406.5,4318
2026-06-23T07:30:00+00:00,51406.5,51425,51374,51387.5,5119
2026-06-23T07:45:00+00:00,51387.5,51393,51324.5,51361,4787
2026-06-23T08:00:00+00:00,51361,51390.5,51319.5,51370.5,7470
2026-06-23T08:15:00+00:00,51370.5,51404,51368,51378,5639
2026-06-23T08:30:00+00:00,51378,51452,51368,51431.5,4491
2026-06-23T08:45:00+00:00,51431.5,51432.5,51387.5,51409,3778
2026-06-23T09:00:00+00:00,51409,51434.5,51391.5,51426.5,3476
2026-06-23T09:15:00+00:00,51426.5,51477.5,51407,51475,3233
2026-06-23T09:30:00+00:00,51475,51477,51434.5,51464.5,3010
2026-06-23T09:45:00+00:00,51464.5,51506.5,51454,51497.5,2785
2026-06-23T10:00:00+00:00,51497.5,51534,51492.5,51503.5,3045
2026-06-23T10:15:00+00:00,51503.5,51571.5,51500.5,51515,3011
2026-06-23T10:30:00+00:00,51515,51516.5,51443.5,51467.5,3831
2026-06-23T10:45:00+00:00,51467.5,51488,51453.5,51471,3030
2026-06-23T11:00:00+00:00,51471,51506.5,51448,51488,4156
2026-06-23T11:15:00+00:00,51488,51533.5,51459.5,51490,5548
2026-06-23T11:30:00+00:00,51490,51542.5,51469,51541,3760
2026-06-23T11:45:00+00:00,51541,51595,51525,51552.5,3740
2026-06-23T12:00:00+00:00,51552.5,51576,51533.5,51559.5,3919
2026-06-23T12:15:00+00:00,51559.5,51563,51483.5,51509.5,4067
2026-06-23T12:30:00+00:00,51509.5,51531,51473.5,51509,4540
2026-06-23T12:45:00+00:00,51509,51522.5,51489,51519,4138
2026-06-23T13:00:00+00:00,51519,51556,51498.25,51523,5518
2026-06-23T13:15:00+00:00,51523,51524.5,51440,51483.5,3745
2026-06-23T13:30:00+00:00,51483.5,51564.35,51322.35,51538.25,42466
2026-06-23T13:45:00+00:00,51538.25,51717.85,51526.35,51561.35,31034
2026-06-23T14:00:00+00:00,51561.35,51768.35,51541.85,51751.85,26637
2026-06-23T14:15:00+00:00,51751.85,51835.35,51725.35,51799.35,20248
2026-06-23T14:30:00+00:00,51799.35,51813.35,51692.35,51726.35,23058
2026-06-23T14:45:00+00:00,51726.35,51799.35,51702.35,51795.85,20592
2026-06-23T15:00:00+00:00,51795.85,51806.85,51723.85,51750.85,17251
2026-06-23T15:15:00+00:00,51750.85,51756.35,51649.85,51681.85,13166
2026-06-23T15:30:00+00:00,51681.85,51742.85,51665.85,51709.35,14263
2026-06-23T15:45:00+00:00,51709.35,51786.85,51693.35,51771.35,11626
2026-06-23T16:00:00+00:00,51771.35,51864.35,51764.35,51855.35,9066
2026-06-23T16:15:00+00:00,51855.35,51863.35,51802.35,51859.35,8185
2026-06-23T16:30:00+00:00,51859.35,51896.35,51844.35,51885.35,6913
2026-06-23T16:45:00+00:00,51885.35,51889.35,51844.35,51859.35,7547
2026-06-23T17:00:00+00:00,51859.35,51875.85,51828.35,51863.35,7500
2026-06-23T17:15:00+00:00,51863.35,51910.35,51848.35,51865.35,7342
2026-06-23T17:30:00+00:00,51865.35,51890.35,51846.35,51858.35,5957
2026-06-23T17:45:00+00:00,51858.35,51885.85,51790.35,51807.35,8559
2026-06-23T18:00:00+00:00,51807.35,51844.85,51781.85,51799.35,9055
2026-06-23T18:15:00+00:00,51799.35,51800.85,51753.35,51769.85,6130
2026-06-23T18:30:00+00:00,51769.85,51772.85,51684.35,51693.35,7471
2026-06-23T18:45:00+00:00,51693.35,51727.85,51673.35,51716.35,10391
2026-06-23T19:00:00+00:00,51716.35,51789.85,51707.85,51748.35,12063
2026-06-23T19:15:00+00:00,51748.35,51753.85,51692.35,51742.35,11064
2026-06-23T19:30:00+00:00,51742.35,51749.35,51676.35,51702.35,11524
2026-06-23T19:45:00+00:00,51702.35,51790.35,51691.35,51697.85,16939
2026-06-23T20:00:00+00:00,51697.85,51731.5,51682.5,51710,5065
2026-06-23T20:15:00+00:00,51710,51710,51681.5,51707,1655
2026-06-23T20:30:00+00:00,51707,51719,51698.5,51709,1138
2026-06-23T20:45:00+00:00,51709,51756.5,51707.5,51755.75,1242
2026-06-23T22:00:00+00:00,51755.75,51756.5,51699.25,51724,3203
2026-06-23T22:15:00+00:00,51724,51728.5,51672,51674,2484
2026-06-23T22:30:00+00:00,51674,51692.5,51650,51669,3011
2026-06-23T22:45:00+00:00,51669,51684.5,51664,51678.5,1832
2026-06-23T23:00:00+00:00,51678.5,51688.5,51608,51683.5,2799
2026-06-23T23:15:00+00:00,51683.5,51696,51676.5,51680.5,1312
2026-06-23T23:30:00+00:00,51680.5,51686.5,51645,51674.5,2114
2026-06-23T23:45:00+00:00,51674.5,51756.5,51673,51730.5,5410
2026-06-24T00:00:00+00:00,51730.5,51768,51698.5,51736.5,7726
2026-06-24T00:15:00+00:00,51736.5,51753,51682.5,51710.5,6678
2026-06-24T00:30:00+00:00,51710.5,51724,51692.5,51704.5,4838
2026-06-24T00:45:00+00:00,51704.5,51714.5,51673,51699.5,4494
2026-06-24T01:00:00+00:00,51699.5,51716.5,51674.5,51711,5795
2026-06-24T01:15:00+00:00,51711,51719,51662,51703.5,5047
2026-06-24T01:30:00+00:00,51703.5,51716,51676,51701.5,4680
2026-06-24T01:45:00+00:00,51701.5,51713.5,51685.5,51698.5,3223
2026-06-24T02:00:00+00:00,51698.5,51724,51690,51722.5,2552
2026-06-24T02:15:00+00:00,51722.5,51723.5,51671.5,51698.5,3083
2026-06-24T02:30:00+00:00,51698.5,51712,51657.25,51674.5,3319
2026-06-24T02:45:00+00:00,51674.5,51678.5,51639,51639.5,3886
2026-06-24T03:00:00+00:00,51639.5,51706.5,51621.5,51699.5,3953
2026-06-24T03:15:00+00:00,51699.5,51712.5,51658.5,51711.5,2890
2026-06-24T03:30:00+00:00,51711.5,51728,51701.5,51712.5,3572
2026-06-24T03:45:00+00:00,51712.5,51718,51699.5,51714.5,2086
2026-06-24T04:00:00+00:00,51714.5,51716.5,51669,51677,2510
2026-06-24T04:15:00+00:00,51677,51684,51654.5,51669.5,2848
2026-06-24T04:30:00+00:00,51669.5,51727.5,51669.5,51716.5,3048
2026-06-24T04:45:00+00:00,51716.5,51724.5,51678,51687.5,2302
2026-06-24T05:00:00+00:00,51687.5,51694.5,51643.5,51660.5,2378
2026-06-24T05:15:00+00:00,51660.5,51697,51655,51687.5,2263
2026-06-24T05:30:00+00:00,51687.5,51692.5,51669.5,51672,1986
2026-06-24T05:45:00+00:00,51672,51676.5,51658,51672.5,1549
2026-06-24T06:00:00+00:00,51672.5,51674.5,51628.5,51660.5,2824
2026-06-24T06:15:00+00:00,51660.5,51662,51620,51640.5,2201
2026-06-24T06:30:00+00:00,51640.5,51668,51638.5,51652.5,2166
2026-06-24T06:45:00+00:00,51652.5,51673,51639,51651,1542
2026-06-24T07:00:00+00:00,51651,51666.5,51601.5,51657.5,4821
2026-06-24T07:15:00+00:00,51657.5,51671.5,51630.5,51630.5,3212
2026-06-24T07:30:00+00:00,51630.5,51668,51599.5,51666.5,4132
2026-06-24T07:45:00+00:00,51666.5,51678.5,51620.5,51623,3089
2026-06-24T08:00:00+00:00,51623,51678.5,51622.5,51656.5,5188
2026-06-24T08:15:00+00:00,51656.5,51668.5,51630.5,51647.5,3639
2026-06-24T08:30:00+00:00,51647.5,51670.5,51634.5,51656,3028
2026-06-24T08:45:00+00:00,51656,51659.5,51640.5,51653,2196
2026-06-24T09:00:00+00:00,51653,51679.5,51640.5,51672.5,3016
2026-06-24T09:15:00+00:00,51672.5,51674.5,51618.5,51645.5,2696
2026-06-24T09:30:00+00:00,51645.5,51661.5,51615,51617.5,2854
2026-06-24T09:45:00+00:00,51617.5,51650,51603,51643.5,2225
2026-06-24T10:00:00+00:00,51643.5,51647.5,51608.5,51642.5,2536
2026-06-24T10:15:00+00:00,51642.5,51660,51637.5,51660,2252
2026-06-24T10:30:00+00:00,51660,51720.5,51655.5,51704.5,2382
2026-06-24T10:45:00+00:00,51704.5,51711.5,51647.5,51657.5,2171
2026-06-24T11:00:00+00:00,51657.5,51705.5,51655.5,51687,2741
2026-06-24T11:15:00+00:00,51687,51719.5,51667.5,51707.5,2545
2026-06-24T11:30:00+00:00,51707.5,51764.5,51707.5,51735.5,2996
2026-06-24T11:45:00+00:00,51735.5,51814.5,51735.5,51810.5,4347
2026-06-24T12:00:00+00:00,51810.5,51816,51750,51759.5,4323
2026-06-24T12:15:00+00:00,51759.5,51808.5,51743.5,51771.5,3657
2026-06-24T12:30:00+00:00,51771.5,51786.5,51695.5,51709,3390
2026-06-24T12:45:00+00:00,51709,51717.5,51667.5,51685.5,4015
2026-06-24T13:00:00+00:00,51685.5,51703.5,51622,51636.5,6256
2026-06-24T13:15:00+00:00,51636.5,51681,51571.5,51668,4817
2026-06-24T13:30:00+00:00,51668,51792.85,51645.35,51741.85,35219
2026-06-24T13:45:00+00:00,51741.85,51897.35,51690.35,51785.85,36419
2026-06-24T14:00:00+00:00,51785.85,51880.35,51770.35,51850.85,31142
2026-06-24T14:15:00+00:00,51850.85,51954.85,51801.85,51920.85,23984
2026-06-24T14:30:00+00:00,51920.85,51995.85,51887.85,51994.35,19395
2026-06-24T14:45:00+00:00,51994.35,52149.35,51987.35,52147.35,16305
2026-06-24T15:00:00+00:00,52147.35,52172.85,52102.85,52136.35,14171
2026-06-24T15:15:00+00:00,52136.35,52305.35,52135.35,52304.35,13323
2026-06-24T15:30:00+00:00,52304.35,52314.35,52227.85,52239.85,12461
2026-06-24T15:45:00+00:00,52239.85,52260.35,52190.35,52214.35,12902
2026-06-24T16:00:00+00:00,52214.35,52222.35,52183.35,52202.35,10363
2026-06-24T16:15:00+00:00,52202.35,52247.85,52178.35,52214.35,9067
2026-06-24T16:30:00+00:00,52214.35,52240.85,52121.25,52153.35,14112
2026-06-24T16:45:00+00:00,52153.35,52181.35,52088.85,52107.35,11180
2026-06-24T17:00:00+00:00,52107.35,52130.35,52022.35,52037.35,12395
2026-06-24T17:15:00+00:00,52037.35,52058.35,51842.85,51853.35,20075
2026-06-24T17:30:00+00:00,51853.35,51892.85,51813.35,51828.35,22185
2026-06-24T17:45:00+00:00,51828.35,51927.85,51796.35,51843.85,19893
2026-06-24T18:00:00+00:00,51843.85,51912.35,51831.35,51890.85,20154
2026-06-24T18:15:00+00:00,51890.85,52016.35,51887.85,52007.85,14951
2026-06-24T18:30:00+00:00,52007.85,52056.85,51981.85,52001.35,13098
2026-06-24T18:45:00+00:00,52001.35,52002.35,51892.35,51943.85,17576
2026-06-24T19:00:00+00:00,51943.85,52013.35,51897.35,51967.35,18799
2026-06-24T19:15:00+00:00,51967.35,51975.85,51920.35,51926.35,15604
2026-06-24T19:30:00+00:00,51926.35,51930.35,51827.85,51865.35,14864
2026-06-24T19:45:00+00:00,51865.35,51941.35,51862.35,51922.85,19174
2026-06-24T20:00:00+00:00,51922.85,52009,51896.5,51973.5,14733
2026-06-24T20:15:00+00:00,51973.5,52021,51956,51998,5054
2026-06-24T20:30:00+00:00,51998,52057.5,51977.5,52020.5,4506
2026-06-24T20:45:00+00:00,52020.5,52048.5,51994,52033.25,3347
2026-06-24T22:00:00+00:00,52033.25,52051.5,51968.5,51970,5200
2026-06-24T22:15:00+00:00,51970,51981.5,51950,51952,2334
2026-06-24T22:30:00+00:00,51952,51970.5,51951,51968,1661
2026-06-24T22:45:00+00:00,51968,51970,51952.5,51957,1179
2026-06-24T23:00:00+00:00,51957,51962.5,51941,51947,1129.3020440086032
2026-06-24T23:15:00+00:00,51947,51974,51940,51963,820
2026-06-24T23:30:00+00:00,51963,51995.5,51961,51987,988
2026-06-24T23:45:00+00:00,51987,52006.5,51971,51977,1816
2026-06-25T00:00:00+00:00,51977,51983,51936,51960,4197
2026-06-25T00:15:00+00:00,51960,51967.5,51939.5,51943,4228
2026-06-25T00:30:00+00:00,51943,51944.5,51900.5,51913,3221
2026-06-25T00:45:00+00:00,51913,51924,51883,51894.5,3420
2026-06-25T01:00:00+00:00,51894.5,51909,51879,51888,3486
2026-06-25T01:15:00+00:00,51888,51922,51884,51900,2598
2026-06-25T01:30:00+00:00,51900,51950,51900,51920,3291
2026-06-25T01:45:00+00:00,51920,51928,51905,51905,2822
2026-06-25T02:00:00+00:00,51905,51929,51894.5,51904,2621
2026-06-25T02:15:00+00:00,51904,51941,51898,51920,2191
2026-06-25T02:30:00+00:00,51920,51927,51900.5,51904,1480
2026-06-25T02:45:00+00:00,51904,51928.5,51900.5,51926.5,1145
2026-06-25T03:00:00+00:00,51926.5,51941.5,51914.5,51921,1619
2026-06-25T03:15:00+00:00,51921,51945,51905.5,51937,1586
2026-06-25T03:30:00+00:00,51937,51948,51923,51927.5,1430
2026-06-25T03:45:00+00:00,51927.5,51947,51921.5,51946.5,892
2026-06-25T04:00:00+00:00,51946.5,51951,51916.5,51917,1013
2026-06-25T04:15:00+00:00,51917,51925,51903,51909,1321
2026-06-25T04:30:00+00:00,51909,51921,51886,51920.5,1167
2026-06-25T04:45:00+00:00,51920.5,51921.5,51865.5,51877,1085
2026-06-25T05:00:00+00:00,51877,51917,51877,51906,1338
2026-06-25T05:15:00+00:00,51906,51929,51898.5,51923.5,1073
2026-06-25T05:30:00+00:00,51923.5,51934,51913,51927.5,1420
2026-06-25T05:45:00+00:00,51927.5,51930,51908,51916,1260
2026-06-25T06:00:00+00:00,51916,51972,51916,51965,2061
2026-06-25T06:15:00+00:00,51965,52006.5,51961,51999.5,2057
2026-06-25T06:30:00+00:00,51999.5,52013,51985,51994.5,1666
2026-06-25T06:45:00+00:00,51994.5,52011.5,51968,51979,1412
2026-06-25T07:00:00+00:00,51979,52001,51976.5,51981,2950
2026-06-25T07:15:00+00:00,51981,52012,51974.5,51989.5,2669
2026-06-25T07:30:00+00:00,51989.5,52002.5,51977,51989,1938
2026-06-25T07:45:00+00:00,51989,51996.5,51974.5,51994.5,1608
2026-06-25T08:00:00+00:00,51994.5,52011,51957.5,51959.5,2856
2026-06-25T08:15:00+00:00,51959.5,51978.5,51944.5,51970.5,2227
2026-06-25T08:30:00+00:00,51970.5,51997,51969,51978.5,1918
2026-06-25T08:45:00+00:00,51978.5,51983,51942,51952,1745
2026-06-25T09:00:00+00:00,51952,51983,51950,51970,2019
2026-06-25T09:15:00+00:00,51970,51978,51945,51964,2218
2026-06-25T09:30:00+00:00,51964,51983.5,51962,51978,1926
2026-06-25T09:45:00+00:00,51978,52005.5,51972,51987,1617
2026-06-25T10:00:00+00:00,51987,52111,51984.5,52074.5,3797
2026-06-25T10:15:00+00:00,52074.5,52089.5,52050.5,52074.5,1640
2026-06-25T10:30:00+00:00,52074.5,52075.5,52036,52038.5,1503
2026-06-25T10:45:00+00:00,52038.5,52081,52025,52072.5,1768
2026-06-25T11:00:00+00:00,52072.5,52078.5,52049.5,52054.5,2097
2026-06-25T11:15:00+00:00,52054.5,52054.5,52002.5,52011,2347
2026-06-25T11:30:00+00:00,52011,52053,52009,52044,2165
2026-06-25T11:45:00+00:00,52044,52053,51985,51986.5,2350
2026-06-25T12:00:00+00:00,51986.5,52030,51981,51990,2443
2026-06-25T12:15:00+00:00,51990,52001,51956,51974.75,2887
2026-06-25T12:30:00+00:00,51974.75,52095.5,51974.75,52050.5,12411
2026-06-25T12:45:00+00:00,52050.5,52112.5,52044.5,52053,5775
2026-06-25T13:00:00+00:00,52053,52084.5,52045,52077,5654
2026-06-25T13:15:00+00:00,52077,52207.5,52046,52188.5,4549
2026-06-25T13:30:00+00:00,52188.5,52330.85,52161.35,52198.85,39456
2026-06-25T13:45:00+00:00,52198.85,52215.35,52068.85,52112.35,47772
2026-06-25T14:00:00+00:00,52112.35,52524.85,52107.35,52475.35,42716
2026-06-25T14:15:00+00:00,52475.35,52696.85,52454.85,52668.85,35696
2026-06-25T14:30:00+00:00,52668.85,52741.35,52603.35,52625.35,28481
2026-06-25T14:45:00+00:00,52625.35,52732.85,52551.35,52552.35,24742
2026-06-25T15:00:00+00:00,52552.35,52585.35,52308.85,52327.85,25105
2026-06-25T15:15:00+00:00,52327.85,52451.35,52257.35,52404.35,28024
2026-06-25T15:30:00+00:00,52404.35,52442.85,52296.85,52345.35,23437
2026-06-25T15:45:00+00:00,52345.35,52405.85,52266.85,52317.35,19670
2026-06-25T16:00:00+00:00,52317.35,52395.35,52270.35,52350.85,21058
2026-06-25T16:15:00+00:00,52350.85,52369.85,52227.75,52248.35,16390
2026-06-25T16:30:00+00:00,52248.35,52248.85,52118.35,52133.85,16900
2026-06-25T16:45:00+00:00,52133.85,52154.85,52085.85,52114.35,15218
2026-06-25T17:00:00+00:00,52114.35,52147.85,52072.85,52106.85,12642
2026-06-25T17:15:00+00:00,52106.85,52169.85,52046.85,52084.85,15220
2026-06-25T17:30:00+00:00,52084.85,52131.85,52046.85,52055.35,13188
2026-06-25T17:45:00+00:00,52055.35,52097.85,51987.85,52087.35,16305
2026-06-25T18:00:00+00:00,52087.35,52092.35,51952.35,52035.85,21625
2026-06-25T18:15:00+00:00,52035.85,52217.35,52022.35,52202.85,17189
2026-06-25T18:30:00+00:00,52202.85,52203.85,52021.85,52027.85,17203
2026-06-25T18:45:00+00:00,52027.85,52075.85,51979.85,52041.35,14925
2026-06-25T19:00:00+00:00,52041.35,52075.85,51999.35,52029.35,12595
2026-06-25T19:15:00+00:00,52029.35,52055.35,52001.85,52012.35,13158
2026-06-25T19:30:00+00:00,52012.35,52023.85,51979.35,51986.35,12853
2026-06-25T19:45:00+00:00,51986.35,52025.35,51938.75,52014.85,17843
2026-06-25T20:00:00+00:00,52014.85,52119,52008.5,52094.5,7853
2026-06-25T20:15:00+00:00,52094.5,52177,52093,52149.5,3848
2026-06-25T20:30:00+00:00,52149.5,52155,52136,52142,1649
2026-06-25T20:45:00+00:00,52142,52142,52088,52101.25,1533
2026-06-25T22:00:00+00:00,52101.25,52111,52054.75,52071.5,4258
2026-06-25T22:15:00+00:00,52071.5,52091,52067,52068,2115
2026-06-25T22:30:00+00:00,52068,52078,52061.5,52072.5,1377
2026-06-25T22:45:00+00:00,52072.5,52087.5,52063.5,52085.5,1069
2026-06-25T23:00:00+00:00,52085.5,52108.5,52083,52108,872
2026-06-25T23:15:00+00:00,52108,52186,52103.5,52155,3868
2026-06-25T23:30:00+00:00,52155,52161,52068.5,52073,2413
2026-06-25T23:45:00+00:00,52073,52073,52018,52052,3636
2026-06-26T00:00:00+00:00,52052,52118,52035,52110.5,7281
2026-06-26T00:15:00+00:00,52110.5,52123.5,52081.5,52119.5,7995
2026-06-26T00:30:00+00:00,52119.5,52130,52089,52109,5703
2026-06-26T00:45:00+00:00,52109,52125.5,52080,52091,4571
2026-06-26T01:00:00+00:00,52091,52114,52052,52088,5313
2026-06-26T01:15:00+00:00,52088,52118.5,52048,52051.5,4142
2026-06-26T01:30:00+00:00,52051.5,52057.5,51998,52007.5,5163
2026-06-26T01:45:00+00:00,52007.5,52041.5,51973,51996,4929
2026-06-26T02:00:00+00:00,51996,52004,51937,51953,4671
2026-06-26T02:15:00+00:00,51953,51977,51929.5,51943,4589
2026-06-26T02:30:00+00:00,51943,51948,51905,51938,4402
2026-06-26T02:45:00+00:00,51938,51938.5,51886,51895,5805
2026-06-26T03:00:00+00:00,51895,51900,51873.5,51884,3775
2026-06-26T03:15:00+00:00,51884,51894,51877.5,51891,2559
2026-06-26T03:30:00+00:00,51891,51892,51846.5,51892,4986
2026-06-26T03:45:00+00:00,51892,51936.5,51877,51934,4003
2026-06-26T04:00:00+00:00,51934,51941,51914,51925,4037
2026-06-26T04:15:00+00:00,51925,51943,51896.5,51923.5,3452
2026-06-26T04:30:00+00:00,51923.5,51937,51889.5,51906.5,3355
2026-06-26T04:45:00+00:00,51906.5,51908,51876.5,51883,2508
2026-06-26T05:00:00+00:00,51883,51910.5,51873,51910.5,3353
2026-06-26T05:15:00+00:00,51910.5,51933,51904,51920.5,2990
2026-06-26T05:30:00+00:00,51920.5,51940,51841,51842.5,3058
2026-06-26T05:45:00+00:00,51842.5,51893.5,51824.5,51877,3304
2026-06-26T06:00:00+00:00,51877,51919.5,51872.5,51916,3617
2026-06-26T06:15:00+00:00,51916,51963,51916,51961,3310
2026-06-26T06:30:00+00:00,51961,52006.5,51945.5,52004,2964
2026-06-26T06:45:00+00:00,52004,52082,51997.5,52056.5,3295
2026-06-26T07:00:00+00:00,52056.5,52064,52002,52043,4217
2026-06-26T07:15:00+00:00,52043,52091,52033.5,52085,3255
2026-06-26T07:30:00+00:00,52085,52105,52062,52074,2552
2026-06-26T07:45:00+00:00,52074,52097.5,52058,52091,2425
2026-06-26T08:00:00+00:00,52091,52116,52059,52072.5,4684
2026-06-26T08:15:00+00:00,52072.5,52108,52063,52103.5,3558
2026-06-26T08:30:00+00:00,52103.5,52107,52032,52037.5,3548
2026-06-26T08:45:00+00:00,52037.5,52044,51938.5,51976,4319
2026-06-26T09:00:00+00:00,51976,51981.5,51932,51970,4671
2026-06-26T09:15:00+00:00,51970,51973.5,51915.5,51934,5026
2026-06-26T09:30:00+00:00,51934,51986,51912,51968,3848
2026-06-26T09:45:00+00:00,51968,51998,51936,51947,4233
2026-06-26T10:00:00+00:00,51947,51956.5,51891.5,51947,4088
2026-06-26T10:15:00+00:00,51947,51958.5,51902,51937,2981
2026-06-26T10:30:00+00:00,51937,51959,51928,51936,3198
2026-06-26T10:45:00+00:00,51936,51954.5,51919.5,51942,2887
2026-06-26T11:00:00+00:00,51942,51973,51914,51948,4542
2026-06-26T11:15:00+00:00,51948,51948,51910,51927.5,3323
2026-06-26T11:30:00+00:00,51927.5,51968,51925.5,51946,3464
2026-06-26T11:45:00+00:00,51946,51967,51900,51935.5,3604
2026-06-26T12:00:00+00:00,51935.5,52040.5,51926.5,52020,4313
2026-06-26T12:15:00+00:00,52020,52052,51940,51963.5,5027
2026-06-26T12:30:00+00:00,51963.5,51988.5,51886,51894.5,5428
2026-06-26T12:45:00+00:00,51894.5,51914.5,51848.5,51905,5005
2026-06-26T13:00:00+00:00,51905,51912,51857,51866,6906
2026-06-26T13:15:00+00:00,51866,51876,51730,51757.5,12280
2026-06-26T13:30:00+00:00,51757.5,51884.35,51701.85,51722.35,53096
2026-06-26T13:45:00+00:00,51722.35,51891.35,51667.35,51850.75,42117
2026-06-26T14:00:00+00:00,51850.75,52002.85,51841.75,51971.35,31067
2026-06-26T14:15:00+00:00,51971.35,52092.35,51962.35,52046.85,22978
2026-06-26T14:30:00+00:00,52046.85,52086.35,51936.35,51952.85,19434
2026-06-26T14:45:00+00:00,51952.85,52032.85,51918.85,51946.85,23721
2026-06-26T15:00:00+00:00,51946.85,52012.85,51940.85,51958.35,19342
2026-06-26T15:15:00+00:00,51958.35,52113.85,51931.35,52113.85,17306
2026-06-26T15:30:00+00:00,52113.85,52201.85,52110.85,52167.35,16996
2026-06-26T15:45:00+00:00,52167.35,52182.35,52061.75,52161.85,17799
2026-06-26T16:00:00+00:00,52161.85,52166.35,52011.35,52014.35,13235
2026-06-26T16:15:00+00:00,52014.35,52047.35,51901.35,51962.85,17204
2026-06-26T16:30:00+00:00,51962.85,52043.35,51962.85,51979.85,11993
2026-06-26T16:45:00+00:00,51979.85,52039.85,51976.35,52034.35,10241
2026-06-26T17:00:00+00:00,52034.35,52133.85,52020.85,52080.85,10378
2026-06-26T17:15:00+00:00,52080.85,52086.35,51987.85,52036.85,9661
2026-06-26T17:30:00+00:00,52036.85,52075.85,51990.35,52016.35,11961
2026-06-26T17:45:00+00:00,52016.35,52023.85,51949.85,51969.35,9082
2026-06-26T18:00:00+00:00,51969.35,52028.35,51960.85,51984.85,10350
2026-06-26T18:15:00+00:00,51984.85,51997.85,51940.85,51954.85,9853
2026-06-26T18:30:00+00:00,51954.85,51987.85,51934.85,51957.35,8241
2026-06-26T18:45:00+00:00,51957.35,51958.35,51877.35,51898.35,10556
2026-06-26T19:00:00+00:00,51898.35,51944.35,51875.85,51942.85,11158
2026-06-26T19:15:00+00:00,51942.85,51967.85,51898.35,51913.35,10234
2026-06-26T19:30:00+00:00,51913.35,51917.35,51852.85,51882.35,11166
2026-06-26T19:45:00+00:00,51882.35,51980.35,51787.75,51810.75,25091
2026-06-26T20:00:00+00:00,51810.75,51933.5,51810.75,51914.5,16116
2026-06-26T20:15:00+00:00,51914.5,51943.5,51894,51925,6251
2026-06-26T20:30:00+00:00,51925,51933,51822.5,51847.75,9554
2026-06-28T22:00:00+00:00,51847.75,52060.26,51847.75,52044.26,5046
2026-06-28T22:15:00+00:00,52044.26,52045.26,52000.26,52019.76,2273
2026-06-28T22:30:00+00:00,52019.76,52048.76,52016.26,52045.76,1895
2026-06-28T22:45:00+00:00,52045.76,52050.26,52037.26,52042.26,725
2026-06-28T23:00:00+00:00,52042.26,52117.26,52033.76,52102.76,2649
2026-06-28T23:15:00+00:00,52102.76,52128.76,52090.26,52118.76,1752
2026-06-28T23:30:00+00:00,52118.76,52145.26,52118.76,52140.76,1891
2026-06-28T23:45:00+00:00,52140.76,52157.26,52109.26,52110.26,3676
2026-06-29T00:00:00+00:00,52110.26,52112.76,52045.76,52082.26,6216
2026-06-29T00:15:00+00:00,52082.26,52091.76,52027.76,52032.26,6776
2026-06-29T00:30:00+00:00,52032.26,52084.26,52028.26,52078.26,5515
2026-06-29T00:45:00+00:00,52078.26,52078.26,52012.26,52073.26,4759
2026-06-29T01:00:00+00:00,52073.26,52082.76,52029.26,52040.26,4254
2026-06-29T01:15:00+00:00,52040.26,52044.26,51988.76,52002.26,4642
2026-06-29T01:30:00+00:00,52002.26,52045.26,51977.76,52032.26,5603
2026-06-29T01:45:00+00:00,52032.26,52047.76,51994.76,52033.76,3925
2026-06-29T02:00:00+00:00,52033.76,52042.26,51969.76,51976.76,3507
2026-06-29T02:15:00+00:00,51976.76,52052.76,51963.26,52048.76,3284
2026-06-29T02:30:00+00:00,52048.76,52077.26,52043.76,52066.76,2209
2026-06-29T02:45:00+00:00,52066.76,52077.76,52062.76,52067.26,1714
2026-06-29T03:00:00+00:00,52067.26,52107.26,52067.26,52081.26,1950
2026-06-29T03:15:00+00:00,52081.26,52082.76,52067.76,52068.26,1290
2026-06-29T03:30:00+00:00,52068.26,52075.76,52014.26,52030.26,2272
2026-06-29T03:45:00+00:00,52030.26,52098.26,52026.26,52091.26,2685
2026-06-29T04:00:00+00:00,52091.26,52091.76,52057.26,52059.76,1895
2026-06-29T04:15:00+00:00,52059.76,52077.26,52047.76,52067.76,1611
2026-06-29T04:30:00+00:00,52067.76,52075.26,52050.26,52060.26,1609
2026-06-29T04:45:00+00:00,52060.26,52074.26,52054.76,52066.26,1801
2026-06-29T05:00:00+00:00,52066.26,52088.26,52055.26,52088.26,2279
2026-06-29T05:15:00+00:00,52088.26,52098.26,52065.26,52073.26,1866
2026-06-29T05:30:00+00:00,52073.26,52126.26,52070.26,52124.76,2366
2026-06-29T05:45:00+00:00,52124.76,52146.76,52108.26,52137.76,2329
2026-06-29T06:00:00+00:00,52137.76,52139.76,52086.26,52098.26,2853
2026-06-29T06:15:00+00:00,52098.26,52103.26,52079.76,52092.76,1847
2026-06-29T06:30:00+00:00,52092.76,52098.76,52075.26,52087.76,1667
2026-06-29T06:45:00+00:00,52087.76,52089.76,52049.26,52058.76,961
2026-06-29T07:00:00+00:00,52058.76,52061.26,51996.26,52045.26,3409
2026-06-29T07:15:00+00:00,52045.26,52124.76,52044.76,52110.26,2688
2026-06-29T07:30:00+00:00,52110.26,52126.76,52083.26,52106.26,2424
2026-06-29T07:45:00+00:00,52106.26,52123.26,52072.26,52118.26,2413
2026-06-29T08:00:00+00:00,52118.26,52160.76,52111.26,52152.26,3550
2026-06-29T08:15:00+00:00,52152.26,52173.26,52100.76,52104.76,2831
2026-06-29T08:30:00+00:00,52104.76,52141.26,52098.76,52104.26,2424
2026-06-29T08:45:00+00:00,52104.26,52113.26,52067.26,52071.26,2106
2026-06-29T09:00:00+00:00,52071.26,52117.26,52062.26,52108.26,2119
2026-06-29T09:15:00+00:00,52108.26,52124.26,52097.76,52121.76,1863
2026-06-29T09:30:00+00:00,52121.76,52129.26,52098.26,52112.26,1508
2026-06-29T09:45:00+00:00,52112.26,52115.26,52041.26,52079.26,2670
2026-06-29T10:00:00+00:00,52079.26,52097.26,52063.26,52078.26,1960
2026-06-29T10:15:00+00:00,52078.26,52099.76,52048.26,52099.76,1510
2026-06-29T10:30:00+00:00,52099.76,52144.76,52096.26,52125.26,1935
2026-06-29T10:45:00+00:00,52125.26,52159.76,52093.01,52156.26,1722
2026-06-29T11:00:00+00:00,52156.26,52192.26,52131.26,52137.26,2515
2026-06-29T11:15:00+00:00,52137.26,52145.26,52108.76,52134.26,1928
2026-06-29T11:30:00+00:00,52134.26,52203.26,52126.26,52171.26,3931
2026-06-29T11:45:00+00:00,52171.26,52196.26,52156.26,52170.76,1806
2026-06-29T12:00:00+00:00,52170.76,52173.76,52141.76,52157.26,2105
2026-06-29T12:15:00+00:00,52157.26,52179.26,52141.26,52157.26,2186
2026-06-29T12:30:00+00:00,52157.26,52168.76,52092.26,52125.26,2891
2026-06-29T12:45:00+00:00,52125.26,52169.26,52116.26,52168.26,2511
2026-06-29T13:00:00+00:00,52168.26,52219.76,52163.26,52212.26,3480
2026-06-29T13:15:00+00:00,52212.26,52235.76,52129.26,52164.76,4784
2026-06-29T13:30:00+00:00,52164.76,52348.11,52086.61,52343.61,44266
2026-06-29T13:45:00+00:00,52343.61,52391.11,52241.11,52259.11,32286
2026-06-29T14:00:00+00:00,52259.11,52279.11,52040.11,52041.11,35501
2026-06-29T14:15:00+00:00,52041.11,52295.61,52030.11,52261.61,35139
2026-06-29T14:30:00+00:00,52261.61,52406.61,52255.61,52322.11,25098
2026-06-29T14:45:00+00:00,52322.11,52379.61,52243.11,52303.11,22065
2026-06-29T15:00:00+00:00,52303.11,52309.11,52169.11,52208.11,16211
2026-06-29T15:15:00+00:00,52208.11,52214.11,52140.11,52193.61,13010
2026-06-29T15:30:00+00:00,52193.61,52222.11,52156.11,52218.11,10404
2026-06-29T15:45:00+00:00,52218.11,52228.61,52160.11,52196.11,8339
2026-06-29T16:00:00+00:00,52196.11,52249.61,52175.61,52228.11,7334
2026-06-29T16:15:00+00:00,52228.11,52236.11,52170.61,52197.11,5939
2026-06-29T16:30:00+00:00,52197.11,52208.11,52161.61,52184.11,6001
2026-06-29T16:45:00+00:00,52184.11,52215.61,52165.61,52198.61,4942
2026-06-29T17:00:00+00:00,52198.61,52273.11,52193.11,52258.11,5978
2026-06-29T17:15:00+00:00,52258.11,52277.11,52199.61,52216.11,6226
2026-06-29T17:30:00+00:00,52216.11,52297.61,52205.11,52288.11,5188
2026-06-29T17:45:00+00:00,52288.11,52336.11,52278.11,52320.61,4720
2026-06-29T18:00:00+00:00,52320.61,52363.11,52308.61,52340.11,5404
2026-06-29T18:15:00+00:00,52340.11,52350.11,52303.61,52314.11,4553
2026-06-29T18:30:00+00:00,52314.11,52346.11,52308.11,52331.61,4605
2026-06-29T18:45:00+00:00,52331.61,52339.11,52310.11,52320.11,3708
2026-06-29T19:00:00+00:00,52320.11,52334.61,52298.11,52299.61,4347
2026-06-29T19:15:00+00:00,52299.61,52303.61,52275.61,52281.11,4288
2026-06-29T19:30:00+00:00,52281.11,52286.11,52243.11,52277.11,5008
2026-06-29T19:45:00+00:00,52277.11,52302.11,52240.11,52259.11,9601
2026-06-29T20:00:00+00:00,52259.11,52277.76,52244.26,52262.76,2802
2026-06-29T20:15:00+00:00,52262.76,52287.26,52255.26,52275.76,844
2026-06-29T20:30:00+00:00,52275.76,52278.26,52253.76,52264.26,574
2026-06-29T20:45:00+00:00,52264.26,52270.26,52233.01,52241.01,946
2026-06-29T22:00:00+00:00,52241.01,52270.8,52235.3,52250.3,3246
2026-06-29T22:15:00+00:00,52250.3,52259.8,52238.8,52246.8,774
2026-06-29T22:30:00+00:00,52246.8,52256.3,52229.8,52247.8,889
2026-06-29T22:45:00+00:00,52247.8,52248.3,52235.3,52242.3,448
2026-06-29T23:00:00+00:00,52242.3,52267.3,52238.8,52242.8,875
2026-06-29T23:15:00+00:00,52242.8,52249.3,52236.8,52240.3,519
2026-06-29T23:30:00+00:00,52240.3,52251.8,52234.8,52238.8,835
2026-06-29T23:45:00+00:00,52238.8,52240.8,52207.3,52228.3,1375
2026-06-30T00:00:00+00:00,52228.3,52241.3,52206.3,52238.3,3406
2026-06-30T00:15:00+00:00,52238.3,52240.8,52207.8,52212.8,2636
2026-06-30T00:30:00+00:00,52212.8,52215.3,52178.8,52203.3,3001
2026-06-30T00:45:00+00:00,52203.3,52231.8,52200.3,52229.3,2122
2026-06-30T01:00:00+00:00,52229.3,52235.8,52202.8,52209.3,2090
2026-06-30T01:15:00+00:00,52209.3,52248.3,52204.3,52247.8,1675
2026-06-30T01:30:00+00:00,52247.8,52271.3,52226.8,52256.3,2029
2026-06-30T01:45:00+00:00,52256.3,52261.8,52242.8,52259.8,1355
2026-06-30T02:00:00+00:00,52259.8,52260.8,52232.3,52235.8,1431
2026-06-30T02:15:00+00:00,52235.8,52246.3,52211.8,52237.8,1634
2026-06-30T02:30:00+00:00,52237.8,52244.3,52231.3,52234.8,1018
2026-06-30T02:45:00+00:00,52234.8,52242.8,52219.3,52220.8,972
2026-06-30T03:00:00+00:00,52220.8,52242.8,52218.3,52236.8,913
2026-06-30T03:15:00+00:00,52236.8,52247.8,52232.3,52243.8,841
2026-06-30T03:30:00+00:00,52243.8,52280.8,52237.8,52278.8,1418
2026-06-30T03:45:00+00:00,52278.8,52300.3,52273.3,52276.3,1486
2026-06-30T04:00:00+00:00,52276.3,52295.3,52273.8,52293.8,949
2026-06-30T04:15:00+00:00,52293.8,52301.3,52288.8,52290.3,705
2026-06-30T04:30:00+00:00,52290.3,52319.3,52285.8,52304.8,934
2026-06-30T04:45:00+00:00,52304.8,52305.8,52285.8,52290.8,883
2026-06-30T05:00:00+00:00,52290.8,52313.8,52290.8,52312.3,1103
2026-06-30T05:15:00+00:00,52312.3,52313.8,52287.3,52289.8,1104
2026-06-30T05:30:00+00:00,52289.8,52297.3,52277.8,52283.3,1686
2026-06-30T05:45:00+00:00,52283.3,52307.3,52279.8,52301.8,986
2026-06-30T06:00:00+00:00,52301.8,52316.3,52296.8,52304.8,1646
2026-06-30T06:15:00+00:00,52304.8,52306.8,52267.3,52297.8,1629
2026-06-30T06:30:00+00:00,52297.8,52299.3,52267.8,52272.8,1795
2026-06-30T06:45:00+00:00,52272.8,52316.3,52270.3,52316.3,1396
2026-06-30T07:00:00+00:00,52316.3,52351.3,52301.3,52304.8,2600
2026-06-30T07:15:00+00:00,52304.8,52324.8,52294.8,52316.8,1639
2026-06-30T07:30:00+00:00,52316.8,52337.8,52314.8,52333.3,1331
2026-06-30T07:45:00+00:00,52333.3,52334.3,52289.8,52300.3,1838
2026-06-30T08:00:00+00:00,52300.3,52334.3,52286.3,52286.3,2684
2026-06-30T08:15:00+00:00,52286.3,52322.3,52265.8,52318.8,2264
2026-06-30T08:30:00+00:00,52318.8,52326.8,52257.3,52274.3,2999
2026-06-30T08:45:00+00:00,52274.3,52310.8,52254.8,52306.8,2042
2026-06-30T09:00:00+00:00,52306.8,52358.3,52300.8,52352.8,1811
2026-06-30T09:15:00+00:00,52352.8,52367.3,52347.3,52357.8,1697
2026-06-30T09:30:00+00:00,52357.8,52374.8,52328.8,52370.3,1921
2026-06-30T09:45:00+00:00,52370.3,52411.3,52366.8,52378.8,1735
2026-06-30T10:00:00+00:00,52378.8,52401.8,52330.8,52341.8,2390
2026-06-30T10:15:00+00:00,52341.8,52370.8,52324.3,52342.8,2030
2026-06-30T10:30:00+00:00,52342.8,52353.3,52317.8,52347.8,1789
2026-06-30T10:45:00+00:00,52347.8,52391.3,52337.8,52384.3,1467
2026-06-30T11:00:00+00:00,52384.3,52425.3,52369.3,52400.8,1765
2026-06-30T11:15:00+00:00,52400.8,52401.3,52337.3,52346.8,1809
2026-06-30T11:30:00+00:00,52346.8,52370.3,52332.8,52357.3,1971
2026-06-30T11:45:00+00:00,52357.3,52378.8,52322.3,52326.8,1736
2026-06-30T12:00:00+00:00,52326.8,52328.3,52258.8,52273.8,3322
2026-06-30T12:15:00+00:00,52273.8,52273.8,52217.3,52224.3,3474
2026-06-30T12:30:00+00:00,52224.3,52265.8,52203.3,52252.3,3679
2026-06-30T12:45:00+00:00,52252.3,52296.8,52251.3,52257.3,2399
2026-06-30T13:00:00+00:00,52257.3,52270.3,52224.8,52233.3,3104
2026-06-30T13:15:00+00:00,52233.3,52374.8,52223.8,52373.8,3965
2026-06-30T13:30:00+00:00,52373.8,52373.8,52096.15,52222.65,34810
2026-06-30T13:45:00+00:00,52222.65,52356.65,52169.15,52319.55,18959
2026-06-30T14:00:00+00:00,52319.55,52371.65,52260.65,52311.15,17295
2026-06-30T14:15:00+00:00,52311.15,52367.15,52286.15,52355.65,11990
2026-06-30T14:30:00+00:00,52355.65,52444.65,52329.65,52376.65,11648
2026-06-30T14:45:00+00:00,52376.65,52410.65,52305.15,52324.65,11891
2026-06-30T15:00:00+00:00,52324.65,52420.65,52317.65,52392.65,9785
2026-06-30T15:15:00+00:00,52392.65,52439.15,52344.65,52427.65,8157
2026-06-30T15:30:00+00:00,52427.65,52429.65,52327.15,52338.65,7136
2026-06-30T15:45:00+00:00,52338.65,52392.65,52336.15,52391.65,5903
2026-06-30T16:00:00+00:00,52391.65,52449.65,52386.65,52445.65,5668
2026-06-30T16:15:00+00:00,52445.65,52463.65,52404.65,52422.65,5122
2026-06-30T16:30:00+00:00,52422.65,52454.15,52412.65,52453.65,4739
2026-06-30T16:45:00+00:00,52453.65,52474.65,52436.65,52456.65,4803
2026-06-30T17:00:00+00:00,52456.65,52466.65,52427.65,52427.65,4206
2026-06-30T17:15:00+00:00,52427.65,52462.15,52421.65,52456.65,3923
2026-06-30T17:30:00+00:00,52456.65,52476.65,52415.65,52437.15,4133
2026-06-30T17:45:00+00:00,52437.15,52441.15,52409.65,52413.65,3114
2026-06-30T18:00:00+00:00,52413.65,52439.15,52400.65,52416.65,3827
2026-06-30T18:15:00+00:00,52416.65,52426.15,52403.65,52417.65,3574
2026-06-30T18:30:00+00:00,52417.65,52421.65,52384.15,52409.15,3812
2026-06-30T18:45:00+00:00,52409.15,52450.65,52401.65,52425.65,3754
2026-06-30T19:00:00+00:00,52425.65,52443.65,52405.65,52436.65,3948
2026-06-30T19:15:00+00:00,52436.65,52467.65,52428.65,52429.65,4782
2026-06-30T19:30:00+00:00,52429.65,52432.65,52358.65,52383.65,6428
2026-06-30T19:45:00+00:00,52383.65,52450.65,52358.15,52389.15,12453
2026-06-30T20:00:00+00:00,52389.15,52418.8,52348.3,52367.3,5126
2026-06-30T20:15:00+00:00,52367.3,52377.8,52336.3,52338.3,1765
2026-06-30T20:30:00+00:00,52338.3,52338.8,52305.8,52306.3,647
2026-06-30T20:45:00+00:00,52306.3,52311.8,52273.3,52281.55,1097
2026-06-30T22:00:00+00:00,52281.55,52319.3,52281.55,52311.3,1847
2026-06-30T22:15:00+00:00,52311.3,52330.3,52309.3,52325.8,752
2026-06-30T22:30:00+00:00,52325.8,52331.8,52318.8,52322.3,439
2026-06-30T22:45:00+00:00,52322.3,52323.8,52290.3,52298.8,663
2026-06-30T23:00:00+00:00,52298.8,52303.8,52283.3,52294.3,664
2026-06-30T23:15:00+00:00,52294.3,52300.3,52288.8,52296.3,285
2026-06-30T23:30:00+00:00,52296.3,52308.3,52294.8,52298.3,415
2026-06-30T23:45:00+00:00,52298.3,52306.8,52283.3,52294.8,987
2026-07-01T00:00:00+00:00,52294.8,52315.8,52293.8,52308.3,2478
2026-07-01T00:15:00+00:00,52308.3,52329.8,52306.3,52323.8,2136
2026-07-01T00:30:00+00:00,52323.8,52341.3,52323.3,52332.8,1291
2026-07-01T00:45:00+00:00,52332.8,52348.8,52324.8,52327.3,1468
2026-07-01T01:00:00+00:00,52327.3,52336.8,52275.8,52297.8,2514
2026-07-01T01:15:00+00:00,52297.8,52302.3,52263.8,52270.8,3311
2026-07-01T01:30:00+00:00,52270.8,52279.8,52254.8,52260.3,2537
2026-07-01T01:45:00+00:00,52260.3,52267.8,52250.8,52257.3,1617
2026-07-01T02:00:00+00:00,52257.3,52268.3,52215.3,52225.8,2604
2026-07-01T02:15:00+00:00,52225.8,52234.8,52188.3,52228.3,2543
2026-07-01T02:30:00+00:00,52228.3,52236.3,52219.3,52226.3,1754
2026-07-01T02:45:00+00:00,52226.3,52230.8,52214.3,52214.3,1310
2026-07-01T03:00:00+00:00,52214.3,52224.3,52210.3,52222.8,1391
2026-07-01T03:15:00+00:00,52222.8,52224.8,52192.3,52195.3,1209
2026-07-01T03:30:00+00:00,52195.3,52212.8,52186.8,52206.8,1577
2026-07-01T03:45:00+00:00,52206.8,52231.8,52205.8,52224.8,965
2026-07-01T04:00:00+00:00,52224.8,52225.8,52205.8,52213.8,1696
2026-07-01T04:15:00+00:00,52213.8,52225.8,52208.3,52221.8,1459
2026-07-01T04:30:00+00:00,52221.8,52231.8,52208.8,52230.3,1499
2026-07-01T04:45:00+00:00,52230.3,52252.8,52223.3,52232.3,1253
2026-07-01T05:00:00+00:00,52232.3,52241.8,52219.8,52234.8,1812
2026-07-01T05:15:00+00:00,52234.8,52239.8,52221.8,52224.8,1626
2026-07-01T05:30:00+00:00,52224.8,52230.3,52211.3,52221.8,1483
2026-07-01T05:45:00+00:00,52221.8,52228.3,52205.8,52221.8,1622
2026-07-01T06:00:00+00:00,52221.8,52239.3,52207.3,52215.3,2346
2026-07-01T06:15:00+00:00,52215.3,52241.8,52212.8,52229.8,1951
2026-07-01T06:30:00+00:00,52229.8,52250.8,52218.3,52242.3,1863
2026-07-01T06:45:00+00:00,52242.3,52255.3,52225.3,52235.8,1697
2026-07-01T07:00:00+00:00,52235.8,52256.3,52156.3,52174.8,3023
2026-07-01T07:15:00+00:00,52174.8,52204.3,52148.3,52191.8,3418
2026-07-01T07:30:00+00:00,52191.8,52217.8,52184.8,52203.8,1929
2026-07-01T07:45:00+00:00,52203.8,52227.3,52193.8,52218.8,1857
2026-07-01T08:00:00+00:00,52218.8,52245.3,52199.8,52233.8,2585
2026-07-01T08:15:00+00:00,52233.8,52272.8,52232.8,52269.3,2131
2026-07-01T08:30:00+00:00,52269.3,52294.3,52259.8,52285.3,2188
2026-07-01T08:45:00+00:00,52285.3,52285.3,52263.3,52281.8,1808
2026-07-01T09:00:00+00:00,52281.8,52285.8,52230.8,52259.8,2360
2026-07-01T09:15:00+00:00,52259.8,52267.8,52244.8,52266.8,1267
2026-07-01T09:30:00+00:00,52266.8,52281.8,52255.3,52267.3,1285
2026-07-01T09:45:00+00:00,52267.3,52273.8,52244.8,52268.3,1429
2026-07-01T10:00:00+00:00,52268.3,52279.8,52226.3,52246.3,1694
2026-07-01T10:15:00+00:00,52246.3,52285.8,52246.3,52273.8,1392
2026-07-01T10:30:00+00:00,52273.8,52294.3,52259.3,52268.8,1395
2026-07-01T10:45:00+00:00,52268.8,52291.8,52258.3,52276.8,1358
2026-07-01T11:00:00+00:00,52276.8,52298.8,52274.8,52282.8,1442
2026-07-01T11:15:00+00:00,52282.8,52307.3,52280.3,52284.8,1233
2026-07-01T11:30:00+00:00,52284.8,52287.8,52232.3,52250.3,1761
2026-07-01T11:45:00+00:00,52250.3,52265.3,52224.8,52240.8,1899
2026-07-01T12:00:00+00:00,52240.8,52247.3,52195.3,52231.8,3077
2026-07-01T12:15:00+00:00,52231.8,52265.3,52231.8,52243.8,2709
2026-07-01T12:30:00+00:00,52243.8,52255.3,52183.3,52205.8,5754
2026-07-01T12:45:00+00:00,52205.8,52273.8,52199.8,52250.3,4245
2026-07-01T13:00:00+00:00,52250.3,52292.8,52210.8,52233.8,5802
2026-07-01T13:15:00+00:00,52233.8,52330.3,52228.3,52296.8,8581
2026-07-01T13:30:00+00:00,52296.8,52371.15,52103.65,52216.15,42699
2026-07-01T13:45:00+00:00,52216.15,52376.15,52203.55,52344.15,21254
2026-07-01T14:00:00+00:00,52344.15,52524.15,52309.15,52516.65,17313
2026-07-01T14:15:00+00:00,52516.65,52526.65,52439.65,52476.65,12608
2026-07-01T14:30:00+00:00,52476.65,52515.65,52445.15,52480.65,11570
2026-07-01T14:45:00+00:00,52480.65,52529.65,52454.15,52527.15,11992
2026-07-01T15:00:00+00:00,52527.15,52567.65,52482.65,52507.65,10596
2026-07-01T15:15:00+00:00,52507.65,52624.65,52490.65,52622.15,10540
2026-07-01T15:30:00+00:00,52622.15,52669.15,52587.65,52664.65,8778
2026-07-01T15:45:00+00:00,52664.65,52711.15,52663.15,52707.65,6919
2026-07-01T16:00:00+00:00,52707.65,52816.65,52703.65,52813.65,6687
2026-07-01T16:15:00+00:00,52813.65,52827.65,52752.65,52767.65,6704
2026-07-01T16:30:00+00:00,52767.65,52797.15,52691.15,52708.65,6289
2026-07-01T16:45:00+00:00,52708.65,52712.65,52586.15,52588.15,7979
2026-07-01T17:00:00+00:00,52588.15,52619.65,52537.65,52561.65,8726
2026-07-01T17:15:00+00:00,52561.65,52592.65,52540.65,52570.65,5998
2026-07-01T17:30:00+00:00,52570.65,52588.65,52510.15,52510.65,5886
2026-07-01T17:45:00+00:00,52510.65,52521.15,52481.15,52490.65,5543
2026-07-01T18:00:00+00:00,52490.65,52514.15,52435.65,52445.65,5706
2026-07-01T18:15:00+00:00,52445.65,52452.65,52415.65,52433.15,6089
2026-07-01T18:30:00+00:00,52433.15,52455.65,52413.65,52450.65,4590
2026-07-01T18:45:00+00:00,52450.65,52460.15,52419.15,52446.15,5539
2026-07-01T19:00:00+00:00,52446.15,52464.65,52419.15,52445.65,5967
2026-07-01T19:15:00+00:00,52445.65,52469.15,52417.15,52417.15,4999
2026-07-01T19:30:00+00:00,52417.15,52442.65,52396.65,52431.65,7095
2026-07-01T19:45:00+00:00,52431.65,52447.65,52378.15,52384.65,10648
2026-07-01T20:00:00+00:00,52384.65,52388.8,52304.3,52333.3,5445
2026-07-01T20:15:00+00:00,52333.3,52345.3,52317.8,52323.8,1705
2026-07-01T20:30:00+00:00,52323.8,52328.8,52291.8,52306.8,1541
2026-07-01T20:45:00+00:00,52306.8,52333.3,52301.3,52325.05,1425
2026-07-01T22:00:00+00:00,52325.05,52348.75,52299,52321.25,2509
2026-07-01T22:15:00+00:00,52321.25,52345.25,52321.25,52341.75,910.5228052967141
2026-07-01T22:30:00+00:00,52341.75,52344.25,52334.75,52337.75,382
2026-07-01T22:45:00+00:00,52337.75,52349.25,52329.25,52345.25,730
2026-07-01T23:00:00+00:00,52345.25,52349.75,52338.25,52349.75,671.045468091447
2026-07-01T23:15:00+00:00,52349.75,52353.25,52343.25,52350.25,524
2026-07-01T23:30:00+00:00,52350.25,52355.25,52342.25,52349.75,466
2026-07-01T23:45:00+00:00,52349.75,52350.75,52307.75,52334.75,2138
2026-07-02T00:00:00+00:00,52334.75,52335.75,52287.75,52318.25,5791
2026-07-02T00:15:00+00:00,52318.25,52340.75,52313.75,52327.25,3705
2026-07-02T00:30:00+00:00,52327.25,52339.25,52303.75,52307.25,2193
2026-07-02T00:45:00+00:00,52307.25,52342.75,52306.75,52337.75,2482
2026-07-02T01:00:00+00:00,52337.75,52362.25,52334.75,52361.25,1912
2026-07-02T01:15:00+00:00,52361.25,52369.75,52345.75,52368.25,1503
2026-07-02T01:30:00+00:00,52368.25,52411.75,52367.25,52405.25,1938
2026-07-02T01:45:00+00:00,52405.25,52423.25,52400.75,52407.25,1327
2026-07-02T02:00:00+00:00,52407.25,52427.75,52403.75,52427.25,1093
2026-07-02T02:15:00+00:00,52427.25,52443.75,52424.75,52437.25,965
2026-07-02T02:30:00+00:00,52437.25,52440.75,52428.75,52430.25,895
2026-07-02T02:45:00+00:00,52430.25,52447.75,52429.25,52444.25,776
2026-07-02T03:00:00+00:00,52444.25,52454.75,52431.25,52440.75,818
2026-07-02T03:15:00+00:00,52440.75,52443.75,52431.75,52440.75,716
2026-07-02T03:30:00+00:00,52440.75,52462.75,52434.25,52448.25,1648
2026-07-02T03:45:00+00:00,52448.25,52455.75,52441.25,52448.25,1106
2026-07-02T04:00:00+00:00,52448.25,52450.25,52421.75,52423.25,1078
2026-07-02T04:15:00+00:00,52423.25,52426.25,52413.25,52416.75,1022
2026-07-02T04:30:00+00:00,52416.75,52416.75,52393.75,52396.25,996
2026-07-02T04:45:00+00:00,52396.25,52421.75,52395.25,52412.25,890
2026-07-02T05:00:00+00:00,52412.25,52428.25,52399.75,52420.25,1282
2026-07-02T05:15:00+00:00,52420.25,52431.25,52407.75,52408.25,1259
2026-07-02T05:30:00+00:00,52408.25,52408.75,52378.25,52385.25,1736
2026-07-02T05:45:00+00:00,52385.25,52390.75,52377.75,52379.75,1347
2026-07-02T06:00:00+00:00,52379.75,52391.75,52353.25,52362.25,1880
2026-07-02T06:15:00+00:00,52362.25,52377.75,52349.25,52355.25,2066
2026-07-02T06:30:00+00:00,52355.25,52373.25,52337.25,52342.25,1325
2026-07-02T06:45:00+00:00,52342.25,52343.25,52314.25,52317.25,2304
2026-07-02T07:00:00+00:00,52317.25,52326.75,52277.25,52296.25,2932
2026-07-02T07:15:00+00:00,52296.25,52330.75,52289.75,52317.75,2311
2026-07-02T07:30:00+00:00,52317.75,52375.75,52298.75,52372.75,2325
2026-07-02T07:45:00+00:00,52372.75,52380.75,52355.75,52359.25,2064
2026-07-02T08:00:00+00:00,52359.25,52390.75,52341.75,52363.75,3764
2026-07-02T08:15:00+00:00,52363.75,52436.25,52358.25,52419.75,3030
2026-07-02T08:30:00+00:00,52419.75,52429.25,52404.25,52409.75,2540
2026-07-02T08:45:00+00:00,52409.75,52447.25,52407.25,52412.75,1799
2026-07-02T09:00:00+00:00,52412.75,52414.25,52389.75,52403.75,1819
2026-07-02T09:15:00+00:00,52403.75,52429.25,52397.25,52411.25,1489
2026-07-02T09:30:00+00:00,52411.25,52439.25,52411.25,52426.25,1535
2026-07-02T09:45:00+00:00,52426.25,52431.25,52408.75,52426.25,1346
2026-07-02T10:00:00+00:00,52426.25,52430.75,52407.75,52430.75,1641
2026-07-02T10:15:00+00:00,52430.75,52470.75,52427.75,52458.25,1479
2026-07-02T10:30:00+00:00,52458.25,52499.25,52452.25,52495.25,1755
2026-07-02T10:45:00+00:00,52495.25,52497.25,52469.75,52485.25,1038
2026-07-02T11:00:00+00:00,52485.25,52503.25,52478.75,52499.25,1833
2026-07-02T11:15:00+00:00,52499.25,52502.25,52477.25,52484.25,1236
2026-07-02T11:30:00+00:00,52484.25,52500.25,52475.75,52481.25,1692
2026-07-02T11:45:00+00:00,52481.25,52509.25,52456.25,52457.75,1729
2026-07-02T12:00:00+00:00,52457.75,52468.75,52438.25,52465.25,2504
2026-07-02T12:15:00+00:00,52465.25,52486.75,52438.5,52480.75,3708
2026-07-02T12:30:00+00:00,52480.75,52655.75,52476.5,52649.75,14094
2026-07-02T12:45:00+00:00,52649.75,52673.75,52573.25,52595.75,7682
2026-07-02T13:00:00+00:00,52595.75,52612.75,52531.25,52560.75,7059
2026-07-02T13:15:00+00:00,52560.75,52692.75,52531.75,52682.25,6938
2026-07-02T13:30:00+00:00,52682.25,52781.6,52550.1,52748.6,40097
2026-07-02T13:45:00+00:00,52748.6,52854.6,52728.1,52762.6,22236
2026-07-02T14:00:00+00:00,52762.6,52825.6,52651.6,52823.6,20412
2026-07-02T14:15:00+00:00,52823.6,52869.1,52693.6,52696.6,25443
2026-07-02T14:30:00+00:00,52696.6,52831.6,52681.6,52727.1,31717
2026-07-02T14:45:00+00:00,52727.1,52844.6,52704.1,52844.6,30288
2026-07-02T15:00:00+00:00,52844.6,52846.6,52648.6,52797.6,28545
2026-07-02T15:15:00+00:00,52797.6,52810.6,52676.1,52704.6,27013
2026-07-02T15:30:00+00:00,52704.6,52781.6,52699.1,52739.6,17509
2026-07-02T15:45:00+00:00,52739.6,52757.6,52676.6,52737.6,16910
2026-07-02T16:00:00+00:00,52737.6,52766.6,52697.6,52744.6,14000
2026-07-02T16:15:00+00:00,52744.6,52755.6,52687.1,52706.1,12248
2026-07-02T16:30:00+00:00,52706.1,52718.1,52649.1,52697.6,14174
2026-07-02T16:45:00+00:00,52697.6,52746.1,52667.1,52685.6,12238
2026-07-02T17:00:00+00:00,52685.6,52688.6,52552.1,52619.1,17519
2026-07-02T17:15:00+00:00,52619.1,52641.6,52561.6,52580.1,11311
2026-07-02T17:30:00+00:00,52580.1,52612.6,52504.6,52541.6,13018
2026-07-02T17:45:00+00:00,52541.6,52556.6,52495.1,52513.1,11228
2026-07-02T18:00:00+00:00,52513.1,52668.1,52492.6,52632.6,13321
2026-07-02T18:15:00+00:00,52632.6,52663.6,52579.1,52662.6,9311
2026-07-02T18:30:00+00:00,52662.6,52766.1,52658.1,52746.6,8380
2026-07-02T18:45:00+00:00,52746.6,52756.1,52706.6,52726.6,8436
2026-07-02T19:00:00+00:00,52726.6,52734.6,52644.6,52672.1,12420
2026-07-02T19:15:00+00:00,52672.1,52710.6,52643.1,52683.6,8716
2026-07-02T19:30:00+00:00,52683.6,52791.1,52672.6,52784.6,8709
2026-07-02T19:45:00+00:00,52784.6,52946.1,52775.6,52898.6,14944
2026-07-02T20:00:00+00:00,52898.6,52906.75,52865.25,52892.75,5170
2026-07-02T20:15:00+00:00,52892.75,52893.25,52875.75,52881.75,1565
2026-07-02T20:30:00+00:00,52881.75,52892.25,52869.25,52872.25,1477
2026-07-02T20:45:00+00:00,52872.25,52900.75,52865.75,52893,2441
2026-07-02T22:00:00+00:00,52893,52905.25,52877.25,52896.75,780
2026-07-02T22:15:00+00:00,52896.75,52910.25,52896.5,52899.25,271
2026-07-02T22:30:00+00:00,52899.25,52926.75,52895.25,52924.75,574
2026-07-02T22:45:00+00:00,52924.75,52931.25,52914.75,52929.75,630
2026-07-02T23:00:00+00:00,52929.75,52932.25,52916.75,52924.25,883
2026-07-02T23:15:00+00:00,52924.25,52954.75,52920.25,52948.25,770
2026-07-02T23:30:00+00:00,52948.25,52955.75,52938.75,52942.25,765
2026-07-02T23:45:00+00:00,52942.25,52964.75,52939.75,52956.75,1254
2026-07-03T00:00:00+00:00,52956.75,52973.75,52925.75,52969.75,3781
2026-07-03T00:15:00+00:00,52969.75,52988.25,52964.25,52980.25,3906
2026-07-03T00:30:00+00:00,52980.25,53016.75,52966.75,53008.25,3206
2026-07-03T00:45:00+00:00,53008.25,53015.75,52992.75,52999.75,1815
2026-07-03T01:00:00+00:00,52999.75,53076.75,52993.25,53071.25,3453
2026-07-03T01:15:00+00:00,53071.25,53121.25,53067.25,53113.25,1891
2026-07-03T01:30:00+00:00,53113.25,53137.75,53108.25,53126.25,1732
2026-07-03T01:45:00+00:00,53126.25,53126.25,53088.75,53091.75,1475
2026-07-03T02:00:00+00:00,53091.75,53109.25,53085.75,53086.25,944
2026-07-03T02:15:00+00:00,53086.25,53093.25,53063.25,53071.75,849
2026-07-03T02:30:00+00:00,53071.75,53072.25,53050.25,53051.75,768
2026-07-03T02:45:00+00:00,53051.75,53073.75,53050.75,53072.75,641
2026-07-03T03:00:00+00:00,53072.75,53072.75,53039.25,53046.75,700
2026-07-03T03:15:00+00:00,53046.75,53068.75,53039.25,53067.75,394
2026-07-03T03:30:00+00:00,53067.75,53078.75,53052.25,53053.25,911
2026-07-03T03:45:00+00:00,53053.25,53078.75,53048.25,53073.75,827
2026-07-03T04:00:00+00:00,53073.75,53078.25,53069.75,53075.75,556
2026-07-03T04:15:00+00:00,53075.75,53080.75,53060.25,53065.75,508
2026-07-03T04:30:00+00:00,53065.75,53066.25,53050.25,53060.25,448
2026-07-03T04:45:00+00:00,53060.25,53066.25,53052.25,53052.25,407
2026-07-03T05:00:00+00:00,53052.25,53055.75,53010.75,53013.25,1226
2026-07-03T05:15:00+00:00,53013.25,53020.25,52998.25,53020.25,775
2026-07-03T05:30:00+00:00,53020.25,53031.25,52998.25,52999.75,894
2026-07-03T05:45:00+00:00,52999.75,53016.75,52996.75,53000.75,850
2026-07-03T06:00:00+00:00,53000.75,53044.25,52997.75,53023.75,1512
2026-07-03T06:15:00+00:00,53023.75,53031.75,53006.75,53013.25,819
2026-07-03T06:30:00+00:00,53013.25,53060.25,53007.75,53047.75,1454
2026-07-03T06:45:00+00:00,53047.75,53053.75,53030.75,53044.25,742
2026-07-03T07:00:00+00:00,53044.25,53082.25,53038.75,53056.75,1347
2026-07-03T07:15:00+00:00,53056.75,53060.25,53011.75,53019.25,1389
2026-07-03T07:30:00+00:00,53019.25,53024.25,52981.25,52984.75,1156
2026-07-03T07:45:00+00:00,52984.75,52984.75,52959.75,52959.75,1075
2026-07-03T08:00:00+00:00,52959.75,52966.25,52936.25,52936.75,993
2026-07-03T08:15:00+00:00,52936.75,52941.25,52909.75,52914.75,1085
2026-07-03T08:30:00+00:00,52914.75,52921.75,52898.75,52902.75,1154
2026-07-03T08:45:00+00:00,52902.75,52902.75,52859.75,52864.25,992
2026-07-03T09:00:00+00:00,52864.25,52896.75,52860.75,52895.25,1104
2026-07-03T09:15:00+00:00,52895.25,52897.75,52854.75,52858.75,1156
2026-07-03T09:30:00+00:00,52858.75,52886.25,52856.75,52883.75,731
2026-07-03T09:45:00+00:00,52883.75,52889.25,52854.75,52855.75,933
2026-07-03T10:00:00+00:00,52855.75,52869.75,52841.25,52864.75,905
2026-07-03T10:15:00+00:00,52864.75,52876.75,52853.75,52866.75,533
2026-07-03T10:30:00+00:00,52866.75,52899.25,52859.75,52873.75,706
2026-07-03T10:45:00+00:00,52873.75,52882.75,52856.25,52858.25,456
2026-07-03T11:00:00+00:00,52858.25,52858.25,52821.75,52830.75,740
2026-07-03T11:15:00+00:00,52830.75,52840.75,52815.25,52821.75,652
2026-07-03T11:30:00+00:00,52821.75,52829.75,52811.25,52826.75,837
2026-07-03T11:45:00+00:00,52826.75,52848.75,52822.75,52842.25,657
2026-07-03T12:00:00+00:00,52842.25,52859.75,52811.25,52836.75,1241
2026-07-03T12:15:00+00:00,52836.75,52856.75,52825.25,52839.25,1097
2026-07-03T12:30:00+00:00,52839.25,52856.25,52831.25,52845.25,876
2026-07-03T12:45:00+00:00,52845.25,52861.75,52843.75,52853.75,539
2026-07-03T13:00:00+00:00,52853.75,52860.75,52820.25,52827.75,1015
2026-07-03T13:15:00+00:00,52827.75,52839.75,52819.25,52829.25,948
2026-07-03T13:30:00+00:00,52829.25,52886.1,52829.25,52865.1,4141
2026-07-03T13:45:00+00:00,52865.1,52892.1,52828.1,52863.6,3179
2026-07-03T14:00:00+00:00,52863.6,52888.1,52847.6,52879.6,2671
2026-07-03T14:15:00+00:00,52879.6,52909.1,52865.1,52874.1,1728
2026-07-03T14:30:00+00:00,52874.1,52942.1,52872.6,52932.6,1590
2026-07-03T14:45:00+00:00,52932.6,52984.6,52928.6,52977.6,1659
2026-07-03T15:00:00+00:00,52977.6,52979.6,52907.6,52920.6,1835
2026-07-03T15:15:00+00:00,52920.6,52940.1,52884.6,52903.6,1584
2026-07-03T15:30:00+00:00,52903.6,52923.1,52895.1,52912.1,1513
2026-07-03T15:45:00+00:00,52912.1,52923.1,52905.6,52916.6,947
2026-07-03T16:00:00+00:00,52916.6,52919.1,52904.6,52906.1,713
2026-07-03T16:15:00+00:00,52906.1,52920.6,52896.6,52903.6,782
2026-07-03T16:30:00+00:00,52903.6,52919.1,52891.6,52917.6,779
2026-07-03T16:45:00+00:00,52917.6,52922.1,52895.1,52897.1,718
2026-07-03T17:00:00+00:00,52897.1,52897.1,52814.80999999999,52815.20999999999,66.05466098760246
2026-07-03T17:15:00+00:00,52813.61,52821.509999999995,52813.61,52818.90999999999,36.836014812843615
2026-07-03T17:30:00+00:00,52818.61,52818.81,52818.51,52818.81,7.870395759075248
2026-07-03T17:45:00+00:00,52819.01,52823.909999999996,52818.11,52818.51,33.45312965382955
2026-07-03T18:00:00+00:00,52821.409999999996,52824.01,52818.409999999996,52818.81,46.503478407059276
2026-07-03T18:15:00+00:00,52818.61,52818.81,52818.61,52818.81,6.93190388267665
2026-07-03T18:30:00+00:00,52818.21,52823.81,52818.21,52823.71,16.583117181464935
2026-07-03T18:45:00+00:00,52823.81,52825.21,52818.31,52823.909999999996,103.84062152101441
2026-07-03T19:00:00+00:00,52823.909999999996,52831.409999999996,52822.60999999999,52831.409999999996,54.4806539333737
2026-07-03T19:15:00+00:00,52831.409999999996,52833.21,52830.009999999995,52830.61,70.1595567272706
2026-07-03T19:30:00+00:00,52832.11,52838.11,52822.71,52823.009999999995,242.06365250715965
2026-07-03T19:45:00+00:00,52823.009999999995,52830.409999999996,52816.009999999995,52827.609999999986,398.6041866531199
2026-07-05T22:00:00+00:00,52951.59,53010.19999999999,52939.19999999999,52955.19999999999,866.7659574468084
2026-07-05T22:15:00+00:00,52955.19999999999,52969.69999999999,52947.69999999999,52966.69999999999,1012
2026-07-05T22:30:00+00:00,52966.69999999999,52985.69999999999,52965.69999999999,52984.19999999999,799
2026-07-05T22:45:00+00:00,52984.19999999999,52997.19999999999,52973.69999999999,52979.69999999999,685
2026-07-05T23:00:00+00:00,52979.69999999999,53009.69999999999,52973.69999999999,53002.19999999999,1139
2026-07-05T23:15:00+00:00,53002.19999999999,53017.19999999999,52998.69999999999,53003.19999999999,516
2026-07-05T23:30:00+00:00,53003.19999999999,53018.69999999999,53002.19999999999,53009.69999999999,472
2026-07-05T23:45:00+00:00,53009.69999999999,53059.19999999999,53000.69999999999,53057.19999999999,1302
2026-07-06T00:00:00+00:00,53057.19999999999,53069.69999999999,53003.19999999999,53064.19999999999,3872
2026-07-06T00:15:00+00:00,53064.19999999999,53097.19999999999,53025.19999999999,53045.19999999999,4424
2026-07-06T00:30:00+00:00,53045.19999999999,53066.19999999999,53035.69999999999,53051.19999999999,3531
2026-07-06T00:45:00+00:00,53051.19999999999,53093.19999999999,53051.19999999999,53074.19999999999,2104
2026-07-06T01:00:00+00:00,53074.19999999999,53078.19999999999,53038.19999999999,53059.69999999999,2225
2026-07-06T01:15:00+00:00,53059.69999999999,53072.69999999999,53032.19999999999,53049.69999999999,2476
2026-07-06T01:30:00+00:00,53049.69999999999,53071.19999999999,53049.69999999999,53057.69999999999,2167
2026-07-06T01:45:00+00:00,53057.69999999999,53058.19999999999,53021.19999999999,53040.19999999999,2376
2026-07-06T02:00:00+00:00,53040.19999999999,53049.19999999999,53000.69999999999,53005.69999999999,1982
2026-07-06T02:15:00+00:00,53005.69999999999,53021.19999999999,52997.69999999999,53013.69999999999,1699
2026-07-06T02:30:00+00:00,53013.69999999999,53013.69999999999,52974.69999999999,52987.69999999999,1648
2026-07-06T02:45:00+00:00,52987.69999999999,53007.19999999999,52987.19999999999,52993.19999999999,1253
2026-07-06T03:00:00+00:00,52993.19999999999,52993.19999999999,52958.19999999999,52969.19999999999,1669
2026-07-06T03:15:00+00:00,52969.19999999999,52979.69999999999,52967.69999999999,52975.19999999999,793
2026-07-06T03:30:00+00:00,52975.19999999999,52984.19999999999,52963.69999999999,52963.69999999999,1501
2026-07-06T03:45:00+00:00,52963.69999999999,52975.19999999999,52953.19999999999,52964.69999999999,1231
2026-07-06T04:00:00+00:00,52964.69999999999,52975.69999999999,52947.19999999999,52974.69999999999,1159
2026-07-06T04:15:00+00:00,52974.69999999999,52976.69999999999,52961.19999999999,52971.69999999999,722
2026-07-06T04:30:00+00:00,52971.69999999999,52981.19999999999,52967.19999999999,52976.69999999999,953
2026-07-06T04:45:00+00:00,52976.69999999999,52993.19999999999,52970.19999999999,52982.69999999999,765
2026-07-06T05:00:00+00:00,52982.69999999999,52997.69999999999,52971.19999999999,52994.69999999999,1085
2026-07-06T05:15:00+00:00,52994.69999999999,53007.69999999999,52987.19999999999,52995.69999999999,1054
2026-07-06T05:30:00+00:00,52995.69999999999,53012.19999999999,52969.69999999999,53002.69999999999,1218
2026-07-06T05:45:00+00:00,53002.69999999999,53007.19999999999,52979.19999999999,52980.69999999999,1268
2026-07-06T06:00:00+00:00,52980.69999999999,53000.69999999999,52972.69999999999,52973.69999999999,1360
2026-07-06T06:15:00+00:00,52973.69999999999,53002.19999999999,52971.69999999999,52997.69999999999,913
2026-07-06T06:30:00+00:00,52997.69999999999,52999.69999999999,52983.19999999999,52989.69999999999,1170
2026-07-06T06:45:00+00:00,52989.69999999999,52996.69999999999,52981.19999999999,52996.19999999999,705
2026-07-06T07:00:00+00:00,52996.19999999999,53034.19999999999,52987.69999999999,53032.19999999999,1822
2026-07-06T07:15:00+00:00,53032.19999999999,53049.19999999999,53016.69999999999,53021.19999999999,1281
2026-07-06T07:30:00+00:00,53021.19999999999,53067.69999999999,53018.19999999999,53066.19999999999,1082
2026-07-06T07:45:00+00:00,53066.19999999999,53099.69999999999,53058.69999999999,53094.19999999999,1011
2026-07-06T08:00:00+00:00,53094.19999999999,53111.19999999999,53066.19999999999,53075.19999999999,2398
2026-07-06T08:15:00+00:00,53075.19999999999,53093.19999999999,53066.19999999999,53088.19999999999,1351
2026-07-06T08:30:00+00:00,53088.19999999999,53088.69999999999,53044.69999999999,53049.69999999999,1206
2026-07-06T08:45:00+00:00,53049.69999999999,53051.19999999999,53022.69999999999,53042.19999999999,1389
2026-07-06T09:00:00+00:00,53042.19999999999,53043.19999999999,52995.69999999999,53006.19999999999,1309
2026-07-06T09:15:00+00:00,53006.19999999999,53024.69999999999,52986.69999999999,53021.19999999999,1363
2026-07-06T09:30:00+00:00,53021.19999999999,53023.69999999999,52998.19999999999,53005.69999999999,1017
2026-07-06T09:45:00+00:00,53005.69999999999,53017.19999999999,52979.69999999999,53005.69999999999,1412
2026-07-06T10:00:00+00:00,53005.69999999999,53025.19999999999,52985.69999999999,53025.19999999999,1307
2026-07-06T10:15:00+00:00,53025.19999999999,53041.69999999999,53005.69999999999,53008.69999999999,873
2026-07-06T10:30:00+00:00,53008.69999999999,53024.69999999999,52978.19999999999,52978.69999999999,852
2026-07-06T10:45:00+00:00,52978.69999999999,52995.19999999999,52964.69999999999,52985.69999999999,1096
2026-07-06T11:00:00+00:00,52985.69999999999,53005.69999999999,52955.19999999999,52964.69999999999,1758
2026-07-06T11:15:00+00:00,52964.69999999999,52970.19999999999,52929.19999999999,52936.69999999999,1017
2026-07-06T11:30:00+00:00,52936.69999999999,52971.19999999999,52926.19999999999,52959.69999999999,1238
2026-07-06T11:45:00+00:00,52959.69999999999,52966.69999999999,52908.19999999999,52918.69999999999,1562
2026-07-06T12:00:00+00:00,52918.69999999999,52943.19999999999,52898.69999999999,52928.19999999999,2580
2026-07-06T12:15:00+00:00,52928.19999999999,52955.19999999999,52906.69999999999,52923.19999999999,2394
2026-07-06T12:30:00+00:00,52923.19999999999,52965.19999999999,52920.69999999999,52948.19999999999,1863
2026-07-06T12:45:00+00:00,52948.19999999999,52952.19999999999,52931.19999999999,52934.69999999999,1154
2026-07-06T13:00:00+00:00,52934.69999999999,52940.19999999999,52883.69999999999,52892.69999999999,2378
2026-07-06T13:15:00+00:00,52892.69999999999,53063.69999999999,52876.69999999999,53063.69999999999,3980
2026-07-06T13:30:00+00:00,53063.69999999999,53183.049999999996,52918.049999999996,52961.94999999999,33015
2026-07-06T13:45:00+00:00,52961.94999999999,53006.549999999996,52840.049999999996,52860.94999999999,20970
2026-07-06T14:00:00+00:00,52860.94999999999,52889.549999999996,52763.049999999996,52872.049999999996,19361
2026-07-06T14:15:00+00:00,52872.049999999996,52936.049999999996,52837.049999999996,52929.049999999996,14956
2026-07-06T14:30:00+00:00,52929.049999999996,52952.049999999996,52878.549999999996,52907.049999999996,12428
2026-07-06T14:45:00+00:00,52907.049999999996,52994.049999999996,52869.049999999996,52993.049999999996,9529
2026-07-06T15:00:00+00:00,52993.049999999996,53028.549999999996,52962.549999999996,53021.049999999996,9191
2026-07-06T15:15:00+00:00,53021.049999999996,53023.049999999996,52945.049999999996,52976.049999999996,8478
2026-07-06T15:30:00+00:00,52976.049999999996,53002.049999999996,52951.549999999996,52997.049999999996,6549
2026-07-06T15:45:00+00:00,52997.049999999996,53008.549999999996,52965.049999999996,52981.549999999996,5229
2026-07-06T16:00:00+00:00,52981.549999999996,52985.049999999996,52954.049999999996,52964.049999999996,4547
2026-07-06T16:15:00+00:00,52964.049999999996,53008.049999999996,52943.549999999996,52998.049999999996,4338
2026-07-06T16:30:00+00:00,52998.049999999996,53015.049999999996,52973.049999999996,53015.049999999996,3876
2026-07-06T16:45:00+00:00,53015.049999999996,53044.049999999996,53002.549999999996,53009.049999999996,4128
2026-07-06T17:00:00+00:00,53009.049999999996,53078.049999999996,53002.049999999996,53071.049999999996,5294
2026-07-06T17:15:00+00:00,53071.049999999996,53080.549999999996,53048.549999999996,53059.549999999996,3696
2026-07-06T17:30:00+00:00,53059.549999999996,53066.049999999996,52983.549999999996,53009.049999999996,5838
2026-07-06T17:45:00+00:00,53009.049999999996,53026.549999999996,52999.049999999996,53024.049999999996,4014
2026-07-06T18:00:00+00:00,53024.049999999996,53074.049999999996,53024.049999999996,53064.049999999996,4221
2026-07-06T18:15:00+00:00,53064.049999999996,53106.049999999996,53061.049999999996,53101.049999999996,3559
2026-07-06T18:30:00+00:00,53101.049999999996,53110.049999999996,53066.049999999996,53070.049999999996,3413
2026-07-06T18:45:00+00:00,53070.049999999996,53132.049999999996,53067.549999999996,53132.049999999996,3633
2026-07-06T19:00:00+00:00,53132.049999999996,53144.549999999996,53076.049999999996,53095.049999999996,4034
2026-07-06T19:15:00+00:00,53095.049999999996,53120.549999999996,53071.549999999996,53104.049999999996,3991
2026-07-06T19:30:00+00:00,53104.049999999996,53125.049999999996,53089.049999999996,53112.549999999996,4764
2026-07-06T19:45:00+00:00,53112.549999999996,53185.049999999996,53097.049999999996,53183.549999999996,9585
2026-07-06T20:00:00+00:00,53183.549999999996,53198.19999999999,53165.69999999999,53187.69999999999,2590
2026-07-06T20:15:00+00:00,53187.69999999999,53216.19999999999,53186.19999999999,53201.69999999999,1177
2026-07-06T20:30:00+00:00,53201.69999999999,53214.69999999999,53199.19999999999,53212.19999999999,581
2026-07-06T20:45:00+00:00,53212.19999999999,53220.19999999999,53195.69999999999,53218.44999999999,908
2026-07-06T22:00:00+00:00,53218.44999999999,53240.69999999999,53210.94999999999,53237.19999999999,577
2026-07-06T22:15:00+00:00,53237.19999999999,53249.19999999999,53235.19999999999,53241.69999999999,289.8724100327154
2026-07-06T22:30:00+00:00,53241.69999999999,53250.19999999999,53230.94999999999,53245.69999999999,446
2026-07-06T22:45:00+00:00,53245.69999999999,53245.69999999999,53231.19999999999,53236.19999999999,592
2026-07-06T23:00:00+00:00,53236.19999999999,53251.69999999999,53236.19999999999,53247.19999999999,533
2026-07-06T23:15:00+00:00,53247.19999999999,53247.19999999999,53222.69999999999,53224.69999999999,438
2026-07-06T23:30:00+00:00,53224.69999999999,53229.19999999999,53212.69999999999,53212.69999999999,363
2026-07-06T23:45:00+00:00,53212.69999999999,53213.19999999999,53165.19999999999,53175.69999999999,1186
2026-07-07T00:00:00+00:00,53175.69999999999,53206.19999999999,53166.19999999999,53206.19999999999,2316
2026-07-07T00:15:00+00:00,53206.19999999999,53230.19999999999,53198.19999999999,53208.69999999999,2426
2026-07-07T00:30:00+00:00,53208.69999999999,53218.19999999999,53184.19999999999,53206.19999999999,2266
2026-07-07T00:45:00+00:00,53206.19999999999,53220.69999999999,53201.19999999999,53204.69999999999,1683
2026-07-07T01:00:00+00:00,53204.69999999999,53246.19999999999,53200.19999999999,53240.19999999999,1336
2026-07-07T01:15:00+00:00,53240.19999999999,53270.69999999999,53226.19999999999,53265.19999999999,1513
2026-07-07T01:30:00+00:00,53265.19999999999,53282.19999999999,53244.69999999999,53265.69999999999,1319
2026-07-07T01:45:00+00:00,53265.69999999999,53275.69999999999,53249.19999999999,53251.19999999999,955
2026-07-07T02:00:00+00:00,53251.19999999999,53260.69999999999,53239.19999999999,53243.69999999999,635
2026-07-07T02:15:00+00:00,53243.69999999999,53244.19999999999,53226.69999999999,53232.69999999999,1172
2026-07-07T02:30:00+00:00,53232.69999999999,53240.19999999999,53228.19999999999,53230.19999999999,704
2026-07-07T02:45:00+00:00,53230.19999999999,53236.69999999999,53219.69999999999,53219.69999999999,500
2026-07-07T03:00:00+00:00,53219.69999999999,53238.19999999999,53218.19999999999,53231.19999999999,703
2026-07-07T03:15:00+00:00,53231.19999999999,53238.69999999999,53225.19999999999,53232.69999999999,932
2026-07-07T03:30:00+00:00,53232.69999999999,53255.19999999999,53222.69999999999,53251.19999999999,1012
2026-07-07T03:45:00+00:00,53251.19999999999,53255.19999999999,53229.69999999999,53233.19999999999,921
2026-07-07T04:00:00+00:00,53233.19999999999,53247.19999999999,53232.19999999999,53242.19999999999,639
2026-07-07T04:15:00+00:00,53242.19999999999,53242.19999999999,53219.69999999999,53227.19999999999,522
2026-07-07T04:30:00+00:00,53227.19999999999,53233.19999999999,53197.19999999999,53206.19999999999,579
2026-07-07T04:45:00+00:00,53206.19999999999,53216.19999999999,53178.19999999999,53190.19999999999,768
2026-07-07T05:00:00+00:00,53190.19999999999,53195.69999999999,53170.69999999999,53180.19999999999,727
2026-07-07T05:15:00+00:00,53180.19999999999,53194.19999999999,53175.69999999999,53192.69999999999,973
2026-07-07T05:30:00+00:00,53192.69999999999,53219.19999999999,53190.19999999999,53208.19999999999,1097
2026-07-07T05:45:00+00:00,53208.19999999999,53220.69999999999,53197.69999999999,53218.19999999999,835
2026-07-07T06:00:00+00:00,53218.19999999999,53223.69999999999,53172.19999999999,53174.19999999999,1229
2026-07-07T06:15:00+00:00,53174.19999999999,53190.19999999999,53153.19999999999,53186.19999999999,1087
2026-07-07T06:30:00+00:00,53186.19999999999,53197.69999999999,53178.69999999999,53197.69999999999,722
2026-07-07T06:45:00+00:00,53197.69999999999,53205.69999999999,53181.69999999999,53199.19999999999,481
2026-07-07T07:00:00+00:00,53199.19999999999,53242.69999999999,53184.19999999999,53232.19999999999,1928
2026-07-07T07:15:00+00:00,53232.19999999999,53278.69999999999,53231.19999999999,53275.19999999999,1268
2026-07-07T07:30:00+00:00,53275.19999999999,53288.19999999999,53269.19999999999,53275.19999999999,881
2026-07-07T07:45:00+00:00,53275.19999999999,53277.19999999999,53238.19999999999,53254.19999999999,1069
2026-07-07T08:00:00+00:00,53254.19999999999,53267.69999999999,53224.19999999999,53267.19999999999,1957
2026-07-07T08:15:00+00:00,53267.19999999999,53321.69999999999,53265.19999999999,53321.19999999999,1668
2026-07-07T08:30:00+00:00,53321.19999999999,53331.19999999999,53295.19999999999,53302.69999999999,1368
2026-07-07T08:45:00+00:00,53302.69999999999,53309.19999999999,53258.19999999999,53272.19999999999,1489
2026-07-07T09:00:00+00:00,53272.19999999999,53283.19999999999,53253.69999999999,53280.19999999999,1299
2026-07-07T09:15:00+00:00,53280.19999999999,53302.19999999999,53278.69999999999,53293.19999999999,875
2026-07-07T09:30:00+00:00,53293.19999999999,53309.69999999999,53278.69999999999,53307.19999999999,1082
2026-07-07T09:45:00+00:00,53307.19999999999,53313.69999999999,53292.19999999999,53299.19999999999,1117
2026-07-07T10:00:00+00:00,53299.19999999999,53311.69999999999,53267.69999999999,53268.19999999999,1369
2026-07-07T10:15:00+00:00,53268.19999999999,53282.19999999999,53255.69999999999,53265.69999999999,1080
2026-07-07T10:30:00+00:00,53265.69999999999,53276.19999999999,53254.19999999999,53270.19999999999,952
2026-07-07T10:45:00+00:00,53270.19999999999,53279.69999999999,53222.19999999999,53249.69999999999,1397
2026-07-07T11:00:00+00:00,53249.69999999999,53300.19999999999,53231.94999999999,53296.19999999999,2122
2026-07-07T11:15:00+00:00,53296.19999999999,53328.69999999999,53288.19999999999,53307.19999999999,1177
2026-07-07T11:30:00+00:00,53307.19999999999,53343.69999999999,53305.69999999999,53312.19999999999,1430
2026-07-07T11:45:00+00:00,53312.19999999999,53342.19999999999,53302.69999999999,53329.69999999999,1630
2026-07-07T12:00:00+00:00,53329.69999999999,53362.69999999999,53313.19999999999,53345.19999999999,2072
2026-07-07T12:15:00+00:00,53345.19999999999,53368.69999999999,53310.69999999999,53351.19999999999,1854
2026-07-07T12:30:00+00:00,53351.19999999999,53417.69999999999,53338.19999999999,53409.19999999999,2086
2026-07-07T12:45:00+00:00,53409.19999999999,53433.69999999999,53388.19999999999,53402.19999999999,2381
2026-07-07T13:00:00+00:00,53402.19999999999,53433.19999999999,53352.94999999999,53428.19999999999,2834
2026-07-07T13:15:00+00:00,53428.19999999999,53467.19999999999,53413.19999999999,53439.19999999999,3725
2026-07-07T13:30:00+00:00,53439.19999999999,53448.049999999996,53211.549999999996,53295.049999999996,32517
2026-07-07T13:45:00+00:00,53295.049999999996,53325.049999999996,53147.549999999996,53181.049999999996,20175
2026-07-07T14:00:00+00:00,53181.049999999996,53216.549999999996,53068.94999999999,53074.049999999996,19296
2026-07-07T14:15:00+00:00,53074.049999999996,53181.549999999996,53062.049999999996,53132.049999999996,19187
2026-07-07T14:30:00+00:00,53132.049999999996,53147.049999999996,53011.549999999996,53044.049999999996,16219
2026-07-07T14:45:00+00:00,53044.049999999996,53078.049999999996,52995.549999999996,52999.049999999996,13458
2026-07-07T15:00:00+00:00,52999.049999999996,53001.549999999996,52913.049999999996,52913.049999999996,11405
2026-07-07T15:15:00+00:00,52913.049999999996,52975.049999999996,52890.049999999996,52973.049999999996,10096
2026-07-07T15:30:00+00:00,52973.049999999996,52978.049999999996,52923.049999999996,52973.049999999996,9498
2026-07-07T15:45:00+00:00,52973.049999999996,53004.049999999996,52957.049999999996,52991.049999999996,8402
2026-07-07T16:00:00+00:00,52991.049999999996,53015.049999999996,52963.049999999996,52994.549999999996,7007
2026-07-07T16:15:00+00:00,52994.549999999996,53034.549999999996,52970.549999999996,53002.049999999996,6974
2026-07-07T16:30:00+00:00,53002.049999999996,53021.049999999996,52969.549999999996,52998.549999999996,5332
2026-07-07T16:45:00+00:00,52998.549999999996,53021.049999999996,52976.549999999996,53011.049999999996,4143
2026-07-07T17:00:00+00:00,53011.049999999996,53018.049999999996,52983.049999999996,53000.549999999996,4413
2026-07-07T17:15:00+00:00,53000.549999999996,53053.549999999996,52968.549999999996,53044.049999999996,4636
2026-07-07T17:30:00+00:00,53044.049999999996,53063.049999999996,53025.049999999996,53050.049999999996,4040
2026-07-07T17:45:00+00:00,53050.049999999996,53051.049999999996,53004.049999999996,53027.549999999996,3766
2026-07-07T18:00:00+00:00,53027.549999999996,53035.049999999996,52994.049999999996,53008.049999999996,4186
2026-07-07T18:15:00+00:00,53008.049999999996,53064.049999999996,53005.049999999996,53059.049999999996,4055
2026-07-07T18:30:00+00:00,53059.049999999996,53067.049999999996,53034.049999999996,53064.049999999996,4420
2026-07-07T18:45:00+00:00,53064.049999999996,53075.549999999996,52991.549999999996,53011.549999999996,9609
2026-07-07T19:00:00+00:00,53011.549999999996,53021.049999999996,52947.049999999996,52961.049999999996,9512
2026-07-07T19:15:00+00:00,52961.049999999996,53014.049999999996,52935.549999999996,52959.049999999996,10185
2026-07-07T19:30:00+00:00,52959.049999999996,52983.049999999996,52939.049999999996,52969.049999999996,7848
2026-07-07T19:45:00+00:00,52969.049999999996,53076.549999999996,52969.049999999996,53020.049999999996,10494
2026-07-07T20:00:00+00:00,53020.049999999996,53023.19999999999,52963.19999999999,52983.69999999999,3908
2026-07-07T20:15:00+00:00,52983.69999999999,53000.69999999999,52963.94999999999,52983.69999999999,1575
2026-07-07T20:30:00+00:00,52983.69999999999,52991.19999999999,52977.19999999999,52982.69999999999,675
2026-07-07T20:45:00+00:00,52982.69999999999,53013.19999999999,52979.69999999999,53012.94999999999,748
2026-07-07T22:00:00+00:00,53012.94999999999,53015.19999999999,52942.94999999999,52991.19999999999,3490
2026-07-07T22:15:00+00:00,52991.19999999999,53003.69999999999,52988.19999999999,52999.69999999999,1054
2026-07-07T22:30:00+00:00,52999.69999999999,53010.19999999999,52976.69999999999,52978.69999999999,1333
2026-07-07T22:45:00+00:00,52978.69999999999,53005.69999999999,52972.19999999999,52991.69999999999,1029
2026-07-07T23:00:00+00:00,52991.69999999999,53000.19999999999,52973.19999999999,52988.19999999999,1076
2026-07-07T23:15:00+00:00,52988.19999999999,53018.69999999999,52986.19999999999,53002.69999999999,865
2026-07-07T23:30:00+00:00,53002.69999999999,53007.69999999999,52973.69999999999,52980.19999999999,944
2026-07-07T23:45:00+00:00,52980.19999999999,52998.19999999999,52953.19999999999,52957.69999999999,1751
2026-07-08T00:00:00+00:00,52957.69999999999,52966.19999999999,52916.19999999999,52929.69999999999,5061
2026-07-08T00:15:00+00:00,52929.69999999999,52978.69999999999,52926.69999999999,52958.19999999999,4808
2026-07-08T00:30:00+00:00,52958.19999999999,52999.69999999999,52948.19999999999,52994.19999999999,2707
2026-07-08T00:45:00+00:00,52994.19999999999,53018.19999999999,52987.69999999999,53017.69999999999,2074
2026-07-08T01:00:00+00:00,53017.69999999999,53029.69999999999,52996.69999999999,53017.69999999999,2204
2026-07-08T01:15:00+00:00,53017.69999999999,53017.69999999999,52990.19999999999,52994.69999999999,1517
2026-07-08T01:30:00+00:00,52994.69999999999,53004.19999999999,52977.19999999999,52987.19999999999,2133
2026-07-08T01:45:00+00:00,52987.19999999999,53004.69999999999,52985.19999999999,52987.69999999999,1747
2026-07-08T02:00:00+00:00,52987.69999999999,52995.19999999999,52958.69999999999,52958.69999999999,1637
2026-07-08T02:15:00+00:00,52958.69999999999,52964.19999999999,52938.19999999999,52946.69999999999,1542
2026-07-08T02:30:00+00:00,52946.69999999999,52962.19999999999,52935.69999999999,52962.19999999999,1303
2026-07-08T02:45:00+00:00,52962.19999999999,52969.69999999999,52954.69999999999,52960.19999999999,987
2026-07-08T03:00:00+00:00,52960.19999999999,52974.69999999999,52959.69999999999,52967.69999999999,872
2026-07-08T03:15:00+00:00,52967.69999999999,52988.19999999999,52961.19999999999,52986.69999999999,685
2026-07-08T03:30:00+00:00,52986.69999999999,52993.69999999999,52963.69999999999,52964.19999999999,1051
2026-07-08T03:45:00+00:00,52964.19999999999,52970.19999999999,52958.19999999999,52960.69999999999,953
2026-07-08T04:00:00+00:00,52960.69999999999,52966.19999999999,52951.69999999999,52956.19999999999,1062
2026-07-08T04:15:00+00:00,52956.19999999999,52980.69999999999,52952.69999999999,52977.69999999999,1098
2026-07-08T04:30:00+00:00,52977.69999999999,52987.69999999999,52964.19999999999,52979.19999999999,1143
2026-07-08T04:45:00+00:00,52979.19999999999,52990.19999999999,52965.19999999999,52977.19999999999,1204
2026-07-08T05:00:00+00:00,52977.19999999999,52987.19999999999,52962.19999999999,52962.19999999999,1475
2026-07-08T05:15:00+00:00,52962.19999999999,52972.19999999999,52946.19999999999,52954.19999999999,1405
2026-07-08T05:30:00+00:00,52954.19999999999,52957.69999999999,52935.19999999999,52944.19999999999,1504
2026-07-08T05:45:00+00:00,52944.19999999999,52947.19999999999,52914.19999999999,52936.69999999999,1741
2026-07-08T06:00:00+00:00,52936.69999999999,52939.19999999999,52904.69999999999,52907.69999999999,1741
2026-07-08T06:15:00+00:00,52907.69999999999,52938.19999999999,52903.19999999999,52913.19999999999,1807
2026-07-08T06:30:00+00:00,52913.19999999999,52920.19999999999,52857.69999999999,52859.69999999999,1981
2026-07-08T06:45:00+00:00,52859.69999999999,52891.19999999999,52845.69999999999,52877.19999999999,1913
2026-07-08T07:00:00+00:00,52877.19999999999,52882.19999999999,52808.69999999999,52832.19999999999,3872
2026-07-08T07:15:00+00:00,52832.19999999999,52850.19999999999,52799.19999999999,52845.19999999999,3647
2026-07-08T07:30:00+00:00,52845.19999999999,52866.19999999999,52822.19999999999,52851.19999999999,2740
2026-07-08T07:45:00+00:00,52851.19999999999,52852.19999999999,52808.19999999999,52816.69999999999,2104
2026-07-08T08:00:00+00:00,52816.69999999999,52831.19999999999,52801.69999999999,52816.19999999999,3088
2026-07-08T08:15:00+00:00,52816.19999999999,52822.19999999999,52505.69999999999,52509.19999999999,19997
2026-07-08T08:30:00+00:00,52509.19999999999,52516.19999999999,52385.69999999999,52426.19999999999,13519
2026-07-08T08:45:00+00:00,52426.19999999999,52452.69999999999,52365.19999999999,52373.19999999999,8106
2026-07-08T09:00:00+00:00,52373.19999999999,52376.19999999999,52301.19999999999,52301.69999999999,7607
2026-07-08T09:15:00+00:00,52301.69999999999,52365.19999999999,52291.69999999999,52339.69999999999,6786
2026-07-08T09:30:00+00:00,52339.69999999999,52397.19999999999,52327.19999999999,52362.19999999999,5090
2026-07-08T09:45:00+00:00,52362.19999999999,52369.69999999999,52311.19999999999,52322.19999999999,4411
2026-07-08T10:00:00+00:00,52322.19999999999,52331.19999999999,52290.69999999999,52317.19999999999,4466
2026-07-08T10:15:00+00:00,52317.19999999999,52378.19999999999,52298.69999999999,52377.19999999999,3809
2026-07-08T10:30:00+00:00,52377.19999999999,52455.69999999999,52358.69999999999,52455.19999999999,5439
2026-07-08T10:45:00+00:00,52455.19999999999,52482.19999999999,52433.19999999999,52444.69999999999,3776
2026-07-08T11:00:00+00:00,52444.69999999999,52474.19999999999,52430.19999999999,52443.69999999999,4195
2026-07-08T11:15:00+00:00,52443.69999999999,52450.19999999999,52394.19999999999,52428.19999999999,2863
2026-07-08T11:30:00+00:00,52428.19999999999,52592.19999999999,52413.19999999999,52521.19999999999,7975
2026-07-08T11:45:00+00:00,52521.19999999999,52553.19999999999,52491.19999999999,52512.19999999999,6637
2026-07-08T12:00:00+00:00,52512.19999999999,52608.19999999999,52476.69999999999,52589.69999999999,5634
2026-07-08T12:15:00+00:00,52589.69999999999,52618.69999999999,52558.69999999999,52613.69999999999,3997
2026-07-08T12:30:00+00:00,52613.69999999999,52638.69999999999,52576.19999999999,52594.19999999999,3814
2026-07-08T12:45:00+00:00,52594.19999999999,52610.19999999999,52515.19999999999,52518.69999999999,5967
2026-07-08T13:00:00+00:00,52518.69999999999,52586.69999999999,52514.19999999999,52573.19999999999,6772
2026-07-08T13:15:00+00:00,52573.19999999999,52573.69999999999,52467.94999999999,52495.19999999999,6032
2026-07-08T13:30:00+00:00,52495.19999999999,52616.049999999996,52423.549999999996,52566.049999999996,37646
2026-07-08T13:45:00+00:00,52566.049999999996,52590.049999999996,52462.049999999996,52480.049999999996,27590
2026-07-08T14:00:00+00:00,52480.049999999996,52569.049999999996,52438.549999999996,52444.049999999996,24202
2026-07-08T14:15:00+00:00,52444.049999999996,52482.049999999996,52354.549999999996,52388.549999999996,26122
2026-07-08T14:30:00+00:00,52388.549999999996,52418.049999999996,52303.549999999996,52327.049999999996,22139
2026-07-08T14:45:00+00:00,52327.049999999996,52329.549999999996,52244.049999999996,52288.049999999996,19190
2026-07-08T15:00:00+00:00,52288.049999999996,52298.049999999996,52221.049999999996,52259.049999999996,13538
2026-07-08T15:15:00+00:00,52259.049999999996,52298.049999999996,52179.049999999996,52199.049999999996,16648
2026-07-08T15:30:00+00:00,52199.049999999996,52235.049999999996,52164.549999999996,52200.049999999996,15322
2026-07-08T15:45:00+00:00,52200.049999999996,52221.549999999996,52179.549999999996,52206.549999999996,10612
2026-07-08T16:00:00+00:00,52206.549999999996,52324.549999999996,52206.049999999996,52302.549999999996,11118
2026-07-08T16:15:00+00:00,52302.549999999996,52350.049999999996,52293.049999999996,52336.049999999996,9290
2026-07-08T16:30:00+00:00,52336.049999999996,52409.549999999996,52287.049999999996,52395.549999999996,14386
2026-07-08T16:45:00+00:00,52395.549999999996,52434.049999999996,52375.049999999996,52409.049999999996,9032
2026-07-08T17:00:00+00:00,52409.049999999996,52443.549999999996,52385.549999999996,52410.049999999996,7491
2026-07-08T17:15:00+00:00,52410.049999999996,52492.049999999996,52409.549999999996,52485.049999999996,7022
2026-07-08T17:30:00+00:00,52485.049999999996,52513.049999999996,52436.549999999996,52450.549999999996,6441
2026-07-08T17:45:00+00:00,52450.549999999996,52455.049999999996,52400.049999999996,52420.549999999996,6157
2026-07-08T18:00:00+00:00,52420.549999999996,52484.549999999996,52397.549999999996,52473.549999999996,8310.949284785434
2026-07-08T18:15:00+00:00,52473.549999999996,52486.049999999996,52429.049999999996,52455.549999999996,5443
2026-07-08T18:30:00+00:00,52455.549999999996,52488.049999999996,52437.049999999996,52484.549999999996,6229
2026-07-08T18:45:00+00:00,52484.549999999996,52502.049999999996,52459.549999999996,52477.549999999996,5183
2026-07-08T19:00:00+00:00,52477.549999999996,52490.549999999996,52438.549999999996,52447.549999999996,5596
2026-07-08T19:15:00+00:00,52447.549999999996,52479.549999999996,52447.049999999996,52457.049999999996,4816
2026-07-08T19:30:00+00:00,52457.049999999996,52466.549999999996,52426.549999999996,52459.549999999996,5651
2026-07-08T19:45:00+00:00,52459.549999999996,52482.549999999996,52396.549999999996,52443.549999999996,10986
2026-07-08T20:00:00+00:00,52443.549999999996,52448.69999999999,52397.19999999999,52415.69999999999,4108
2026-07-08T20:15:00+00:00,52415.69999999999,52426.19999999999,52397.69999999999,52404.19999999999,1550
2026-07-08T20:30:00+00:00,52404.19999999999,52409.69999999999,52353.19999999999,52383.69999999999,2333
2026-07-08T20:45:00+00:00,52383.69999999999,52408.19999999999,52356.19999999999,52378.94999999999,1648
2026-07-08T22:00:00+00:00,52378.94999999999,52407.69999999999,52373.69999999999,52397.69999999999,1093
2026-07-08T22:15:00+00:00,52397.69999999999,52406.19999999999,52390.19999999999,52403.69999999999,461
2026-07-08T22:30:00+00:00,52403.69999999999,52424.19999999999,52395.69999999999,52399.19999999999,1159
2026-07-08T22:45:00+00:00,52399.19999999999,52410.69999999999,52397.69999999999,52404.19999999999,534
2026-07-08T23:00:00+00:00,52404.19999999999,52417.69999999999,52399.69999999999,52415.69999999999,798
2026-07-08T23:15:00+00:00,52415.69999999999,52418.69999999999,52394.69999999999,52412.69999999999,559
2026-07-08T23:30:00+00:00,52412.69999999999,52425.19999999999,52401.69999999999,52418.69999999999,935
2026-07-08T23:45:00+00:00,52418.69999999999,52435.69999999999,52412.19999999999,52428.19999999999,1087
2026-07-09T00:00:00+00:00,52428.19999999999,52447.69999999999,52408.19999999999,52444.69999999999,2671
2026-07-09T00:15:00+00:00,52444.69999999999,52473.69999999999,52419.19999999999,52466.69999999999,2532
2026-07-09T00:30:00+00:00,52466.69999999999,52488.69999999999,52453.69999999999,52474.19999999999,2221
2026-07-09T00:45:00+00:00,52474.19999999999,52493.69999999999,52456.69999999999,52490.69999999999,1963
2026-07-09T01:00:00+00:00,52490.69999999999,52514.69999999999,52484.69999999999,52498.19999999999,1714
2026-07-09T01:15:00+00:00,52498.19999999999,52510.19999999999,52469.69999999999,52484.19999999999,1333
2026-07-09T01:30:00+00:00,52484.19999999999,52498.69999999999,52478.19999999999,52488.19999999999,1450
2026-07-09T01:45:00+00:00,52488.19999999999,52517.19999999999,52480.19999999999,52502.69999999999,1723
2026-07-09T02:00:00+00:00,52502.69999999999,52526.69999999999,52490.69999999999,52518.69999999999,2213
2026-07-09T02:15:00+00:00,52518.69999999999,52526.69999999999,52499.69999999999,52509.69999999999,1574
2026-07-09T02:30:00+00:00,52509.69999999999,52520.69999999999,52493.19999999999,52494.19999999999,1259
2026-07-09T02:45:00+00:00,52494.19999999999,52497.69999999999,52476.19999999999,52489.19999999999,1305
2026-07-09T03:00:00+00:00,52489.19999999999,52491.19999999999,52476.19999999999,52478.69999999999,1363
2026-07-09T03:15:00+00:00,52478.69999999999,52505.19999999999,52470.69999999999,52502.69999999999,1384
2026-07-09T03:30:00+00:00,52502.69999999999,52531.69999999999,52501.69999999999,52528.19999999999,1284
2026-07-09T03:45:00+00:00,52528.19999999999,52531.19999999999,52517.69999999999,52524.69999999999,765
2026-07-09T04:00:00+00:00,52524.69999999999,52532.69999999999,52519.19999999999,52526.69999999999,790
2026-07-09T04:15:00+00:00,52526.69999999999,52539.19999999999,52515.69999999999,52522.19999999999,748
2026-07-09T04:30:00+00:00,52522.19999999999,52550.19999999999,52522.19999999999,52547.19999999999,940
2026-07-09T04:45:00+00:00,52547.19999999999,52556.69999999999,52534.69999999999,52549.19999999999,734
2026-07-09T05:00:00+00:00,52549.19999999999,52586.19999999999,52520.19999999999,52565.69999999999,2439
2026-07-09T05:15:00+00:00,52565.69999999999,52569.19999999999,52512.69999999999,52525.19999999999,1583
2026-07-09T05:30:00+00:00,52525.19999999999,52553.19999999999,52502.19999999999,52550.19999999999,2085
2026-07-09T05:45:00+00:00,52550.19999999999,52585.19999999999,52546.69999999999,52584.69999999999,1424
2026-07-09T06:00:00+00:00,52584.69999999999,52592.69999999999,52539.19999999999,52549.19999999999,1810
2026-07-09T06:15:00+00:00,52549.19999999999,52555.19999999999,52525.69999999999,52531.19999999999,1403
2026-07-09T06:30:00+00:00,52531.19999999999,52546.19999999999,52521.19999999999,52538.19999999999,1603
2026-07-09T06:45:00+00:00,52538.19999999999,52543.69999999999,52529.19999999999,52535.69999999999,753
2026-07-09T07:00:00+00:00,52535.69999999999,52562.69999999999,52508.19999999999,52543.19999999999,2420
2026-07-09T07:15:00+00:00,52543.19999999999,52551.69999999999,52505.69999999999,52528.69999999999,1570
2026-07-09T07:30:00+00:00,52528.69999999999,52566.69999999999,52506.69999999999,52564.69999999999,1915
2026-07-09T07:45:00+00:00,52564.69999999999,52569.19999999999,52513.69999999999,52529.69999999999,1981
2026-07-09T08:00:00+00:00,52529.69999999999,52535.69999999999,52508.19999999999,52518.69999999999,2531
2026-07-09T08:15:00+00:00,52518.69999999999,52544.69999999999,52502.69999999999,52542.69999999999,2014
2026-07-09T08:30:00+00:00,52542.69999999999,52546.19999999999,52481.69999999999,52494.19999999999,2206
2026-07-09T08:45:00+00:00,52494.19999999999,52515.69999999999,52468.69999999999,52501.69999999999,2133
2026-07-09T09:00:00+00:00,52501.69999999999,52505.69999999999,52481.69999999999,52489.69999999999,1739
2026-07-09T09:15:00+00:00,52489.69999999999,52491.19999999999,52462.19999999999,52470.69999999999,1223
2026-07-09T09:30:00+00:00,52470.69999999999,52475.69999999999,52400.44999999999,52417.19999999999,2625
2026-07-09T09:45:00+00:00,52417.19999999999,52461.69999999999,52414.69999999999,52456.69999999999,1742
2026-07-09T10:00:00+00:00,52456.69999999999,52470.19999999999,52439.69999999999,52462.69999999999,1438
2026-07-09T10:15:00+00:00,52462.69999999999,52465.69999999999,52411.19999999999,52411.69999999999,1618
2026-07-09T10:30:00+00:00,52411.69999999999,52418.69999999999,52385.19999999999,52412.69999999999,2312
2026-07-09T10:45:00+00:00,52412.69999999999,52420.69999999999,52333.69999999999,52393.19999999999,4520
2026-07-09T11:00:00+00:00,52393.19999999999,52413.69999999999,52366.69999999999,52404.69999999999,2874
2026-07-09T11:15:00+00:00,52404.69999999999,52405.19999999999,52360.69999999999,52376.69999999999,2349
2026-07-09T11:30:00+00:00,52376.69999999999,52396.69999999999,52358.69999999999,52391.19999999999,2776
2026-07-09T11:45:00+00:00,52391.19999999999,52427.69999999999,52382.19999999999,52421.69999999999,2834
2026-07-09T12:00:00+00:00,52421.69999999999,52472.69999999999,52415.69999999999,52448.69999999999,2789
2026-07-09T12:15:00+00:00,52448.69999999999,52479.69999999999,52435.19999999999,52475.19999999999,2420
2026-07-09T12:30:00+00:00,52475.19999999999,52517.69999999999,52467.69999999999,52472.19999999999,3797
2026-07-09T12:45:00+00:00,52472.19999999999,52504.69999999999,52457.69999999999,52479.69999999999,2751
2026-07-09T13:00:00+00:00,52479.69999999999,52552.69999999999,52478.19999999999,52511.69999999999,3542
2026-07-09T13:15:00+00:00,52511.69999999999,52580.19999999999,52504.19999999999,52533.69999999999,4885
2026-07-09T13:30:00+00:00,52533.69999999999,52549.049999999996,52381.549999999996,52491.549999999996,31866
2026-07-09T13:45:00+00:00,52491.549999999996,52549.549999999996,52445.549999999996,52510.549999999996,16983
2026-07-09T14:00:00+00:00,52510.549999999996,52559.049999999996,52505.049999999996,52544.549999999996,16273
2026-07-09T14:15:00+00:00,52544.549999999996,52578.549999999996,52455.549999999996,52554.549999999996,24232
2026-07-09T14:30:00+00:00,52554.549999999996,52601.549999999996,52525.549999999996,52574.049999999996,14205
2026-07-09T14:45:00+00:00,52574.049999999996,52610.549999999996,52507.549999999996,52608.049999999996,11404
2026-07-09T15:00:00+00:00,52608.049999999996,52623.549999999996,52548.049999999996,52556.549999999996,8151
2026-07-09T15:15:00+00:00,52556.549999999996,52615.549999999996,52551.049999999996,52601.549999999996,6984
2026-07-09T15:30:00+00:00,52601.549999999996,52679.549999999996,52575.549999999996,52676.549999999996,6381
2026-07-09T15:45:00+00:00,52676.549999999996,52686.049999999996,52602.549999999996,52606.549999999996,5066
2026-07-09T16:00:00+00:00,52606.549999999996,52669.549999999996,52605.549999999996,52668.549999999996,4632
2026-07-09T16:15:00+00:00,52668.549999999996,52698.049999999996,52649.049999999996,52686.549999999996,3655
2026-07-09T16:30:00+00:00,52686.549999999996,52694.549999999996,52639.049999999996,52646.549999999996,4025
2026-07-09T16:45:00+00:00,52646.549999999996,52652.549999999996,52607.049999999996,52634.049999999996,3506
2026-07-09T17:00:00+00:00,52634.049999999996,52651.049999999996,52615.549999999996,52620.549999999996,4146
2026-07-09T17:15:00+00:00,52620.549999999996,52660.549999999996,52614.049999999996,52656.549999999996,3888
2026-07-09T17:30:00+00:00,52656.549999999996,52674.549999999996,52644.549999999996,52660.549999999996,3242
2026-07-09T17:45:00+00:00,52660.549999999996,52680.549999999996,52637.44999999999,52649.549999999996,2737
2026-07-09T18:00:00+00:00,52649.549999999996,52685.549999999996,52641.549999999996,52659.549999999996,3323
2026-07-09T18:15:00+00:00,52659.549999999996,52671.549999999996,52597.549999999996,52609.549999999996,4102
2026-07-09T18:30:00+00:00,52609.549999999996,52617.549999999996,52581.549999999996,52591.549999999996,3458
2026-07-09T18:45:00+00:00,52591.549999999996,52597.549999999996,52572.049999999996,52588.549999999996,3002
2026-07-09T19:00:00+00:00,52588.549999999996,52594.549999999996,52545.549999999996,52559.549999999996,3878
2026-07-09T19:15:00+00:00,52559.549999999996,52579.549999999996,52540.549999999996,52546.549999999996,3649
2026-07-09T19:30:00+00:00,52546.549999999996,52568.549999999996,52531.049999999996,52555.549999999996,4644
2026-07-09T19:45:00+00:00,52555.549999999996,52606.049999999996,52536.549999999996,52601.549999999996,8145
2026-07-09T20:00:00+00:00,52601.549999999996,52618.19999999999,52577.69999999999,52597.69999999999,2625
2026-07-09T20:15:00+00:00,52597.69999999999,52617.69999999999,52588.19999999999,52591.69999999999,848
2026-07-09T20:30:00+00:00,52591.69999999999,52600.69999999999,52583.19999999999,52583.69999999999,520
2026-07-09T20:45:00+00:00,52583.69999999999,52585.69999999999,52543.44999999999,52546.44999999999,846
2026-07-09T22:00:00+00:00,52546.44999999999,52584.69999999999,52546.44999999999,52562.69999999999,1549
2026-07-09T22:15:00+00:00,52562.69999999999,52590.69999999999,52560.19999999999,52586.19999999999,676
2026-07-09T22:30:00+00:00,52586.19999999999,52599.69999999999,52582.19999999999,52586.19999999999,458
2026-07-09T22:45:00+00:00,52586.19999999999,52595.19999999999,52584.19999999999,52589.69999999999,432
2026-07-09T23:00:00+00:00,52589.69999999999,52606.19999999999,52583.19999999999,52601.69999999999,662
2026-07-09T23:15:00+00:00,52601.69999999999,52608.69999999999,52595.19999999999,52607.69999999999,326
2026-07-09T23:30:00+00:00,52607.69999999999,52609.69999999999,52597.69999999999,52600.69999999999,262
2026-07-09T23:45:00+00:00,52600.69999999999,52601.69999999999,52573.69999999999,52590.19999999999,828
2026-07-10T00:00:00+00:00,52590.19999999999,52595.69999999999,52566.19999999999,52573.69999999999,1643
2026-07-10T00:15:00+00:00,52573.69999999999,52595.19999999999,52570.69999999999,52594.19999999999,1112
2026-07-10T00:30:00+00:00,52594.19999999999,52595.19999999999,52563.19999999999,52567.19999999999,1026
2026-07-10T00:45:00+00:00,52567.19999999999,52574.69999999999,52553.19999999999,52573.69999999999,842
2026-07-10T01:00:00+00:00,52573.69999999999,52586.69999999999,52564.19999999999,52573.19999999999,1025
2026-07-10T01:15:00+00:00,52573.19999999999,52581.69999999999,52568.69999999999,52581.19999999999,864
2026-07-10T01:30:00+00:00,52581.19999999999,52582.69999999999,52570.69999999999,52571.19999999999,1023
2026-07-10T01:45:00+00:00,52571.19999999999,52582.19999999999,52563.69999999999,52573.19999999999,693
2026-07-10T02:00:00+00:00,52573.19999999999,52587.19999999999,52559.69999999999,52584.19999999999,641
2026-07-10T02:15:00+00:00,52584.19999999999,52588.69999999999,52570.19999999999,52575.19999999999,589
2026-07-10T02:30:00+00:00,52575.19999999999,52582.69999999999,52557.69999999999,52575.69999999999,553
2026-07-10T02:45:00+00:00,52575.69999999999,52587.19999999999,52570.69999999999,52586.19999999999,582
2026-07-10T03:00:00+00:00,52586.19999999999,52605.19999999999,52583.69999999999,52594.19999999999,408
2026-07-10T03:15:00+00:00,52594.19999999999,52594.19999999999,52578.19999999999,52580.19999999999,363
2026-07-10T03:30:00+00:00,52580.19999999999,52582.69999999999,52571.69999999999,52579.19999999999,375
2026-07-10T03:45:00+00:00,52579.19999999999,52583.69999999999,52572.19999999999,52579.19999999999,427
2026-07-10T04:00:00+00:00,52579.19999999999,52583.69999999999,52572.69999999999,52575.69999999999,420
2026-07-10T04:15:00+00:00,52575.69999999999,52576.19999999999,52554.69999999999,52557.19999999999,317
2026-07-10T04:30:00+00:00,52557.19999999999,52560.19999999999,52546.19999999999,52559.19999999999,521
2026-07-10T04:45:00+00:00,52559.19999999999,52561.19999999999,52551.19999999999,52551.19999999999,436
2026-07-10T05:00:00+00:00,52551.19999999999,52560.19999999999,52547.19999999999,52558.69999999999,475
2026-07-10T05:15:00+00:00,52558.69999999999,52569.19999999999,52557.69999999999,52565.69999999999,439
2026-07-10T05:30:00+00:00,52565.69999999999,52573.19999999999,52559.69999999999,52568.19999999999,493
2026-07-10T05:45:00+00:00,52568.19999999999,52588.69999999999,52567.69999999999,52586.19999999999,431
2026-07-10T06:00:00+00:00,52586.19999999999,52660.69999999999,52586.19999999999,52633.19999999999,1459
2026-07-10T06:15:00+00:00,52633.19999999999,52646.69999999999,52605.19999999999,52622.69999999999,1371
2026-07-10T06:30:00+00:00,52622.69999999999,52660.19999999999,52606.69999999999,52606.69999999999,1216
2026-07-10T06:45:00+00:00,52606.69999999999,52634.19999999999,52606.19999999999,52629.19999999999,730
2026-07-10T07:00:00+00:00,52629.19999999999,52673.69999999999,52622.69999999999,52672.19999999999,1567
2026-07-10T07:15:00+00:00,52672.19999999999,52690.19999999999,52666.19999999999,52680.19999999999,1378
2026-07-10T07:30:00+00:00,52680.19999999999,52686.19999999999,52665.19999999999,52672.69999999999,1022
2026-07-10T07:45:00+00:00,52672.69999999999,52675.19999999999,52625.19999999999,52648.69999999999,1612
2026-07-10T08:00:00+00:00,52648.69999999999,52710.69999999999,52630.69999999999,52692.69999999999,2695
2026-07-10T08:15:00+00:00,52692.69999999999,52693.19999999999,52663.69999999999,52666.19999999999,1468
2026-07-10T08:30:00+00:00,52666.19999999999,52666.19999999999,52632.69999999999,52645.19999999999,1733
2026-07-10T08:45:00+00:00,52645.19999999999,52646.69999999999,52610.69999999999,52638.19999999999,1511
2026-07-10T09:00:00+00:00,52638.19999999999,52689.69999999999,52619.69999999999,52685.69999999999,2168
2026-07-10T09:15:00+00:00,52685.69999999999,52691.19999999999,52657.19999999999,52666.69999999999,1101
2026-07-10T09:30:00+00:00,52666.69999999999,52673.69999999999,52634.69999999999,52644.19999999999,877
2026-07-10T09:45:00+00:00,52644.19999999999,52678.19999999999,52641.69999999999,52659.69999999999,990
2026-07-10T10:00:00+00:00,52659.69999999999,52707.69999999999,52659.69999999999,52694.69999999999,1143
2026-07-10T10:15:00+00:00,52694.69999999999,52724.69999999999,52694.19999999999,52715.69999999999,1346
2026-07-10T10:30:00+00:00,52715.69999999999,52737.69999999999,52715.19999999999,52736.69999999999,1221
2026-07-10T10:45:00+00:00,52736.69999999999,52736.69999999999,52701.19999999999,52725.19999999999,980
2026-07-10T11:00:00+00:00,52725.19999999999,52729.69999999999,52700.19999999999,52707.69999999999,1289
2026-07-10T11:15:00+00:00,52707.69999999999,52725.69999999999,52694.69999999999,52695.19999999999,1179
2026-07-10T11:30:00+00:00,52695.19999999999,52697.19999999999,52643.19999999999,52666.69999999999,1777
2026-07-10T11:45:00+00:00,52666.69999999999,52687.19999999999,52658.69999999999,52665.19999999999,1276
2026-07-10T12:00:00+00:00,52665.19999999999,52793.69999999999,52627.19999999999,52737.69999999999,5478
2026-07-10T12:15:00+00:00,52737.69999999999,52751.19999999999,52686.19999999999,52707.19999999999,3383
2026-07-10T12:30:00+00:00,52707.19999999999,52745.69999999999,52673.69999999999,52731.69999999999,2570
2026-07-10T12:45:00+00:00,52731.69999999999,52753.69999999999,52723.19999999999,52727.69999999999,1882
2026-07-10T13:00:00+00:00,52727.69999999999,52779.19999999999,52716.69999999999,52777.69999999999,2359
2026-07-10T13:15:00+00:00,52777.69999999999,52780.19999999999,52732.19999999999,52749.69999999999,2380
2026-07-10T13:30:00+00:00,52749.69999999999,52758.549999999996,52613.44999999999,52681.549999999996,28620
2026-07-10T13:45:00+00:00,52681.549999999996,52686.549999999996,52617.049999999996,52656.549999999996,15653
2026-07-10T14:00:00+00:00,52656.549999999996,52673.049999999996,52558.049999999996,52560.549999999996,12420
2026-07-10T14:15:00+00:00,52560.549999999996,52702.049999999996,52546.049999999996,52670.049999999996,10973
2026-07-10T14:30:00+00:00,52670.049999999996,52688.549999999996,52348.549999999996,52669.549999999996,31575
2026-07-10T14:45:00+00:00,52669.549999999996,52692.549999999996,52598.44999999999,52627.549999999996,11723
2026-07-10T15:00:00+00:00,52627.549999999996,52691.549999999996,52619.549999999996,52691.549999999996,10557
2026-07-10T15:15:00+00:00,52691.549999999996,52765.549999999996,52689.549999999996,52743.549999999996,9844
2026-07-10T15:30:00+00:00,52743.549999999996,52749.549999999996,52678.549999999996,52710.549999999996,8765
2026-07-10T15:45:00+00:00,52710.549999999996,52740.049999999996,52678.049999999996,52709.549999999996,6639
2026-07-10T16:00:00+00:00,52709.549999999996,52738.549999999996,52671.549999999996,52711.049999999996,5314
2026-07-10T16:15:00+00:00,52711.049999999996,52736.049999999996,52660.549999999996,52681.549999999996,4472
2026-07-10T16:30:00+00:00,52681.549999999996,52716.049999999996,52656.549999999996,52711.049999999996,3338
2026-07-10T16:45:00+00:00,52711.049999999996,52753.049999999996,52708.549999999996,52744.049999999996,3496
2026-07-10T17:00:00+00:00,52744.049999999996,52750.049999999996,52721.549999999996,52747.549999999996,2983
2026-07-10T17:15:00+00:00,52747.549999999996,52771.549999999996,52728.549999999996,52740.549999999996,2505
2026-07-10T17:30:00+00:00,52740.549999999996,52774.049999999996,52737.049999999996,52748.049999999996,3174
2026-07-10T17:45:00+00:00,52748.049999999996,52777.549999999996,52745.049999999996,52747.549999999996,2194
2026-07-10T18:00:00+00:00,52747.549999999996,52784.049999999996,52735.049999999996,52762.549999999996,3180
2026-07-10T18:15:00+00:00,52762.549999999996,52791.049999999996,52756.049999999996,52781.549999999996,2638
2026-07-10T18:30:00+00:00,52781.549999999996,52798.049999999996,52770.049999999996,52789.549999999996,2285
2026-07-10T18:45:00+00:00,52789.549999999996,52797.049999999996,52773.549999999996,52788.549999999996,1861
2026-07-10T19:00:00+00:00,52788.549999999996,52828.049999999996,52781.549999999996,52816.549999999996,2866
2026-07-10T19:15:00+00:00,52816.549999999996,52826.549999999996,52802.049999999996,52809.549999999996,2320
2026-07-10T19:30:00+00:00,52809.549999999996,52810.549999999996,52781.549999999996,52805.549999999996,3392
2026-07-10T19:45:00+00:00,52805.549999999996,52822.049999999996,52736.049999999996,52757.549999999996,5620
2026-07-10T20:00:00+00:00,52757.549999999996,52803.19999999999,52751.19999999999,52798.19999999999,1830
2026-07-10T20:15:00+00:00,52798.19999999999,52808.19999999999,52693.59,52702.09,995
2026-07-10T20:30:00+00:00,52702.09,52710.09,52688.59,52704.09,348
2026-07-12T22:00:00+00:00,52704.09,52849.23999999999,52704.09,52736.23999999999,1830
2026-07-12T22:15:00+00:00,52736.23999999999,52766.73999999999,52728.73999999999,52760.73999999999,726
2026-07-12T22:30:00+00:00,52760.73999999999,52792.23999999999,52760.73999999999,52788.23999999999,396.2332647379252
2026-07-12T22:45:00+00:00,52788.23999999999,52799.73999999999,52771.73999999999,52795.73999999999,432
2026-07-12T23:00:00+00:00,52795.73999999999,52797.23999999999,52782.23999999999,52795.73999999999,701
2026-07-12T23:15:00+00:00,52795.73999999999,52799.23999999999,52778.73999999999,52780.73999999999,434
2026-07-12T23:30:00+00:00,52780.73999999999,52784.73999999999,52766.73999999999,52768.23999999999,401
2026-07-12T23:45:00+00:00,52768.23999999999,52789.73999999999,52751.73999999999,52785.73999999999,1452
2026-07-13T00:00:00+00:00,52785.73999999999,52821.73999999999,52765.23999999999,52809.73999999999,4132
2026-07-13T00:15:00+00:00,52809.73999999999,52817.23999999999,52780.73999999999,52786.23999999999,3213
2026-07-13T00:30:00+00:00,52786.23999999999,52794.23999999999,52770.73999999999,52780.73999999999,2715
2026-07-13T00:45:00+00:00,52780.73999999999,52786.73999999999,52740.23999999999,52757.73999999999,3209
2026-07-13T01:00:00+00:00,52757.73999999999,52758.23999999999,52717.73999999999,52720.23999999999,2865
2026-07-13T01:15:00+00:00,52720.23999999999,52746.73999999999,52704.23999999999,52722.23999999999,2873
2026-07-13T01:30:00+00:00,52722.23999999999,52738.23999999999,52708.73999999999,52716.73999999999,2233
2026-07-13T01:45:00+00:00,52716.73999999999,52721.73999999999,52700.23999999999,52718.73999999999,2429
2026-07-13T02:00:00+00:00,52718.73999999999,52724.73999999999,52689.73999999999,52699.23999999999,2249
2026-07-13T02:15:00+00:00,52699.23999999999,52716.73999999999,52692.23999999999,52707.73999999999,1438
2026-07-13T02:30:00+00:00,52707.73999999999,52718.73999999999,52696.73999999999,52711.73999999999,1106
2026-07-13T02:45:00+00:00,52711.73999999999,52716.73999999999,52695.73999999999,52696.73999999999,810
2026-07-13T03:00:00+00:00,52696.73999999999,52698.73999999999,52680.73999999999,52692.73999999999,1040
2026-07-13T03:15:00+00:00,52692.73999999999,52696.73999999999,52684.73999999999,52692.73999999999,682
2026-07-13T03:30:00+00:00,52692.73999999999,52697.73999999999,52681.23999999999,52684.23999999999,990
2026-07-13T03:45:00+00:00,52684.23999999999,52692.73999999999,52668.73999999999,52675.23999999999,791
2026-07-13T04:00:00+00:00,52675.23999999999,52677.73999999999,52660.23999999999,52663.23999999999,986
2026-07-13T04:15:00+00:00,52663.23999999999,52691.73999999999,52660.73999999999,52675.73999999999,960
2026-07-13T04:30:00+00:00,52675.73999999999,52681.23999999999,52660.73999999999,52665.73999999999,753
2026-07-13T04:45:00+00:00,52665.73999999999,52672.73999999999,52654.73999999999,52665.23999999999,639
2026-07-13T05:00:00+00:00,52665.23999999999,52701.73999999999,52648.73999999999,52697.73999999999,1517
2026-07-13T05:15:00+00:00,52697.73999999999,52702.73999999999,52662.73999999999,52665.73999999999,1511
2026-07-13T05:30:00+00:00,52665.73999999999,52686.73999999999,52634.23999999999,52669.73999999999,2398
2026-07-13T05:45:00+00:00,52669.73999999999,52687.73999999999,52645.73999999999,52686.73999999999,1650
2026-07-13T06:00:00+00:00,52686.73999999999,52717.73999999999,52685.73999999999,52698.73999999999,2606
2026-07-13T06:15:00+00:00,52698.73999999999,52783.73999999999,52698.23999999999,52782.73999999999,2344
2026-07-13T06:30:00+00:00,52782.73999999999,52785.23999999999,52750.73999999999,52770.73999999999,1722
2026-07-13T06:45:00+00:00,52770.73999999999,52809.23999999999,52767.23999999999,52805.73999999999,1527
2026-07-13T07:00:00+00:00,52805.73999999999,52870.23999999999,52789.73999999999,52865.73999999999,3211
2026-07-13T07:15:00+00:00,52865.73999999999,52872.73999999999,52805.23999999999,52808.73999999999,1924
2026-07-13T07:30:00+00:00,52808.73999999999,52840.73999999999,52779.73999999999,52812.73999999999,2107
2026-07-13T07:45:00+00:00,52812.73999999999,52845.73999999999,52803.73999999999,52831.23999999999,1636
2026-07-13T08:00:00+00:00,52831.23999999999,52905.73999999999,52825.73999999999,52894.73999999999,3758
2026-07-13T08:15:00+00:00,52894.73999999999,52922.73999999999,52885.73999999999,52894.73999999999,2133
2026-07-13T08:30:00+00:00,52894.73999999999,52912.73999999999,52893.73999999999,52903.73999999999,1639
2026-07-13T08:45:00+00:00,52903.73999999999,52927.23999999999,52900.73999999999,52925.73999999999,1465
2026-07-13T09:00:00+00:00,52925.73999999999,52938.23999999999,52907.23999999999,52917.23999999999,1377
2026-07-13T09:15:00+00:00,52917.23999999999,52961.23999999999,52912.73999999999,52948.23999999999,1060
2026-07-13T09:30:00+00:00,52948.23999999999,52960.73999999999,52905.73999999999,52913.73999999999,1637
2026-07-13T09:45:00+00:00,52913.73999999999,52925.23999999999,52901.73999999999,52903.73999999999,1229
2026-07-13T10:00:00+00:00,52903.73999999999,52906.23999999999,52869.73999999999,52896.23999999999,1676
2026-07-13T10:15:00+00:00,52896.23999999999,52903.23999999999,52869.73999999999,52875.23999999999,1175
2026-07-13T10:30:00+00:00,52875.23999999999,52887.73999999999,52860.23999999999,52875.73999999999,1360
2026-07-13T10:45:00+00:00,52875.73999999999,52879.73999999999,52859.23999999999,52873.73999999999,1303
2026-07-13T11:00:00+00:00,52873.73999999999,52891.23999999999,52842.73999999999,52850.73999999999,2486
2026-07-13T11:15:00+00:00,52850.73999999999,52875.73999999999,52832.23999999999,52871.73999999999,1400
2026-07-13T11:30:00+00:00,52871.73999999999,52879.73999999999,52850.73999999999,52857.73999999999,1776
2026-07-13T11:45:00+00:00,52857.73999999999,52858.73999999999,52809.73999999999,52823.23999999999,1811
2026-07-13T12:00:00+00:00,52823.23999999999,52858.73999999999,52783.73999999999,52800.23999999999,3660
2026-07-13T12:15:00+00:00,52800.23999999999,52824.23999999999,52797.73999999999,52811.73999999999,2530
2026-07-13T12:30:00+00:00,52811.73999999999,52817.73999999999,52787.23999999999,52809.73999999999,2722
2026-07-13T12:45:00+00:00,52809.73999999999,52862.23999999999,52809.23999999999,52860.73999999999,2199
2026-07-13T13:00:00+00:00,52860.73999999999,52883.73999999999,52833.73999999999,52848.23999999999,2557
2026-07-13T13:15:00+00:00,52848.23999999999,52886.23999999999,52836.23999999999,52886.23999999999,3149
2026-07-13T13:30:00+00:00,52886.23999999999,53049.59,52870.59,52957.59,30835
2026-07-13T13:45:00+00:00,52957.59,53091.09,52920.59,53068.59,22127
2026-07-13T14:00:00+00:00,53068.59,53092.59,52896.59,52982.59,18043
2026-07-13T14:15:00+00:00,52982.59,52998.59,52776.48999999999,52908.09,27899
2026-07-13T14:30:00+00:00,52908.09,52913.09,52772.09,52785.59,12437
2026-07-13T14:45:00+00:00,52785.59,52821.59,52749.59,52809.59,11022
2026-07-13T15:00:00+00:00,52809.59,52828.59,52760.59,52786.59,7905
2026-07-13T15:15:00+00:00,52786.59,52797.09,52747.59,52793.59,6882
2026-07-13T15:30:00+00:00,52793.59,52795.09,52747.09,52747.09,6577
2026-07-13T15:45:00+00:00,52747.09,52783.09,52723.59,52732.59,5841
2026-07-13T16:00:00+00:00,52732.59,52747.59,52711.59,52713.59,5162
2026-07-13T16:15:00+00:00,52713.59,52713.59,52607.59,52632.59,6812
2026-07-13T16:30:00+00:00,52632.59,52721.09,52582.09,52709.09,12063
2026-07-13T16:45:00+00:00,52709.09,52727.09,52647.59,52689.59,9745
2026-07-13T17:00:00+00:00,52689.59,52734.59,52685.59,52721.59,6364
2026-07-13T17:15:00+00:00,52721.59,52763.59,52703.59,52721.59,5883
2026-07-13T17:30:00+00:00,52721.59,52750.09,52714.59,52746.59,6218
2026-07-13T17:45:00+00:00,52746.59,52769.59,52688.59,52696.09,6470
2026-07-13T18:00:00+00:00,52696.09,52764.09,52692.59,52721.09,6604
2026-07-13T18:15:00+00:00,52721.09,52722.09,52672.59,52701.59,5534
2026-07-13T18:30:00+00:00,52701.59,52736.09,52689.59,52729.59,5341
2026-07-13T18:45:00+00:00,52729.59,52741.59,52709.09,52730.59,4561
2026-07-13T19:00:00+00:00,52730.59,52737.59,52704.59,52734.09,4567
2026-07-13T19:15:00+00:00,52734.09,52757.09,52675.09,52685.59,5741
2026-07-13T19:30:00+00:00,52685.59,52715.59,52653.09,52709.59,6813
2026-07-13T19:45:00+00:00,52709.59,52765.09,52702.59,52744.09,9264
2026-07-13T20:00:00+00:00,52744.09,52744.23999999999,52703.73999999999,52708.23999999999,3753
2026-07-13T20:15:00+00:00,52708.23999999999,52714.73999999999,52657.73999999999,52696.23999999999,2192
2026-07-13T20:30:00+00:00,52696.23999999999,52697.73999999999,52678.23999999999,52684.73999999999,938
2026-07-13T20:45:00+00:00,52684.73999999999,52707.73999999999,52679.23999999999,52701.48999999999,1104
2026-07-13T22:00:00+00:00,52701.48999999999,52745.73999999999,52701.48999999999,52711.23999999999,2158
2026-07-13T22:15:00+00:00,52711.23999999999,52723.23999999999,52703.73999999999,52708.23999999999,935
2026-07-13T22:30:00+00:00,52708.23999999999,52711.73999999999,52696.73999999999,52707.23999999999,725
2026-07-13T22:45:00+00:00,52707.23999999999,52719.23999999999,52678.73999999999,52683.23999999999,1258
2026-07-13T23:00:00+00:00,52683.23999999999,52684.23999999999,52646.23999999999,52650.23999999999,1253
2026-07-13T23:15:00+00:00,52650.23999999999,52679.73999999999,52648.73999999999,52661.73999999999,634
2026-07-13T23:30:00+00:00,52661.73999999999,52662.73999999999,52635.23999999999,52637.73999999999,986
2026-07-13T23:45:00+00:00,52637.73999999999,52683.23999999999,52628.73999999999,52682.73999999999,2415
2026-07-14T00:00:00+00:00,52682.73999999999,52707.23999999999,52604.73999999999,52660.73999999999,8681
2026-07-14T00:15:00+00:00,52660.73999999999,52670.23999999999,52561.73999999999,52586.73999999999,8949
2026-07-14T00:30:00+00:00,52586.73999999999,52617.73999999999,52559.73999999999,52576.23999999999,6519
2026-07-14T00:45:00+00:00,52576.23999999999,52640.73999999999,52575.23999999999,52634.73999999999,5152
2026-07-14T01:00:00+00:00,52634.73999999999,52644.23999999999,52614.23999999999,52636.73999999999,4214
2026-07-14T01:15:00+00:00,52636.73999999999,52666.73999999999,52630.73999999999,52639.73999999999,3755
2026-07-14T01:30:00+00:00,52639.73999999999,52646.23999999999,52601.23999999999,52615.23999999999,3433
2026-07-14T01:45:00+00:00,52615.23999999999,52639.73999999999,52590.23999999999,52604.73999999999,3034
2026-07-14T02:00:00+00:00,52604.73999999999,52643.73999999999,52594.73999999999,52608.23999999999,3456
2026-07-14T02:15:00+00:00,52608.23999999999,52615.73999999999,52574.23999999999,52600.73999999999,2725
2026-07-14T02:30:00+00:00,52600.73999999999,52617.73999999999,52578.23999999999,52607.23999999999,2527
2026-07-14T02:45:00+00:00,52607.23999999999,52611.23999999999,52567.73999999999,52575.23999999999,1852
2026-07-14T03:00:00+00:00,52575.23999999999,52581.23999999999,52562.73999999999,52566.23999999999,1783
2026-07-14T03:15:00+00:00,52566.23999999999,52580.73999999999,52549.73999999999,52580.73999999999,1906
2026-07-14T03:30:00+00:00,52580.73999999999,52597.73999999999,52553.73999999999,52554.23999999999,2914
2026-07-14T03:45:00+00:00,52554.23999999999,52592.73999999999,52548.23999999999,52585.23999999999,1997
2026-07-14T04:00:00+00:00,52585.23999999999,52608.23999999999,52566.23999999999,52579.73999999999,1572
2026-07-14T04:15:00+00:00,52579.73999999999,52618.23999999999,52570.23999999999,52611.23999999999,1682
2026-07-14T04:30:00+00:00,52611.23999999999,52669.73999999999,52606.23999999999,52660.73999999999,2274
2026-07-14T04:45:00+00:00,52660.73999999999,52679.73999999999,52654.73999999999,52671.23999999999,1533
2026-07-14T05:00:00+00:00,52671.23999999999,52686.23999999999,52665.73999999999,52671.73999999999,1866
2026-07-14T05:15:00+00:00,52671.73999999999,52710.73999999999,52662.73999999999,52709.23999999999,1726
2026-07-14T05:30:00+00:00,52709.23999999999,52733.23999999999,52699.73999999999,52714.23999999999,1983
2026-07-14T05:45:00+00:00,52714.23999999999,52717.23999999999,52702.23999999999,52705.23999999999,1241
2026-07-14T06:00:00+00:00,52705.23999999999,52725.73999999999,52701.23999999999,52716.73999999999,1752
2026-07-14T06:15:00+00:00,52716.73999999999,52727.73999999999,52674.23999999999,52683.73999999999,1906
2026-07-14T06:30:00+00:00,52683.73999999999,52698.23999999999,52641.73999999999,52649.23999999999,1959
2026-07-14T06:45:00+00:00,52649.23999999999,52651.73999999999,52621.73999999999,52623.23999999999,1771
2026-07-14T07:00:00+00:00,52623.23999999999,52683.23999999999,52598.73999999999,52653.73999999999,5236
2026-07-14T07:15:00+00:00,52653.73999999999,52661.23999999999,52605.73999999999,52610.73999999999,3544
2026-07-14T07:30:00+00:00,52610.73999999999,52612.73999999999,52570.73999999999,52578.73999999999,3929
2026-07-14T07:45:00+00:00,52578.73999999999,52632.73999999999,52558.23999999999,52620.23999999999,4264
2026-07-14T08:00:00+00:00,52620.23999999999,52637.73999999999,52570.23999999999,52602.73999999999,5570
2026-07-14T08:15:00+00:00,52602.73999999999,52624.73999999999,52591.23999999999,52610.23999999999,4121
2026-07-14T08:30:00+00:00,52610.23999999999,52618.73999999999,52583.73999999999,52597.73999999999,2927
2026-07-14T08:45:00+00:00,52597.73999999999,52605.23999999999,52546.73999999999,52572.73999999999,2602
2026-07-14T09:00:00+00:00,52572.73999999999,52641.73999999999,52552.23999999999,52634.73999999999,4175
2026-07-14T09:15:00+00:00,52634.73999999999,52639.23999999999,52597.73999999999,52606.23999999999,3219
2026-07-14T09:30:00+00:00,52606.23999999999,52641.73999999999,52606.23999999999,52627.73999999999,2796
2026-07-14T09:45:00+00:00,52627.73999999999,52658.23999999999,52624.23999999999,52630.73999999999,2780
2026-07-14T10:00:00+00:00,52630.73999999999,52671.23999999999,52603.23999999999,52613.23999999999,2258
2026-07-14T10:15:00+00:00,52613.23999999999,52648.73999999999,52609.73999999999,52640.73999999999,2475
2026-07-14T10:30:00+00:00,52640.73999999999,52756.23999999999,52568.23999999999,52584.73999999999,7851
2026-07-14T10:45:00+00:00,52584.73999999999,52622.23999999999,52549.23999999999,52571.23999999999,4599
2026-07-14T11:00:00+00:00,52571.23999999999,52595.73999999999,52244.73999999999,52311.73999999999,14457
2026-07-14T11:15:00+00:00,52311.73999999999,52525.23999999999,52284.73999999999,52463.23999999999,9863
2026-07-14T11:30:00+00:00,52463.23999999999,52523.73999999999,52371.73999999999,52393.73999999999,6977
2026-07-14T11:45:00+00:00,52393.73999999999,52466.73999999999,52381.23999999999,52451.73999999999,5098
2026-07-14T12:00:00+00:00,52451.73999999999,52471.23999999999,52411.73999999999,52425.73999999999,5321
2026-07-14T12:15:00+00:00,52425.73999999999,52527.23999999999,52404.73999999999,52517.48999999999,4863
2026-07-14T12:30:00+00:00,52517.48999999999,52884.73999999999,52517.48999999999,52662.73999999999,15869
2026-07-14T12:45:00+00:00,52662.73999999999,52677.73999999999,52597.73999999999,52617.23999999999,8679
2026-07-14T13:00:00+00:00,52617.23999999999,52686.73999999999,52617.23999999999,52672.73999999999,7472
2026-07-14T13:15:00+00:00,52672.73999999999,52711.73999999999,52620.73999999999,52644.23999999999,6636
2026-07-14T13:30:00+00:00,52644.23999999999,52876.59,52560.59,52864.59,38992
2026-07-14T13:45:00+00:00,52864.59,52865.59,52743.09,52808.59,25884
2026-07-14T14:00:00+00:00,52808.59,52895.09,52774.59,52893.59,25011
2026-07-14T14:15:00+00:00,52893.59,52893.59,52782.59,52838.59,23936
2026-07-14T14:30:00+00:00,52838.59,52965.59,52798.59,52799.09,21312
2026-07-14T14:45:00+00:00,52799.09,52813.59,52737.59,52752.09,14186
2026-07-14T15:00:00+00:00,52752.09,52865.09,52701.59,52769.59,17682
2026-07-14T15:15:00+00:00,52769.59,52772.09,52681.59,52753.09,10276
2026-07-14T15:30:00+00:00,52753.09,52780.09,52568.59,52653.59,12016
2026-07-14T15:45:00+00:00,52653.59,52686.59,52623.59,52652.59,10146
2026-07-14T16:00:00+00:00,52652.59,52692.59,52617.59,52678.09,9300
2026-07-14T16:15:00+00:00,52678.09,52687.59,52590.09,52609.09,6943
2026-07-14T16:30:00+00:00,52609.09,52665.59,52602.59,52634.59,6326
2026-07-14T16:45:00+00:00,52634.59,52663.59,52599.59,52663.59,5359
2026-07-14T17:00:00+00:00,52663.59,52686.59,52642.09,52661.59,4651
2026-07-14T17:15:00+00:00,52661.59,52720.59,52645.09,52707.09,4613
2026-07-14T17:30:00+00:00,52707.09,52716.59,52653.09,52666.09,4075
2026-07-14T17:45:00+00:00,52666.09,52697.09,52648.59,52670.59,3528
2026-07-14T18:00:00+00:00,52670.59,52724.59,52644.59,52720.59,3820
2026-07-14T18:15:00+00:00,52720.59,52738.59,52700.59,52726.09,3496
2026-07-14T18:30:00+00:00,52726.09,52729.59,52691.59,52709.09,4807
2026-07-14T18:45:00+00:00,52709.09,52737.09,52701.59,52729.59,3301
2026-07-14T19:00:00+00:00,52729.59,52768.09,52722.59,52741.59,3890
2026-07-14T19:15:00+00:00,52741.59,52791.59,52738.59,52787.59,3629
2026-07-14T19:30:00+00:00,52787.59,52812.59,52762.09,52800.59,5586
2026-07-14T19:45:00+00:00,52800.59,52814.09,52767.09,52770.09,7682
2026-07-14T20:00:00+00:00,52770.09,52798.73999999999,52766.23999999999,52780.73999999999,2160
2026-07-14T20:15:00+00:00,52780.73999999999,52795.73999999999,52761.73999999999,52765.73999999999,969
2026-07-14T20:30:00+00:00,52765.73999999999,52778.23999999999,52761.73999999999,52774.73999999999,670
2026-07-14T20:45:00+00:00,52774.73999999999,52800.73999999999,52761.73999999999,52795.23999999999,684
2026-07-14T22:00:00+00:00,52795.23999999999,52801.73999999999,52757.73999999999,52766.23999999999,1017
2026-07-14T22:15:00+00:00,52766.23999999999,52807.23999999999,52765.23999999999,52800.23999999999,802
2026-07-14T22:30:00+00:00,52800.23999999999,52814.23999999999,52800.23999999999,52811.73999999999,477
2026-07-14T22:45:00+00:00,52811.73999999999,52811.73999999999,52787.23999999999,52788.73999999999,368
2026-07-14T23:00:00+00:00,52788.73999999999,52821.73999999999,52786.23999999999,52820.73999999999,519
2026-07-14T23:15:00+00:00,52820.73999999999,52848.23999999999,52816.73999999999,52842.73999999999,843
2026-07-14T23:30:00+00:00,52842.73999999999,52862.23999999999,52842.23999999999,52857.73999999999,894
2026-07-14T23:45:00+00:00,52857.73999999999,52869.73999999999,52850.73999999999,52862.73999999999,965
2026-07-15T00:00:00+00:00,52862.73999999999,52870.73999999999,52840.73999999999,52842.73999999999,1861
2026-07-15T00:15:00+00:00,52842.73999999999,52846.73999999999,52823.23999999999,52829.23999999999,1295
2026-07-15T00:30:00+00:00,52829.23999999999,52831.23999999999,52773.23999999999,52778.73999999999,1194
2026-07-15T00:45:00+00:00,52778.73999999999,52833.73999999999,52774.73999999999,52824.23999999999,1272
2026-07-15T01:00:00+00:00,52824.23999999999,52833.23999999999,52803.73999999999,52823.73999999999,1447
2026-07-15T01:15:00+00:00,52823.73999999999,52838.73999999999,52806.73999999999,52811.73999999999,1025
2026-07-15T01:30:00+00:00,52811.73999999999,52823.73999999999,52796.73999999999,52799.23999999999,984
2026-07-15T01:45:00+00:00,52799.23999999999,52822.23999999999,52798.73999999999,52821.23999999999,829
2026-07-15T02:00:00+00:00,52821.23999999999,52825.73999999999,52810.73999999999,52814.73999999999,806
2026-07-15T02:15:00+00:00,52814.73999999999,52834.23999999999,52813.73999999999,52831.73999999999,619
2026-07-15T02:30:00+00:00,52831.73999999999,52846.73999999999,52827.23999999999,52844.73999999999,425
2026-07-15T02:45:00+00:00,52844.73999999999,52845.73999999999,52822.23999999999,52825.73999999999,360
2026-07-15T03:00:00+00:00,52825.73999999999,52833.73999999999,52820.73999999999,52822.23999999999,339
2026-07-15T03:15:00+00:00,52822.23999999999,52833.73999999999,52820.73999999999,52830.73999999999,361
2026-07-15T03:30:00+00:00,52830.73999999999,52837.73999999999,52825.73999999999,52831.73999999999,443
2026-07-15T03:45:00+00:00,52831.73999999999,52848.23999999999,52831.23999999999,52842.73999999999,378
2026-07-15T04:00:00+00:00,52842.73999999999,52853.73999999999,52841.23999999999,52851.23999999999,308
2026-07-15T04:15:00+00:00,52851.23999999999,52863.23999999999,52850.23999999999,52859.23999999999,260
2026-07-15T04:30:00+00:00,52859.23999999999,52859.73999999999,52836.73999999999,52844.73999999999,417
2026-07-15T04:45:00+00:00,52844.73999999999,52852.73999999999,52843.73999999999,52848.73999999999,267
2026-07-15T05:00:00+00:00,52848.73999999999,52871.73999999999,52823.73999999999,52836.23999999999,1941
2026-07-15T05:15:00+00:00,52836.23999999999,52840.23999999999,52816.73999999999,52818.23999999999,677
2026-07-15T05:30:00+00:00,52818.23999999999,52842.23999999999,52814.73999999999,52830.73999999999,827
2026-07-15T05:45:00+00:00,52830.73999999999,52846.73999999999,52829.23999999999,52844.73999999999,735
2026-07-15T06:00:00+00:00,52844.73999999999,52844.73999999999,52809.73999999999,52815.73999999999,850
2026-07-15T06:15:00+00:00,52815.73999999999,52835.23999999999,52804.73999999999,52831.73999999999,746
2026-07-15T06:30:00+00:00,52831.73999999999,52836.73999999999,52810.73999999999,52813.23999999999,707
2026-07-15T06:45:00+00:00,52813.23999999999,52816.73999999999,52784.73999999999,52790.73999999999,678
2026-07-15T07:00:00+00:00,52790.73999999999,52791.23999999999,52750.23999999999,52765.73999999999,1761
2026-07-15T07:15:00+00:00,52765.73999999999,52777.23999999999,52697.23999999999,52719.73999999999,1811
2026-07-15T07:30:00+00:00,52719.73999999999,52749.23999999999,52714.23999999999,52748.73999999999,1977
2026-07-15T07:45:00+00:00,52748.73999999999,52765.73999999999,52734.73999999999,52749.73999999999,1394
2026-07-15T08:00:00+00:00,52749.73999999999,52810.73999999999,52744.23999999999,52809.73999999999,2185
2026-07-15T08:15:00+00:00,52809.73999999999,52838.23999999999,52797.73999999999,52832.73999999999,2199
2026-07-15T08:30:00+00:00,52832.73999999999,52886.73999999999,52826.23999999999,52870.23999999999,1893
2026-07-15T08:45:00+00:00,52870.23999999999,52885.73999999999,52853.23999999999,52881.73999999999,1428
2026-07-15T09:00:00+00:00,52881.73999999999,52923.73999999999,52873.23999999999,52916.73999999999,1236
2026-07-15T09:15:00+00:00,52916.73999999999,52920.73999999999,52885.23999999999,52886.23999999999,943
2026-07-15T09:30:00+00:00,52886.23999999999,52917.23999999999,52878.73999999999,52917.23999999999,1034
2026-07-15T09:45:00+00:00,52917.23999999999,52919.23999999999,52868.23999999999,52878.23999999999,1054
2026-07-15T10:00:00+00:00,52878.23999999999,52902.73999999999,52866.73999999999,52880.23999999999,1099
2026-07-15T10:15:00+00:00,52880.23999999999,52884.73999999999,52789.23999999999,52790.73999999999,2184
2026-07-15T10:30:00+00:00,52790.73999999999,52810.23999999999,52771.23999999999,52800.73999999999,1632
2026-07-15T10:45:00+00:00,52800.73999999999,52815.23999999999,52789.23999999999,52809.23999999999,1289
2026-07-15T11:00:00+00:00,52809.23999999999,52824.73999999999,52769.73999999999,52781.23999999999,1843
2026-07-15T11:15:00+00:00,52781.23999999999,52794.23999999999,52768.73999999999,52772.73999999999,1262
2026-07-15T11:30:00+00:00,52772.73999999999,52797.73999999999,52740.23999999999,52789.73999999999,1604
2026-07-15T11:45:00+00:00,52789.73999999999,52814.73999999999,52775.73999999999,52810.23999999999,1676
2026-07-15T12:00:00+00:00,52810.23999999999,52813.23999999999,52764.73999999999,52788.73999999999,1429
2026-07-15T12:15:00+00:00,52788.73999999999,52810.73999999999,52779.73999999999,52803.23999999999,1747
2026-07-15T12:30:00+00:00,52803.23999999999,52940.23999999999,52800.73999999999,52934.23999999999,4729
2026-07-15T12:45:00+00:00,52934.23999999999,52937.23999999999,52885.73999999999,52889.73999999999,3037
2026-07-15T13:00:00+00:00,52889.73999999999,52917.73999999999,52849.23999999999,52851.73999999999,2928
2026-07-15T13:15:00+00:00,52851.73999999999,52899.23999999999,52836.23999999999,52899.23999999999,2203
2026-07-15T13:30:00+00:00,52899.23999999999,53088.09,52762.09,52949.09,29935
2026-07-15T13:45:00+00:00,52949.09,52997.59,52843.09,52945.59,21948
2026-07-15T14:00:00+00:00,52945.59,52998.59,52902.59,52952.59,17105
2026-07-15T14:15:00+00:00,52952.59,53084.59,52951.59,53008.59,18267
2026-07-15T14:30:00+00:00,53008.59,53054.59,52953.59,52975.09,15931
2026-07-15T14:45:00+00:00,52975.09,52992.59,52909.59,52957.59,13428
2026-07-15T15:00:00+00:00,52957.59,52995.59,52914.09,52921.59,9971
2026-07-15T15:15:00+00:00,52921.59,52967.59,52889.59,52937.59,10255
2026-07-15T15:30:00+00:00,52937.59,52963.59,52911.59,52942.09,8862
2026-07-15T15:45:00+00:00,52942.09,52957.59,52880.59,52888.59,7519
2026-07-15T16:00:00+00:00,52888.59,52898.09,52807.59,52809.59,9292
2026-07-15T16:15:00+00:00,52809.59,52819.09,52679.59,52726.59,10771
2026-07-15T16:30:00+00:00,52726.59,52742.59,52686.59,52725.59,7918
2026-07-15T16:45:00+00:00,52725.59,52830.09,52719.59,52792.59,10170
2026-07-15T17:00:00+00:00,52792.59,52833.09,52772.59,52774.59,5914
2026-07-15T17:15:00+00:00,52774.59,52836.59,52762.09,52834.59,4747
2026-07-15T17:30:00+00:00,52834.59,52889.59,52829.59,52873.59,6141
2026-07-15T17:45:00+00:00,52873.59,52928.09,52872.59,52919.59,5365
2026-07-15T18:00:00+00:00,52919.59,52951.09,52912.09,52932.59,4504
2026-07-15T18:15:00+00:00,52932.59,52934.59,52891.09,52909.59,4021
2026-07-15T18:30:00+00:00,52909.59,52937.09,52894.59,52896.09,3510
2026-07-15T18:45:00+00:00,52896.09,52897.09,52856.09,52860.59,5096
2026-07-15T19:00:00+00:00,52860.59,52895.59,52834.59,52893.59,4126
2026-07-15T19:15:00+00:00,52893.59,52919.59,52881.59,52885.09,3860
2026-07-15T19:30:00+00:00,52885.09,52904.59,52841.09,52901.59,6523
2026-07-15T19:45:00+00:00,52901.59,52917.09,52870.59,52913.59,7100
2026-07-15T20:00:00+00:00,52913.59,52928.73999999999,52880.73999999999,52912.73999999999,2353
2026-07-15T20:15:00+00:00,52912.73999999999,52939.73999999999,52912.73999999999,52919.73999999999,727
2026-07-15T20:30:00+00:00,52919.73999999999,52921.73999999999,52905.23999999999,52905.73999999999,312
2026-07-15T20:45:00+00:00,52905.73999999999,52914.73999999999,52895.23999999999,52898.98999999999,434
2026-07-15T22:00:00+00:00,52898.98999999999,52941.73999999999,52898.98999999999,52925.23999999999,905
2026-07-15T22:15:00+00:00,52925.23999999999,52929.23999999999,52912.73999999999,52915.23999999999,276
2026-07-15T22:30:00+00:00,52915.23999999999,52930.73999999999,52915.23999999999,52926.23999999999,426
2026-07-15T22:45:00+00:00,52926.23999999999,52945.73999999999,52907.73999999999,52919.23999999999,745.3334033172371
2026-07-15T23:00:00+00:00,52919.23999999999,52926.73999999999,52915.23999999999,52924.73999999999,405.5500875935659
2026-07-15T23:15:00+00:00,52924.73999999999,52939.73999999999,52922.23999999999,52935.73999999999,349
2026-07-15T23:30:00+00:00,52935.73999999999,52948.73999999999,52928.23999999999,52934.23999999999,417
2026-07-15T23:45:00+00:00,52934.23999999999,52936.23999999999,52915.23999999999,52918.23999999999,650
2026-07-16T00:00:00+00:00,52918.23999999999,52972.23999999999,52915.73999999999,52970.73999999999,2323
2026-07-16T00:15:00+00:00,52970.73999999999,52974.23999999999,52953.23999999999,52959.73999999999,1905
2026-07-16T00:30:00+00:00,52959.73999999999,52965.73999999999,52935.73999999999,52945.73999999999,1433
2026-07-16T00:45:00+00:00,52945.73999999999,52953.23999999999,52928.23999999999,52933.23999999999,1473
2026-07-16T01:00:00+00:00,52933.23999999999,52935.23999999999,52910.23999999999,52920.73999999999,1648
2026-07-16T01:15:00+00:00,52920.73999999999,52921.73999999999,52882.73999999999,52901.73999999999,1308
2026-07-16T01:30:00+00:00,52901.73999999999,52920.23999999999,52900.73999999999,52906.73999999999,1510
2026-07-16T01:45:00+00:00,52906.73999999999,52920.23999999999,52887.23999999999,52891.73999999999,1273
2026-07-16T02:00:00+00:00,52891.73999999999,52894.23999999999,52862.23999999999,52871.23999999999,1249
2026-07-16T02:15:00+00:00,52871.23999999999,52907.73999999999,52868.23999999999,52902.73999999999,1239
2026-07-16T02:30:00+00:00,52902.73999999999,52914.73999999999,52900.73999999999,52910.23999999999,906
2026-07-16T02:45:00+00:00,52910.23999999999,52933.73999999999,52909.23999999999,52932.23999999999,801
2026-07-16T03:00:00+00:00,52932.23999999999,52949.73999999999,52927.73999999999,52936.73999999999,739
2026-07-16T03:15:00+00:00,52936.73999999999,52946.73999999999,52930.73999999999,52945.73999999999,702
2026-07-16T03:30:00+00:00,52945.73999999999,52965.23999999999,52944.23999999999,52959.23999999999,1135
2026-07-16T03:45:00+00:00,52959.23999999999,52976.23999999999,52957.23999999999,52965.23999999999,528
2026-07-16T04:00:00+00:00,52965.23999999999,52979.73999999999,52962.73999999999,52974.73999999999,564
2026-07-16T04:15:00+00:00,52974.73999999999,52978.73999999999,52955.23999999999,52957.23999999999,492
2026-07-16T04:30:00+00:00,52957.23999999999,52960.73999999999,52946.73999999999,52952.73999999999,430
2026-07-16T04:45:00+00:00,52952.73999999999,52967.23999999999,52949.23999999999,52962.73999999999,524
2026-07-16T05:00:00+00:00,52962.73999999999,52994.23999999999,52962.73999999999,52989.73999999999,747
2026-07-16T05:15:00+00:00,52989.73999999999,53004.23999999999,52978.23999999999,52982.73999999999,956
2026-07-16T05:30:00+00:00,52982.73999999999,53001.23999999999,52948.73999999999,52966.23999999999,2035
2026-07-16T05:45:00+00:00,52966.23999999999,52969.23999999999,52934.73999999999,52939.73999999999,955
2026-07-16T06:00:00+00:00,52939.73999999999,52969.23999999999,52928.73999999999,52951.73999999999,2616
2026-07-16T06:15:00+00:00,52951.73999999999,52960.73999999999,52938.23999999999,52944.23999999999,1359
2026-07-16T06:30:00+00:00,52944.23999999999,52944.23999999999,52905.73999999999,52930.23999999999,1239
2026-07-16T06:45:00+00:00,52930.23999999999,52955.23999999999,52918.73999999999,52951.73999999999,991
2026-07-16T07:00:00+00:00,52951.73999999999,52956.23999999999,52897.23999999999,52899.73999999999,2706
2026-07-16T07:15:00+00:00,52899.73999999999,52923.73999999999,52889.73999999999,52912.23999999999,1978
2026-07-16T07:30:00+00:00,52912.23999999999,52918.73999999999,52893.23999999999,52906.73999999999,1849
2026-07-16T07:45:00+00:00,52906.73999999999,52913.73999999999,52841.73999999999,52854.73999999999,2059
2026-07-16T08:00:00+00:00,52854.73999999999,52912.23999999999,52848.23999999999,52859.73999999999,3478
2026-07-16T08:15:00+00:00,52859.73999999999,52901.73999999999,52857.73999999999,52888.73999999999,2926
2026-07-16T08:30:00+00:00,52888.73999999999,52910.73999999999,52887.73999999999,52904.73999999999,2054
2026-07-16T08:45:00+00:00,52904.73999999999,52938.73999999999,52897.73999999999,52911.23999999999,1617
2026-07-16T09:00:00+00:00,52911.23999999999,52922.23999999999,52885.73999999999,52895.23999999999,1968
2026-07-16T09:15:00+00:00,52895.23999999999,52908.73999999999,52863.23999999999,52868.73999999999,1317
2026-07-16T09:30:00+00:00,52868.73999999999,52882.73999999999,52852.23999999999,52861.73999999999,1554
2026-07-16T09:45:00+00:00,52861.73999999999,53065.23999999999,52842.73999999999,53032.73999999999,3686
2026-07-16T10:00:00+00:00,53032.73999999999,53058.23999999999,53011.73999999999,53012.23999999999,2818
2026-07-16T10:15:00+00:00,53012.23999999999,53018.23999999999,52975.23999999999,52983.73999999999,1907
2026-07-16T10:30:00+00:00,52983.73999999999,53043.73999999999,52980.73999999999,53035.23999999999,3026
2026-07-16T10:45:00+00:00,53035.23999999999,53037.23999999999,52989.73999999999,52998.23999999999,2068
2026-07-16T11:00:00+00:00,52998.23999999999,53028.23999999999,52981.23999999999,53009.73999999999,2779
2026-07-16T11:15:00+00:00,53009.73999999999,53036.73999999999,52993.23999999999,53031.73999999999,2412
2026-07-16T11:30:00+00:00,53031.73999999999,53032.73999999999,52996.73999999999,53020.23999999999,2231
2026-07-16T11:45:00+00:00,53020.23999999999,53021.23999999999,52869.73999999999,52990.23999999999,5831
2026-07-16T12:00:00+00:00,52990.23999999999,53011.73999999999,52937.73999999999,52951.23999999999,3520
2026-07-16T12:15:00+00:00,52951.23999999999,52985.73999999999,52916.23999999999,52943.23999999999,3874
2026-07-16T12:30:00+00:00,52943.23999999999,52954.23999999999,52889.23999999999,52909.23999999999,5102
2026-07-16T12:45:00+00:00,52909.23999999999,52942.23999999999,52899.23999999999,52914.73999999999,3321
2026-07-16T13:00:00+00:00,52914.73999999999,52985.73999999999,52910.73999999999,52985.23999999999,3656
2026-07-16T13:15:00+00:00,52985.23999999999,53029.73999999999,52961.73999999999,52995.73999999999,3332
2026-07-16T13:30:00+00:00,52995.73999999999,53094.09,52927.59,53000.09,29167
2026-07-16T13:45:00+00:00,53000.09,53028.09,52860.09,52876.09,21653
2026-07-16T14:00:00+00:00,52876.09,53000.09,52876.09,52908.09,17215
2026-07-16T14:15:00+00:00,52908.09,53002.09,52866.59,52993.09,13670
2026-07-16T14:30:00+00:00,52993.09,53028.09,52947.09,53025.09,9683
2026-07-16T14:45:00+00:00,53025.09,53074.59,53001.09,53061.59,10963
2026-07-16T15:00:00+00:00,53061.59,53085.09,53020.59,53066.09,9146
2026-07-16T15:15:00+00:00,53066.09,53116.09,53034.09,53050.09,9105
2026-07-16T15:30:00+00:00,53050.09,53095.09,53019.09,53036.09,7576
2026-07-16T15:45:00+00:00,53036.09,53053.09,52996.09,53019.09,7698
2026-07-16T16:00:00+00:00,53019.09,53025.09,52897.59,52902.59,8989
2026-07-16T16:15:00+00:00,52902.59,52951.09,52834.09,52870.09,10594
2026-07-16T16:30:00+00:00,52870.09,52898.59,52845.09,52885.09,8230
2026-07-16T16:45:00+00:00,52885.09,52970.09,52858.09,52967.09,6970
2026-07-16T17:00:00+00:00,52967.09,52985.59,52931.59,52948.09,6068
2026-07-16T17:15:00+00:00,52948.09,52963.09,52881.09,52894.09,6427
2026-07-16T17:30:00+00:00,52894.09,52916.09,52793.59,52828.09,7676
2026-07-16T17:45:00+00:00,52828.09,52851.09,52779.09,52788.09,5905
2026-07-16T18:00:00+00:00,52788.09,52793.59,52724.09,52760.09,8055
2026-07-16T18:15:00+00:00,52760.09,52794.09,52737.09,52754.09,6730
2026-07-16T18:30:00+00:00,52754.09,52754.09,52696.09,52719.59,6626
2026-07-16T18:45:00+00:00,52719.59,52757.09,52709.09,52723.09,5340
2026-07-16T19:00:00+00:00,52723.09,52751.09,52671.09,52694.09,6644
2026-07-16T19:15:00+00:00,52694.09,52737.09,52687.09,52702.09,6727
2026-07-16T19:30:00+00:00,52702.09,52703.09,52621.09,52639.59,8218
2026-07-16T19:45:00+00:00,52639.59,52804.09,52620.09,52795.09,12338
2026-07-16T20:00:00+00:00,52795.09,52795.09,52744.73999999999,52748.23999999999,3935
2026-07-16T20:15:00+00:00,52748.23999999999,52773.23999999999,52736.73999999999,52739.73999999999,1309
2026-07-16T20:30:00+00:00,52739.73999999999,52753.73999999999,52735.23999999999,52743.23999999999,1414
2026-07-16T20:45:00+00:00,52743.23999999999,52760.23999999999,52740.23999999999,52753.98999999999,1092
2026-07-16T22:00:00+00:00,52753.98999999999,52796.73999999999,52753.98999999999,52768.73999999999,1317
2026-07-16T22:15:00+00:00,52768.73999999999,52781.23999999999,52754.73999999999,52776.23999999999,959
2026-07-16T22:30:00+00:00,52776.23999999999,52778.23999999999,52757.23999999999,52766.73999999999,702
2026-07-16T22:45:00+00:00,52766.73999999999,52766.73999999999,52737.73999999999,52746.73999999999,783
2026-07-16T23:00:00+00:00,52746.73999999999,52749.23999999999,52720.73999999999,52732.23999999999,585
2026-07-16T23:15:00+00:00,52732.23999999999,52733.23999999999,52712.73999999999,52722.23999999999,633
2026-07-16T23:30:00+00:00,52722.23999999999,52724.73999999999,52706.73999999999,52716.23999999999,944
2026-07-16T23:45:00+00:00,52716.23999999999,52724.73999999999,52701.73999999999,52712.73999999999,1052
2026-07-17T00:00:00+00:00,52712.73999999999,52723.73999999999,52661.73999999999,52667.73999999999,2980
2026-07-17T00:15:00+00:00,52667.73999999999,52687.73999999999,52642.73999999999,52648.23999999999,2993
2026-07-17T00:30:00+00:00,52648.23999999999,52650.23999999999,52614.73999999999,52616.23999999999,2208
2026-07-17T00:45:00+00:00,52616.23999999999,52656.73999999999,52616.23999999999,52632.23999999999,2327
2026-07-17T01:00:00+00:00,52632.23999999999,52639.73999999999,52576.23999999999,52577.23999999999,2483
2026-07-17T01:15:00+00:00,52577.23999999999,52593.73999999999,52570.73999999999,52592.73999999999,2031
2026-07-17T01:30:00+00:00,52592.73999999999,52595.73999999999,52552.23999999999,52552.23999999999,2679
2026-07-17T01:45:00+00:00,52552.23999999999,52554.23999999999,52520.23999999999,52531.73999999999,2586
2026-07-17T02:00:00+00:00,52531.73999999999,52545.73999999999,52514.73999999999,52525.73999999999,1735
2026-07-17T02:15:00+00:00,52525.73999999999,52527.73999999999,52510.73999999999,52514.73999999999,1301
2026-07-17T02:30:00+00:00,52514.73999999999,52526.73999999999,52502.73999999999,52517.23999999999,1285
2026-07-17T02:45:00+00:00,52517.23999999999,52521.23999999999,52485.23999999999,52509.73999999999,1496
2026-07-17T03:00:00+00:00,52509.73999999999,52539.73999999999,52505.73999999999,52531.23999999999,1201
2026-07-17T03:15:00+00:00,52531.23999999999,52552.73999999999,52530.73999999999,52546.73999999999,1168
2026-07-17T03:30:00+00:00,52546.73999999999,52546.73999999999,52488.73999999999,52497.73999999999,1874
2026-07-17T03:45:00+00:00,52497.73999999999,52500.73999999999,52464.73999999999,52465.73999999999,1383
2026-07-17T04:00:00+00:00,52465.73999999999,52470.73999999999,52440.73999999999,52444.73999999999,1972
2026-07-17T04:15:00+00:00,52444.73999999999,52446.73999999999,52397.73999999999,52412.73999999999,1709
2026-07-17T04:30:00+00:00,52412.73999999999,52420.73999999999,52378.73999999999,52407.23999999999,2377
2026-07-17T04:45:00+00:00,52407.23999999999,52437.23999999999,52402.73999999999,52405.73999999999,2415
2026-07-17T05:00:00+00:00,52405.73999999999,52413.73999999999,52395.23999999999,52396.73999999999,1939
2026-07-17T05:15:00+00:00,52396.73999999999,52408.73999999999,52386.73999999999,52394.23999999999,1465
2026-07-17T05:30:00+00:00,52394.23999999999,52406.23999999999,52341.23999999999,52374.73999999999,3073
2026-07-17T05:45:00+00:00,52374.73999999999,52410.23999999999,52362.73999999999,52407.73999999999,2194
2026-07-17T06:00:00+00:00,52407.73999999999,52450.23999999999,52407.73999999999,52443.23999999999,2850
2026-07-17T06:15:00+00:00,52443.23999999999,52493.23999999999,52439.23999999999,52486.23999999999,2441
2026-07-17T06:30:00+00:00,52486.23999999999,52507.73999999999,52448.73999999999,52458.73999999999,2272
2026-07-17T06:45:00+00:00,52458.73999999999,52478.73999999999,52437.23999999999,52463.73999999999,2422
2026-07-17T07:00:00+00:00,52463.73999999999,52504.23999999999,52448.23999999999,52491.73999999999,4349
2026-07-17T07:15:00+00:00,52491.73999999999,52520.73999999999,52476.23999999999,52519.23999999999,3463
2026-07-17T07:30:00+00:00,52519.23999999999,52547.23999999999,52500.23999999999,52540.23999999999,3152
2026-07-17T07:45:00+00:00,52540.23999999999,52553.73999999999,52515.23999999999,52534.23999999999,2881
2026-07-17T08:00:00+00:00,52534.23999999999,52582.23999999999,52515.23999999999,52527.23999999999,5012
2026-07-17T08:15:00+00:00,52527.23999999999,52527.73999999999,52469.73999999999,52493.23999999999,6506
2026-07-17T08:30:00+00:00,52493.23999999999,52517.23999999999,52414.73999999999,52438.73999999999,4734
2026-07-17T08:45:00+00:00,52438.73999999999,52470.23999999999,52421.23999999999,52438.23999999999,4100
2026-07-17T09:00:00+00:00,52438.23999999999,52454.23999999999,52387.73999999999,52450.73999999999,4001
2026-07-17T09:15:00+00:00,52450.73999999999,52470.23999999999,52433.73999999999,52469.23999999999,3029
2026-07-17T09:30:00+00:00,52469.23999999999,52469.23999999999,52397.73999999999,52408.73999999999,2596
2026-07-17T09:45:00+00:00,52408.73999999999,52452.23999999999,52408.73999999999,52448.23999999999,3147
2026-07-17T10:00:00+00:00,52448.23999999999,52481.23999999999,52428.23999999999,52478.23999999999,3563
2026-07-17T10:15:00+00:00,52478.23999999999,52488.73999999999,52454.73999999999,52470.73999999999,2872
2026-07-17T10:30:00+00:00,52470.73999999999,52490.73999999999,52466.23999999999,52473.23999999999,1956
2026-07-17T10:45:00+00:00,52473.23999999999,52592.73999999999,52464.73999999999,52534.23999999999,3087
2026-07-17T11:00:00+00:00,52534.23999999999,52558.23999999999,52462.23999999999,52467.23999999999,3922
2026-07-17T11:15:00+00:00,52467.23999999999,52511.23999999999,52460.23999999999,52507.23999999999,2808
2026-07-17T11:30:00+00:00,52507.23999999999,52556.73999999999,52499.23999999999,52532.23999999999,3733
2026-07-17T11:45:00+00:00,52532.23999999999,52554.73999999999,52502.73999999999,52524.23999999999,3085
2026-07-17T12:00:00+00:00,52524.23999999999,52533.73999999999,52483.23999999999,52494.23999999999,3564
2026-07-17T12:15:00+00:00,52494.23999999999,52502.73999999999,52466.73999999999,52477.98999999999,3281
2026-07-17T12:30:00+00:00,52477.98999999999,52489.73999999999,52443.73999999999,52460.73999999999,3702
2026-07-17T12:45:00+00:00,52460.73999999999,52464.73999999999,52374.23999999999,52387.73999999999,3715
2026-07-17T13:00:00+00:00,52387.73999999999,52389.73999999999,52282.73999999999,52292.73999999999,6705
2026-07-17T13:15:00+00:00,52292.73999999999,52331.23999999999,52249.73999999999,52261.73999999999,7812
2026-07-17T13:30:00+00:00,52261.73999999999,52630.59,52195.59,52581.09,38006
2026-07-17T13:45:00+00:00,52581.09,52750.09,52571.59,52723.98999999999,27471
2026-07-17T14:00:00+00:00,52723.98999999999,52820.59,52707.09,52804.09,23554
2026-07-17T14:15:00+00:00,52804.09,52851.09,52760.09,52761.09,17325
2026-07-17T14:30:00+00:00,52761.09,52797.09,52705.09,52712.09,15644
2026-07-17T14:45:00+00:00,52712.09,52791.09,52697.09,52748.09,13805
2026-07-17T15:00:00+00:00,52748.09,52753.09,52661.59,52673.59,14256
2026-07-17T15:15:00+00:00,52673.59,52777.09,52632.59,52764.09,14591
2026-07-17T15:30:00+00:00,52764.09,52789.09,52684.59,52728.09,13377
2026-07-17T15:45:00+00:00,52728.09,52770.09,52679.59,52766.09,11423
2026-07-17T16:00:00+00:00,52766.09,52773.59,52635.09,52705.09,14697
2026-07-17T16:15:00+00:00,52705.09,52717.09,52616.59,52647.09,10544
2026-07-17T16:30:00+00:00,52647.09,52658.09,52587.09,52632.09,8920
2026-07-17T16:45:00+00:00,52632.09,52665.09,52586.09,52602.59,9205
2026-07-17T17:00:00+00:00,52602.59,52639.09,52576.09,52591.59,7910
2026-07-17T17:15:00+00:00,52591.59,52610.09,52540.09,52600.09,7977
2026-07-17T17:30:00+00:00,52600.09,52622.09,52545.09,52550.09,8001
2026-07-17T17:45:00+00:00,52550.09,52570.09,52485.09,52496.09,8200
2026-07-17T18:00:00+00:00,52496.09,52523.09,52465.09,52486.09,8820
2026-07-17T18:15:00+00:00,52486.09,52493.59,52423.09,52435.09,10029
2026-07-17T18:30:00+00:00,52435.09,52471.09,52408.09,52414.09,8756
2026-07-17T18:45:00+00:00,52414.09,52484.09,52407.09,52459.59,9008
2026-07-17T19:00:00+00:00,52459.59,52463.09,52385.09,52389.09,8287
2026-07-17T19:15:00+00:00,52389.09,52414.09,52352.09,52389.09,10042
2026-07-17T19:30:00+00:00,52389.09,52438.09,52362.09,52436.09,11250
2026-07-17T19:45:00+00:00,52436.09,52469.09,52376.59,52392.59,14737
2026-07-17T20:00:00+00:00,52392.59,52393.73999999999,52337.73999999999,52351.23999999999,6874
2026-07-17T20:15:00+00:00,52351.23999999999,52361.73999999999,52118.09,52143.59,2045
2026-07-17T20:30:00+00:00,52143.59,52172.34,52142.09,52172.34,1966
2026-07-19T22:00:00+00:00,52172.34,52172.34,52048.54,52089.79,3944
2026-07-19T22:15:00+00:00,52089.79,52142.29,52089.79,52092.29,2422
2026-07-19T22:30:00+00:00,52092.29,52178.29,52083.79,52167.29,2119
2026-07-19T22:45:00+00:00,52167.29,52175.29,52138.79,52152.29,1689
2026-07-19T23:00:00+00:00,52152.29,52154.29,52124.79,52140.79,1652
2026-07-19T23:15:00+00:00,52140.79,52153.79,52121.29,52128.79,1317
2026-07-19T23:30:00+00:00,52128.79,52163.79,52120.79,52161.79,1774
2026-07-19T23:45:00+00:00,52161.79,52168.79,52125.79,52164.79,2634
2026-07-20T00:00:00+00:00,52164.79,52215.29,52144.79,52196.79,4432
2026-07-20T00:15:00+00:00,52196.79,52210.79,52172.29,52181.79,3487
2026-07-20T00:30:00+00:00,52181.79,52184.79,52154.29,52155.79,2708
2026-07-20T00:45:00+00:00,52155.79,52185.79,52149.29,52181.29,2026
2026-07-20T01:00:00+00:00,52181.29,52210.29,52180.79,52183.79,3181
2026-07-20T01:15:00+00:00,52183.79,52203.79,52164.29,52168.29,2903
2026-07-20T01:30:00+00:00,52168.29,52174.79,52122.29,52133.29,2801
2026-07-20T01:45:00+00:00,52133.29,52142.79,52093.79,52111.79,2552
2026-07-20T02:00:00+00:00,52111.79,52162.79,52108.29,52127.79,2964
2026-07-20T02:15:00+00:00,52127.79,52129.79,52100.29,52120.79,2058
2026-07-20T02:30:00+00:00,52120.79,52169.79,52118.79,52157.79,2605
2026-07-20T02:45:00+00:00,52157.79,52165.79,52145.79,52153.29,1775
2026-07-20T03:00:00+00:00,52153.29,52159.29,52123.29,52130.29,1568
2026-07-20T03:15:00+00:00,52130.29,52159.29,52127.29,52149.79,1730
2026-07-20T03:30:00+00:00,52149.79,52172.29,52146.29,52171.79,1645
2026-07-20T03:45:00+00:00,52171.79,52177.29,52146.29,52155.29,1457
2026-07-20T04:00:00+00:00,52155.29,52164.29,52131.79,52134.79,1416
2026-07-20T04:15:00+00:00,52134.79,52174.79,52123.79,52170.79,1636
2026-07-20T04:30:00+00:00,52170.79,52201.79,52165.79,52195.29,1552
2026-07-20T04:45:00+00:00,52195.29,52214.29,52188.29,52191.29,1250
2026-07-20T05:00:00+00:00,52191.29,52197.79,52142.29,52159.79,1722
2026-07-20T05:15:00+00:00,52159.79,52161.79,52138.29,52146.29,1706
2026-07-20T05:30:00+00:00,52146.29,52153.29,52138.79,52140.29,1748
2026-07-20T05:45:00+00:00,52140.29,52147.29,52119.79,52125.29,1444
2026-07-20T06:00:00+00:00,52125.29,52141.29,52113.29,52120.79,2246
2026-07-20T06:15:00+00:00,52120.79,52133.29,52109.29,52111.29,1751
2026-07-20T06:30:00+00:00,52111.29,52124.79,52080.29,52105.79,1578
2026-07-20T06:45:00+00:00,52105.79,52115.79,52092.79,52107.29,1692
2026-07-20T07:00:00+00:00,52107.29,52151.79,52107.29,52125.79,3129
2026-07-20T07:15:00+00:00,52125.79,52202.29,52110.79,52193.79,3648
2026-07-20T07:30:00+00:00,52193.79,52273.79,52191.79,52271.79,4564
2026-07-20T07:45:00+00:00,52271.79,52281.29,52214.79,52240.79,2582
2026-07-20T08:00:00+00:00,52240.79,52286.79,52240.29,52271.79,3126
2026-07-20T08:15:00+00:00,52271.79,52286.79,52259.79,52270.29,2310
2026-07-20T08:30:00+00:00,52270.29,52294.79,52248.79,52266.79,2085
2026-07-20T08:45:00+00:00,52266.79,52278.79,52254.29,52270.79,1786
2026-07-20T09:00:00+00:00,52270.79,52290.29,52265.79,52282.79,1729
2026-07-20T09:15:00+00:00,52282.79,52315.79,52277.79,52308.79,1498
2026-07-20T09:30:00+00:00,52308.79,52327.79,52303.29,52323.79,1585
2026-07-20T09:45:00+00:00,52323.79,52350.79,52314.79,52328.29,1792
2026-07-20T10:00:00+00:00,52328.29,52334.79,52288.79,52291.29,1406
2026-07-20T10:15:00+00:00,52291.29,52303.79,52270.29,52290.29,1554
2026-07-20T10:30:00+00:00,52290.29,52302.79,52254.79,52262.29,1777
2026-07-20T10:45:00+00:00,52262.29,52320.79,52258.29,52292.79,1712
2026-07-20T11:00:00+00:00,52292.79,52333.79,52287.79,52314.29,2247
2026-07-20T11:15:00+00:00,52314.29,52319.79,52283.29,52285.29,1553
2026-07-20T11:30:00+00:00,52285.29,52431.79,52283.79,52404.29,9629
2026-07-20T11:45:00+00:00,52404.29,52417.29,52357.29,52389.79,3119
2026-07-20T12:00:00+00:00,52389.79,52391.29,52269.29,52286.79,7551
2026-07-20T12:15:00+00:00,52286.79,52306.79,52253.29,52306.79,2873
2026-07-20T12:30:00+00:00,52306.79,52314.79,52250.79,52259.29,2932
2026-07-20T12:45:00+00:00,52259.29,52308.79,52240.29,52255.79,3497
2026-07-20T13:00:00+00:00,52255.79,52280.29,52244.29,52254.79,3578
2026-07-20T13:15:00+00:00,52254.79,52345.79,52242.29,52304.79,3348
2026-07-20T13:30:00+00:00,52304.79,52443.64,52277.64,52287.14,24826
2026-07-20T13:45:00+00:00,52287.14,52296.64,52132.14,52132.14,17944
2026-07-20T14:00:00+00:00,52132.14,52187.14,52053.14,52063.64,14605
2026-07-20T14:15:00+00:00,52063.64,52098.14,52019.64,52055.64,11454
2026-07-20T14:30:00+00:00,52055.64,52062.64,51987.64,52009.14,10930
2026-07-20T14:45:00+00:00,52009.14,52075.14,51981.14,52010.64,11923
2026-07-20T15:00:00+00:00,52010.64,52053.14,51949.14,52020.14,12303
2026-07-20T15:15:00+00:00,52020.14,52100.64,52012.14,52088.64,8203
2026-07-20T15:30:00+00:00,52088.64,52094.64,52039.14,52072.14,7118
2026-07-20T15:45:00+00:00,52072.14,52098.64,52038.64,52042.64,7242
2026-07-20T16:00:00+00:00,52042.64,52115.64,52035.14,52106.64,6663
2026-07-20T16:15:00+00:00,52106.64,52113.64,52067.64,52082.14,5053
2026-07-20T16:30:00+00:00,52082.14,52096.14,51971.64,52048.14,8560
2026-07-20T16:45:00+00:00,52048.14,52097.64,52000.14,52009.14,6962
2026-07-20T17:00:00+00:00,52009.14,52029.14,51958.64,51963.64,6074
2026-07-20T17:15:00+00:00,51963.64,51980.64,51930.64,51952.14,5885
2026-07-20T17:30:00+00:00,51952.14,51986.64,51929.64,51939.64,5361
2026-07-20T17:45:00+00:00,51939.64,52002.64,51936.64,51992.14,5131
2026-07-20T18:00:00+00:00,51992.14,52039.14,51992.14,52029.64,5275
2026-07-20T18:15:00+00:00,52029.64,52051.64,51975.64,51995.14,5729
2026-07-20T18:30:00+00:00,51995.14,51995.14,51851.14,51851.14,8281
2026-07-20T18:45:00+00:00,51851.14,51892.64,51837.64,51874.64,7425
2026-07-20T19:00:00+00:00,51874.64,51912.64,51824.64,51824.64,7250
2026-07-20T19:15:00+00:00,51824.64,51901.14,51810.64,51893.64,8042
2026-07-20T19:30:00+00:00,51893.64,51923.64,51872.14,51915.14,7950
2026-07-20T19:45:00+00:00,51915.14,51933.64,51858.14,51890.64,9330
2026-07-20T20:00:00+00:00,51890.64,51918.29,51867.79,51869.79,3586
2026-07-20T20:15:00+00:00,51869.79,51880.79,51856.79,51867.79,1350
2026-07-20T20:30:00+00:00,51867.79,51891.79,51866.29,51886.79,933
2026-07-20T20:45:00+00:00,51886.79,51925.04,51884.79,51925.04,1301
2026-07-20T22:00:00+00:00,51925.04,51925.04,51872.79,51899.29,1209
2026-07-20T22:15:00+00:00,51899.29,51904.29,51893.29,51898.79,714
2026-07-20T22:30:00+00:00,51898.79,51899.79,51866.29,51883.29,893
2026-07-20T22:45:00+00:00,51883.29,51886.79,51868.29,51870.79,488
2026-07-20T23:00:00+00:00,51870.79,51905.29,51868.79,51902.79,593
2026-07-20T23:15:00+00:00,51902.79,51930.29,51902.29,51928.29,850
2026-07-20T23:30:00+00:00,51928.29,51936.79,51920.79,51923.79,575
2026-07-20T23:45:00+00:00,51923.79,51934.79,51884.79,51912.29,1875
2026-07-21T00:00:00+00:00,51912.29,51912.29,51856.29,51870.79,4320
2026-07-21T00:15:00+00:00,51870.79,51901.79,51852.29,51889.79,4655
2026-07-21T00:30:00+00:00,51889.79,51924.29,51888.79,51917.79,2239
2026-07-21T00:45:00+00:00,51917.79,51932.79,51909.29,51921.79,1621
2026-07-21T01:00:00+00:00,51921.79,51953.29,51902.29,51949.79,1968
2026-07-21T01:15:00+00:00,51949.79,51957.29,51925.29,51934.79,2046
2026-07-21T01:30:00+00:00,51934.79,51943.79,51899.29,51901.29,1561
2026-07-21T01:45:00+00:00,51901.29,51920.79,51894.29,51905.79,1505
2026-07-21T02:00:00+00:00,51905.79,51939.79,51905.79,51909.29,1481
2026-07-21T02:15:00+00:00,51909.29,51933.79,51890.79,51921.79,1386
2026-07-21T02:30:00+00:00,51921.79,51952.29,51921.79,51940.29,1076
2026-07-21T02:45:00+00:00,51940.29,51950.79,51932.29,51950.79,716
2026-07-21T03:00:00+00:00,51950.79,51967.79,51950.79,51962.79,610
2026-07-21T03:15:00+00:00,51962.79,51991.29,51960.29,51988.79,526
2026-07-21T03:30:00+00:00,51988.79,51991.29,51978.29,51987.29,738
2026-07-21T03:45:00+00:00,51987.29,52017.79,51984.29,52017.79,732
2026-07-21T04:00:00+00:00,52017.79,52048.29,52017.79,52034.29,993
2026-07-21T04:15:00+00:00,52034.29,52039.79,52027.79,52035.79,596
2026-07-21T04:30:00+00:00,52035.79,52058.29,52034.79,52044.79,704
2026-07-21T04:45:00+00:00,52044.79,52053.79,52039.79,52051.79,831
2026-07-21T05:00:00+00:00,52051.79,52052.29,52028.79,52029.29,594
2026-07-21T05:15:00+00:00,52029.29,52048.29,52020.79,52047.29,677
2026-07-21T05:30:00+00:00,52047.29,52079.29,52043.79,52077.29,942
2026-07-21T05:45:00+00:00,52077.29,52083.29,52060.29,52065.79,887
2026-07-21T06:00:00+00:00,52065.79,52074.79,52029.79,52037.29,1377
2026-07-21T06:15:00+00:00,52037.29,52070.79,52027.29,52047.29,1355
2026-07-21T06:30:00+00:00,52047.29,52090.29,52047.29,52067.79,1484
2026-07-21T06:45:00+00:00,52067.79,52071.79,52054.29,52064.79,979
2026-07-21T07:00:00+00:00,52064.79,52125.29,52048.79,52069.29,2636
2026-07-21T07:15:00+00:00,52069.29,52069.79,52014.79,52029.79,2015
2026-07-21T07:30:00+00:00,52029.79,52064.29,52003.79,52044.29,2129
2026-07-21T07:45:00+00:00,52044.29,52056.29,52029.79,52047.79,1932
2026-07-21T08:00:00+00:00,52047.79,52064.29,52015.29,52064.29,2950
2026-07-21T08:15:00+00:00,52064.29,52082.79,52046.29,52052.79,2163
2026-07-21T08:30:00+00:00,52052.79,52101.79,52047.29,52097.29,1939
2026-07-21T08:45:00+00:00,52097.29,52097.79,52053.29,52074.79,1621
2026-07-21T09:00:00+00:00,52074.79,52103.29,52069.29,52089.29,1541
2026-07-21T09:15:00+00:00,52089.29,52101.79,52049.29,52051.79,1663
2026-07-21T09:30:00+00:00,52051.79,52078.29,52038.29,52053.79,1467
2026-07-21T09:45:00+00:00,52053.79,52075.79,52031.79,52039.79,1477
2026-07-21T10:00:00+00:00,52039.79,52089.29,52031.79,52058.79,3863
2026-07-21T10:15:00+00:00,52058.79,52068.79,52047.79,52060.79,1587
2026-07-21T10:30:00+00:00,52060.79,52139.79,52058.79,52122.79,2838
2026-07-21T10:45:00+00:00,52122.79,52128.29,52095.79,52117.79,2318
2026-07-21T11:00:00+00:00,52117.79,52119.79,52059.29,52062.79,2274
2026-07-21T11:15:00+00:00,52062.79,52071.79,52023.29,52028.79,2234
2026-07-21T11:30:00+00:00,52028.79,52070.79,52028.79,52035.79,1942
2026-07-21T11:45:00+00:00,52035.79,52043.79,52002.29,52014.79,1403
2026-07-21T12:00:00+00:00,52014.79,52040.29,51997.29,52026.79,2237
2026-07-21T12:15:00+00:00,52026.79,52026.79,51971.79,51982.79,3475
2026-07-21T12:30:00+00:00,51982.79,51997.29,51932.79,51972.29,3042
2026-07-21T12:45:00+00:00,51972.29,52030.79,51970.29,52019.29,3203
2026-07-21T13:00:00+00:00,52019.29,52041.79,51995.79,52038.79,3180
2026-07-21T13:15:00+00:00,52038.79,52086.79,52030.79,52069.79,3713
2026-07-21T13:30:00+00:00,52069.79,52114.64,51906.14,51925.14,28022
2026-07-21T13:45:00+00:00,51925.14,52054.14,51924.64,52034.14,19804
2026-07-21T14:00:00+00:00,52034.14,52205.64,52030.64,52197.14,14032
2026-07-21T14:15:00+00:00,52197.14,52214.14,52148.14,52212.14,11676
2026-07-21T14:30:00+00:00,52212.14,52227.64,52099.14,52133.14,9519
2026-07-21T14:45:00+00:00,52133.14,52188.14,52106.64,52137.64,8462
2026-07-21T15:00:00+00:00,52137.64,52181.14,52108.64,52171.64,7234
2026-07-21T15:15:00+00:00,52171.64,52256.64,52167.14,52234.14,6089
2026-07-21T15:30:00+00:00,52234.14,52253.14,52199.64,52240.14,5062
2026-07-21T15:45:00+00:00,52240.14,52272.64,52228.14,52247.64,3652
2026-07-21T16:00:00+00:00,52247.64,52291.64,52246.64,52289.64,3264
2026-07-21T16:15:00+00:00,52289.64,52370.64,52289.64,52363.64,3439
2026-07-21T16:30:00+00:00,52363.64,52385.64,52355.14,52376.64,3055
2026-07-21T16:45:00+00:00,52376.64,52407.64,52357.64,52384.64,2985
2026-07-21T17:00:00+00:00,52384.64,52393.64,52345.64,52350.64,2692
2026-07-21T17:15:00+00:00,52350.64,52354.64,52308.64,52313.64,2838
2026-07-21T17:30:00+00:00,52313.64,52322.64,52286.64,52312.64,3110
2026-07-21T17:45:00+00:00,52312.64,52322.64,52275.64,52284.64,2565
2026-07-21T18:00:00+00:00,52284.64,52290.64,52236.64,52239.14,3285
2026-07-21T18:15:00+00:00,52239.14,52267.64,52228.64,52262.64,3027
2026-07-21T18:30:00+00:00,52262.64,52262.64,52232.64,52250.64,2562
2026-07-21T18:45:00+00:00,52250.64,52257.64,52230.64,52246.64,2193
2026-07-21T19:00:00+00:00,52246.64,52262.64,52229.64,52255.14,2920
2026-07-21T19:15:00+00:00,52255.14,52273.14,52245.64,52270.14,2612
2026-07-21T19:30:00+00:00,52270.14,52272.64,52230.64,52253.64,3802
2026-07-21T19:45:00+00:00,52253.64,52266.64,52232.14,52259.64,6217
2026-07-21T20:00:00+00:00,52259.64,52266.29,52240.79,52251.29,1645
2026-07-21T20:15:00+00:00,52251.29,52251.29,52233.29,52236.79,503
2026-07-21T20:30:00+00:00,52236.79,52248.79,52236.79,52239.79,392
2026-07-21T20:45:00+00:00,52239.79,52243.79,52226.29,52231.04,432
2026-07-21T22:00:00+00:00,52231.04,52258.79,52231.04,52254.29,1707
2026-07-21T22:15:00+00:00,52254.29,52265.29,52247.79,52254.79,601
2026-07-21T22:30:00+00:00,52254.79,52258.79,52247.79,52250.79,345
2026-07-21T22:45:00+00:00,52250.79,52252.29,52239.79,52252.29,354
2026-07-21T23:00:00+00:00,52252.29,52255.29,52246.29,52254.29,391
2026-07-21T23:15:00+00:00,52254.29,52260.29,52242.29,52252.29,423
2026-07-21T23:30:00+00:00,52252.29,52259.79,52238.79,52242.79,367
2026-07-21T23:45:00+00:00,52242.79,52253.29,52238.79,52251.29,1171
2026-07-22T00:00:00+00:00,52251.29,52262.79,52234.29,52247.29,2795
2026-07-22T00:15:00+00:00,52247.29,52251.29,52233.29,52242.29,2597
2026-07-22T00:30:00+00:00,52242.29,52249.29,52231.29,52244.29,2237
2026-07-22T00:45:00+00:00,52244.29,52250.29,52231.29,52248.29,1802
2026-07-22T01:00:00+00:00,52248.29,52258.29,52218.29,52219.29,1559
2026-07-22T01:15:00+00:00,52219.29,52223.29,52201.29,52217.29,1214
2026-07-22T01:30:00+00:00,52217.29,52224.79,52204.79,52220.29,1211
2026-07-22T01:45:00+00:00,52220.29,52252.29,52216.29,52247.79,1174
2026-07-22T02:00:00+00:00,52247.79,52251.79,52219.29,52232.79,1647
2026-07-22T02:15:00+00:00,52232.79,52243.29,52225.29,52237.29,994
2026-07-22T02:30:00+00:00,52237.29,52256.29,52227.79,52256.29,1514
2026-07-22T02:45:00+00:00,52256.29,52262.29,52250.79,52258.29,1030
2026-07-22T03:00:00+00:00,52258.29,52269.29,52242.29,52244.29,1034
2026-07-22T03:15:00+00:00,52244.29,52267.29,52238.29,52261.29,897
2026-07-22T03:30:00+00:00,52261.29,52263.29,52235.29,52238.79,1272
2026-07-22T03:45:00+00:00,52238.79,52245.29,52208.29,52215.29,1254
2026-07-22T04:00:00+00:00,52215.29,52228.79,52209.79,52222.79,918
2026-07-22T04:15:00+00:00,52222.79,52231.79,52222.79,52227.29,509
2026-07-22T04:30:00+00:00,52227.29,52228.29,52215.29,52226.29,627
2026-07-22T04:45:00+00:00,52226.29,52227.29,52211.29,52224.29,905
2026-07-22T05:00:00+00:00,52224.29,52225.79,52210.79,52225.29,1081
2026-07-22T05:15:00+00:00,52225.29,52240.79,52223.29,52235.29,1265
2026-07-22T05:30:00+00:00,52235.29,52242.29,52226.79,52230.29,1677
2026-07-22T05:45:00+00:00,52230.29,52242.29,52223.29,52240.29,1294
2026-07-22T06:00:00+00:00,52240.29,52255.29,52230.79,52249.29,1592
2026-07-22T06:15:00+00:00,52249.29,52249.29,52173.29,52178.29,2496
2026-07-22T06:30:00+00:00,52178.29,52206.29,52165.29,52173.29,2184
2026-07-22T06:45:00+00:00,52173.29,52177.29,52134.79,52146.29,2334
2026-07-22T07:00:00+00:00,52146.29,52154.29,52097.29,52146.79,4067
2026-07-22T07:15:00+00:00,52146.79,52198.29,52145.29,52181.29,3332
2026-07-22T07:30:00+00:00,52181.29,52193.29,52092.29,52115.29,4693
2026-07-22T07:45:00+00:00,52115.29,52134.29,52097.29,52134.29,3674
2026-07-22T08:00:00+00:00,52134.29,52219.29,52134.29,52170.29,5225
2026-07-22T08:15:00+00:00,52170.29,52238.29,52167.29,52237.79,4475
2026-07-22T08:30:00+00:00,52237.79,52260.79,52229.29,52239.29,3384
2026-07-22T08:45:00+00:00,52239.29,52260.29,52216.29,52232.79,3003
2026-07-22T09:00:00+00:00,52232.79,52270.29,52229.29,52240.29,3270
2026-07-22T09:15:00+00:00,52240.29,52268.29,52234.79,52238.29,2389
2026-07-22T09:30:00+00:00,52238.29,52238.29,52204.29,52225.29,2950
2026-07-22T09:45:00+00:00,52225.29,52229.79,52189.29,52229.29,2729
2026-07-22T10:00:00+00:00,52229.29,52250.79,52214.29,52218.29,2352
2026-07-22T10:15:00+00:00,52218.29,52303.29,52218.29,52296.29,4346
2026-07-22T10:30:00+00:00,52296.29,52298.29,52220.29,52221.29,3850
2026-07-22T10:45:00+00:00,52221.29,52259.29,52218.29,52242.29,2522
2026-07-22T11:00:00+00:00,52242.29,52246.29,52187.29,52202.79,3669
2026-07-22T11:15:00+00:00,52202.79,52206.79,52182.29,52186.79,1974
2026-07-22T11:30:00+00:00,52186.79,52212.79,52107.29,52146.29,3411
2026-07-22T11:45:00+00:00,52146.29,52191.79,52127.29,52129.29,3093
2026-07-22T12:00:00+00:00,52129.29,52180.29,52126.79,52173.29,2863
2026-07-22T12:15:00+00:00,52173.29,52179.29,52139.29,52173.79,2271
2026-07-22T12:30:00+00:00,52173.79,52224.29,52161.79,52207.29,2666
2026-07-22T12:45:00+00:00,52207.29,52208.79,52095.29,52165.79,3236
2026-07-22T13:00:00+00:00,52165.79,52195.79,52162.29,52179.79,3169
2026-07-22T13:15:00+00:00,52179.79,52284.29,52176.79,52261.79,3049
2026-07-22T13:30:00+00:00,52261.79,52387.64,52201.14,52355.14,24196
2026-07-22T13:45:00+00:00,52355.14,52517.64,52343.64,52471.64,14735
2026-07-22T14:00:00+00:00,52471.64,52546.64,52436.64,52439.14,10912
2026-07-22T14:15:00+00:00,52439.14,52449.64,52337.14,52342.64,14641
2026-07-22T14:30:00+00:00,52342.64,52377.64,52301.64,52304.64,12208
2026-07-22T14:45:00+00:00,52304.64,52343.64,52297.64,52317.14,8201
2026-07-22T15:00:00+00:00,52317.14,52362.64,52300.64,52335.64,6423
2026-07-22T15:15:00+00:00,52335.64,52426.64,52305.64,52399.14,7185
2026-07-22T15:30:00+00:00,52399.14,52423.64,52371.64,52391.14,5327
2026-07-22T15:45:00+00:00,52391.14,52445.64,52391.14,52445.64,3754
2026-07-22T16:00:00+00:00,52445.64,52470.64,52422.64,52436.64,3223
2026-07-22T16:15:00+00:00,52436.64,52461.64,52421.64,52460.64,3708
2026-07-22T16:30:00+00:00,52460.64,52476.64,52445.64,52469.64,3536
2026-07-22T16:45:00+00:00,52469.64,52478.64,52420.64,52435.64,3295
2026-07-22T17:00:00+00:00,52435.64,52438.64,52375.64,52377.14,3832
2026-07-22T17:15:00+00:00,52377.14,52389.64,52323.14,52324.64,4452
2026-07-22T17:30:00+00:00,52324.64,52362.14,52321.14,52348.64,3835
2026-07-22T17:45:00+00:00,52348.64,52362.14,52330.64,52344.64,3602
2026-07-22T18:00:00+00:00,52344.64,52352.64,52301.64,52310.64,4416
2026-07-22T18:15:00+00:00,52310.64,52344.64,52307.64,52339.64,3278
2026-07-22T18:30:00+00:00,52339.64,52340.64,52310.64,52318.64,3142
2026-07-22T18:45:00+00:00,52318.64,52330.64,52299.64,52320.14,2770
2026-07-22T19:00:00+00:00,52320.14,52322.64,52265.64,52277.64,3487
2026-07-22T19:15:00+00:00,52277.64,52303.64,52253.64,52263.14,3244
2026-07-22T19:30:00+00:00,52263.14,52275.64,52240.64,52269.64,3715
2026-07-22T19:45:00+00:00,52269.64,52306.64,52251.14,52253.14,5867
2026-07-22T20:00:00+00:00,52253.14,52360.79,52245.54,52359.79,3988
2026-07-22T20:15:00+00:00,52359.79,52369.29,52325.29,52347.29,1675
2026-07-22T20:30:00+00:00,52347.29,52351.79,52317.29,52326.79,1235
2026-07-22T20:45:00+00:00,52326.79,52355.79,52300.04,52300.04,1463
2026-07-22T22:00:00+00:00,52300.04,52300.04,52218.54,52246.79,1564
2026-07-22T22:15:00+00:00,52246.79,52258.29,52216.29,52220.29,1272
2026-07-22T22:30:00+00:00,52220.29,52229.29,52188.29,52194.79,1133
2026-07-22T22:45:00+00:00,52194.79,52231.29,52190.79,52223.29,790
2026-07-22T23:00:00+00:00,52223.29,52224.79,52204.79,52221.79,749
2026-07-22T23:15:00+00:00,52221.79,52221.79,52206.79,52209.79,369
2026-07-22T23:30:00+00:00,52209.79,52225.79,52208.79,52222.79,488
2026-07-22T23:45:00+00:00,52222.79,52261.29,52218.29,52260.79,1121
2026-07-23T00:00:00+00:00,52260.79,52269.29,52239.29,52258.29,2174
2026-07-23T00:15:00+00:00,52258.29,52313.79,52245.29,52291.29,2256
2026-07-23T00:30:00+00:00,52291.29,52327.29,52288.79,52323.79,2054
2026-07-23T00:45:00+00:00,52323.79,52337.29,52315.79,52328.79,1362
2026-07-23T01:00:00+00:00,52328.79,52351.29,52322.79,52324.29,1614
2026-07-23T01:15:00+00:00,52324.29,52331.79,52313.29,52315.79,1338
2026-07-23T01:30:00+00:00,52315.79,52330.29,52300.29,52314.29,1997
2026-07-23T01:45:00+00:00,52314.29,52330.29,52309.79,52310.79,1162
2026-07-23T02:00:00+00:00,52310.79,52324.29,52297.29,52298.29,1335
2026-07-23T02:15:00+00:00,52298.29,52304.29,52268.29,52272.29,1551
2026-07-23T02:30:00+00:00,52272.29,52295.79,52266.79,52288.29,1509
2026-07-23T02:45:00+00:00,52288.29,52294.79,52275.79,52286.79,1007
2026-07-23T03:00:00+00:00,52286.79,52289.29,52227.29,52230.29,986
2026-07-23T03:15:00+00:00,52230.29,52234.29,52211.79,52229.79,1409
2026-07-23T03:30:00+00:00,52229.79,52248.29,52218.29,52248.29,1752
2026-07-23T03:45:00+00:00,52248.29,52250.29,52220.79,52226.29,1042
2026-07-23T04:00:00+00:00,52226.29,52226.29,52186.79,52222.79,1194
2026-07-23T04:15:00+00:00,52222.79,52250.29,52216.29,52240.79,1181
2026-07-23T04:30:00+00:00,52240.79,52243.79,52225.79,52227.79,1186
2026-07-23T04:45:00+00:00,52227.79,52235.79,52205.29,52213.79,1050
2026-07-23T05:00:00+00:00,52213.79,52218.79,52196.79,52217.79,1402
2026-07-23T05:15:00+00:00,52217.79,52238.79,52198.29,52238.79,1276
2026-07-23T05:30:00+00:00,52238.79,52254.29,52209.79,52215.29,1559
2026-07-23T05:45:00+00:00,52215.29,52216.79,52172.29,52174.29,1521
2026-07-23T06:00:00+00:00,52174.29,52198.29,52172.79,52193.29,1802
2026-07-23T06:15:00+00:00,52193.29,52207.29,52180.79,52194.29,1548
2026-07-23T06:30:00+00:00,52194.29,52196.79,52146.79,52146.79,1480
2026-07-23T06:45:00+00:00,52146.79,52174.29,52135.29,52137.79,1333
2026-07-23T07:00:00+00:00,52137.79,52140.79,51968.79,52023.79,5617
2026-07-23T07:15:00+00:00,52023.79,52084.29,52023.79,52045.79,4666
2026-07-23T07:30:00+00:00,52045.79,52050.79,51980.79,51997.79,4509
2026-07-23T07:45:00+00:00,51997.79,52040.29,51974.79,52039.79,4734
2026-07-23T08:00:00+00:00,52039.79,52103.29,52008.79,52080.79,4665
2026-07-23T08:15:00+00:00,52080.79,52108.79,52066.29,52100.79,3060
2026-07-23T08:30:00+00:00,52100.79,52100.79,52056.79,52059.29,2571
2026-07-23T08:45:00+00:00,52059.29,52131.79,52056.29,52129.79,2459
2026-07-23T09:00:00+00:00,52129.79,52167.79,52090.79,52090.79,3774
2026-07-23T09:15:00+00:00,52090.79,52104.29,52052.29,52058.79,2096
2026-07-23T09:30:00+00:00,52058.79,52085.29,52048.29,52080.79,2247
2026-07-23T09:45:00+00:00,52080.79,52092.29,52050.79,52062.29,2047
2026-07-23T10:00:00+00:00,52062.29,52090.79,52038.79,52044.79,2447
2026-07-23T10:15:00+00:00,52044.79,52081.79,52043.29,52068.79,1955
2026-07-23T10:30:00+00:00,52068.79,52144.79,52064.29,52130.29,3831
2026-07-23T10:45:00+00:00,52130.29,52156.79,52128.79,52133.79,2267
2026-07-23T11:00:00+00:00,52133.79,52150.29,52077.79,52097.29,2742
2026-07-23T11:15:00+00:00,52097.29,52108.79,52026.79,52037.79,2583
2026-07-23T11:30:00+00:00,52037.79,52049.29,51932.79,51951.79,5946
2026-07-23T11:45:00+00:00,51951.79,52024.29,51934.29,51986.79,4658
2026-07-23T12:00:00+00:00,51986.79,51987.79,51905.79,51905.79,3517
2026-07-23T12:15:00+00:00,51905.79,51936.79,51813.79,51818.54,6429
2026-07-23T12:30:00+00:00,51818.54,51832.29,51737.29,51773.79,7907
2026-07-23T12:45:00+00:00,51773.79,51791.29,51711.79,51729.79,7423
2026-07-23T13:00:00+00:00,51729.79,51734.29,51632.29,51652.79,9090
2026-07-23T13:15:00+00:00,51652.79,51664.79,51580.54,51603.29,6075
2026-07-23T13:30:00+00:00,51603.29,51920.64,51576.14,51856.14,34003
2026-07-23T13:45:00+00:00,51856.14,51861.14,51671.64,51713.64,27321
2026-07-23T14:00:00+00:00,51713.64,51796.64,51653.64,51744.64,30876
2026-07-23T14:15:00+00:00,51744.64,51789.14,51686.64,51747.14,24082
2026-07-23T14:30:00+00:00,51747.14,51804.64,51666.64,51726.64,19513
2026-07-23T14:45:00+00:00,51726.64,51788.14,51695.64,51762.64,16486
2026-07-23T15:00:00+00:00,51762.64,51778.64,51643.64,51661.14,15758
2026-07-23T15:15:00+00:00,51661.14,51690.64,51604.14,51618.64,16729
2026-07-23T15:30:00+00:00,51618.64,51767.14,51567.64,51696.14,14091
2026-07-23T15:45:00+00:00,51696.14,51735.14,51671.64,51731.14,9867
2026-07-23T16:00:00+00:00,51731.14,51799.64,51704.14,51796.64,9466
2026-07-23T16:15:00+00:00,51796.64,51853.64,51769.64,51820.14,7316
2026-07-23T16:30:00+00:00,51820.14,51834.14,51764.64,51772.64,6851
2026-07-23T16:45:00+00:00,51772.64,51777.64,51703.64,51775.64,8990
2026-07-23T17:00:00+00:00,51775.64,51794.64,51737.64,51752.64,9884
2026-07-23T17:15:00+00:00,51752.64,51790.64,51738.64,51753.64,9706
2026-07-23T17:30:00+00:00,51753.64,51754.64,51653.64,51668.64,10706
2026-07-23T17:45:00+00:00,51668.64,51698.64,51626.14,51626.64,9023
2026-07-23T18:00:00+00:00,51626.64,51657.64,51612.14,51630.64,8663
2026-07-23T18:15:00+00:00,51630.64,51676.64,51629.14,51676.64,7384
2026-07-23T18:30:00+00:00,51676.64,51688.64,51639.64,51667.64,7045
2026-07-23T18:45:00+00:00,51667.64,51719.64,51667.14,51694.64,6313
2026-07-23T19:00:00+00:00,51694.64,51720.14,51677.64,51692.64,5834
2026-07-23T19:15:00+00:00,51692.64,51759.64,51692.14,51729.14,7196
2026-07-23T19:30:00+00:00,51729.14,51744.64,51663.64,51664.64,8610
2026-07-23T19:45:00+00:00,51664.64,51756.64,51623.64,51725.14,13346
2026-07-23T20:00:00+00:00,51725.14,51752.79,51702.79,51728.79,4092
2026-07-23T20:15:00+00:00,51728.79,51743.79,51722.79,51733.29,1312
2026-07-23T20:30:00+00:00,51733.29,51750.29,51723.29,51727.79,1308
2026-07-23T20:45:00+00:00,51727.79,51758.29,51724.29,51756.54,1167
2026-07-23T22:00:00+00:00,51756.54,51759.82,51713.32,51721.82,2586
2026-07-23T22:15:00+00:00,51721.82,51733.82,51713.32,51718.82,1801
2026-07-23T22:30:00+00:00,51718.82,51727.32,51710.82,51717.32,855
2026-07-23T22:45:00+00:00,51717.32,51734.82,51716.82,51732.32,697
2026-07-23T23:00:00+00:00,51732.32,51735.32,51710.32,51716.32,643
2026-07-23T23:15:00+00:00,51716.32,51721.32,51708.82,51718.32,371
2026-07-23T23:30:00+00:00,51718.32,51725.32,51694.32,51717.32,850
2026-07-23T23:45:00+00:00,51717.32,51735.32,51702.82,51724.32,2862
2026-07-24T00:00:00+00:00,51724.32,51761.32,51713.32,51729.82,5035
2026-07-24T00:15:00+00:00,51729.82,51775.82,51715.82,51759.82,4077
2026-07-24T00:30:00+00:00,51759.82,51793.32,51740.82,51792.32,2512
2026-07-24T00:45:00+00:00,51792.32,51804.82,51760.82,51788.32,2355
2026-07-24T01:00:00+00:00,51788.32,51803.82,51772.82,51777.82,2637
2026-07-24T01:15:00+00:00,51777.82,51796.32,51769.82,51778.32,1801
2026-07-24T01:30:00+00:00,51778.32,51816.32,51770.32,51809.32,2316
2026-07-24T01:45:00+00:00,51809.32,51809.32,51776.82,51792.32,1721
2026-07-24T02:00:00+00:00,51792.32,51806.82,51781.32,51799.32,1657
2026-07-24T02:15:00+00:00,51799.32,51804.82,51787.82,51798.82,1463
2026-07-24T02:30:00+00:00,51798.82,51798.82,51761.82,51762.32,1439
2026-07-24T02:45:00+00:00,51762.32,51764.82,51747.82,51755.32,1442
2026-07-24T03:00:00+00:00,51755.32,51761.32,51742.82,51754.82,1299
2026-07-24T03:15:00+00:00,51754.82,51766.82,51746.32,51750.82,1525
2026-07-24T03:30:00+00:00,51750.82,51752.32,51723.32,51742.82,1829
2026-07-24T03:45:00+00:00,51742.82,51755.82,51735.82,51739.32,1224
2026-07-24T04:00:00+00:00,51739.32,51757.82,51725.82,51732.82,1492
2026-07-24T04:15:00+00:00,51732.82,51757.32,51723.82,51754.32,1346
2026-07-24T04:30:00+00:00,51754.32,51757.32,51719.32,51737.32,1217
2026-07-24T04:45:00+00:00,51737.32,51759.32,51731.82,51753.82,1537
2026-07-24T05:00:00+00:00,51753.82,51785.32,51749.82,51772.82,1668
2026-07-24T05:15:00+00:00,51772.82,51801.82,51764.82,51791.82,1737
2026-07-24T05:30:00+00:00,51791.82,51798.32,51770.82,51787.82,1879
2026-07-24T05:45:00+00:00,51787.82,51802.32,51767.82,51772.32,1417
2026-07-24T06:00:00+00:00,51772.32,51774.82,51748.32,51759.32,1759
2026-07-24T06:15:00+00:00,51759.32,51806.32,51750.32,51779.32,2638
2026-07-24T06:30:00+00:00,51779.32,51796.32,51759.82,51760.32,2131
2026-07-24T06:45:00+00:00,51760.32,51796.32,51743.82,51790.82,2264
2026-07-24T07:00:00+00:00,51790.82,51884.82,51783.32,51882.32,4224
2026-07-24T07:15:00+00:00,51882.32,51947.82,51873.32,51946.82,3423
2026-07-24T07:30:00+00:00,51946.82,51955.82,51898.82,51912.32,2980
2026-07-24T07:45:00+00:00,51912.32,51926.82,51903.32,51914.32,2603
2026-07-24T08:00:00+00:00,51914.32,51919.82,51883.32,51902.32,4400
2026-07-24T08:15:00+00:00,51902.32,51950.32,51890.82,51946.82,3762
2026-07-24T08:30:00+00:00,51946.82,51976.82,51937.32,51964.32,3181
2026-07-24T08:45:00+00:00,51964.32,51968.82,51928.82,51946.82,2650
2026-07-24T09:00:00+00:00,51946.82,51994.32,51942.32,51961.82,3019
2026-07-24T09:15:00+00:00,51961.82,52004.32,51952.82,51990.32,2981
2026-07-24T09:30:00+00:00,51990.32,52015.82,51979.32,52008.82,2217
2026-07-24T09:45:00+00:00,52008.82,52023.82,51999.32,52019.82,1760
2026-07-24T10:00:00+00:00,52019.82,52035.82,51992.32,52006.32,2010
2026-07-24T10:15:00+00:00,52006.32,52011.32,51987.82,52007.32,1684
2026-07-24T10:30:00+00:00,52007.32,52021.82,51991.32,52007.32,1696
2026-07-24T10:45:00+00:00,52007.32,52021.82,51987.82,51992.32,1875
2026-07-24T11:00:00+00:00,51992.32,52021.32,51928.32,51940.32,3998
2026-07-24T11:15:00+00:00,51940.32,51968.32,51924.82,51931.32,2446
2026-07-24T11:30:00+00:00,51931.32,51956.32,51911.82,51911.82,2974
2026-07-24T11:45:00+00:00,51911.82,51990.82,51893.82,51961.32,4661
2026-07-24T12:00:00+00:00,51961.32,51965.82,51920.32,51941.32,5063
2026-07-24T12:15:00+00:00,51941.32,51966.32,51927.32,51946.32,3669
2026-07-24T12:30:00+00:00,51946.32,51963.32,51918.32,51921.32,3505
2026-07-24T12:45:00+00:00,51921.32,51924.82,51851.82,51861.82,3035
2026-07-24T13:00:00+00:00,51861.82,51888.32,51847.82,51874.82,3594
2026-07-24T13:15:00+00:00,51874.82,51895.82,51823.07,51823.32,4734
2026-07-24T13:30:00+00:00,51823.32,51887.67,51746.17,51804.67,27133
2026-07-24T13:45:00+00:00,51804.67,51921.67,51776.17,51826.17,21504
2026-07-24T14:00:00+00:00,51826.17,51932.17,51801.67,51905.17,20765
2026-07-24T14:15:00+00:00,51905.17,51928.17,51827.67,51827.67,19685
2026-07-24T14:30:00+00:00,51827.67,51842.17,51718.67,51719.17,16702
2026-07-24T14:45:00+00:00,51719.17,51906.17,51716.17,51902.17,15244
2026-07-24T15:00:00+00:00,51902.17,52045.17,51866.17,52026.17,19445
2026-07-24T15:15:00+00:00,52026.17,52130.67,51992.67,52112.67,18990
2026-07-24T15:30:00+00:00,52112.67,52145.17,52073.17,52099.67,12648
2026-07-24T15:45:00+00:00,52099.67,52125.17,52080.17,52111.17,8873
2026-07-24T16:00:00+00:00,52111.17,52115.17,52079.17,52101.17,7735
2026-07-24T16:15:00+00:00,52101.17,52153.17,52092.17,52133.17,5837
2026-07-24T16:30:00+00:00,52133.17,52136.17,52037.17,52039.67,8376
2026-07-24T16:45:00+00:00,52039.67,52049.17,51981.17,52024.17,9702
2026-07-24T17:00:00+00:00,52024.17,52030.17,51944.17,51997.17,10829
2026-07-24T17:15:00+00:00,51997.17,52049.17,51981.17,52047.17,8601
2026-07-24T17:30:00+00:00,52047.17,52061.17,52013.17,52015.67,7053
2026-07-24T17:45:00+00:00,52015.67,52030.17,51995.17,52008.67,6150
2026-07-24T18:00:00+00:00,52008.67,52039.17,51994.67,52006.17,5733
2026-07-24T18:15:00+00:00,52006.17,52014.17,51929.67,51931.17,7696
2026-07-24T18:30:00+00:00,51931.17,51936.17,51853.17,51883.17,12190
2026-07-24T18:45:00+00:00,51883.17,51933.17,51881.17,51920.17,8409
2026-07-24T19:00:00+00:00,51920.17,51943.17,51899.17,51910.17,9146
2026-07-24T19:15:00+00:00,51910.17,51935.17,51880.17,51899.17,8540
2026-07-24T19:30:00+00:00,51899.17,51968.17,51899.17,51950.17,10243
2026-07-24T19:45:00+00:00,51950.17,51982.17,51931.17,51968.17,9618
2026-07-24T20:00:00+00:00,51968.17,51982.32,51929.32,51937.32,4225
2026-07-24T20:15:00+00:00,51937.32,51955.93,51912.93,51914.93,2158
2026-07-24T20:30:00+00:00,51914.93,51918.93,51890.43,51917.68,2368
2026-07-26T22:00:00+00:00,51917.68,52309.41,51917.68,52210.91,1172
2026-07-26T22:15:00+00:00,52210.91,52216.91,52192.91,52204.91,1568
2026-07-26T22:30:00+00:00,52204.91,52218.41,52191.41,52196.91,1490
2026-07-26T22:45:00+00:00,52196.91,52199.91,52169.16,52179.91,1217
2026-07-26T23:00:00+00:00,52179.91,52216.41,52179.91,52214.91,1078
2026-07-26T23:15:00+00:00,52214.91,52235.41,52212.41,52221.41,765
2026-07-26T23:30:00+00:00,52221.41,52269.91,52219.91,52265.41,920
2026-07-26T23:45:00+00:00,52265.41,52296.41,52252.91,52288.41,2360
2026-07-27T00:00:00+00:00,52288.41,52315.91,52260.91,52304.41,4303
2026-07-27T00:15:00+00:00,52304.41,52317.91,52235.91,52253.91,4640
2026-07-27T00:30:00+00:00,52253.91,52264.41,52215.91,52223.91,2928
2026-07-27T00:45:00+00:00,52223.91,52232.41,52204.41,52206.41,2305
2026-07-27T01:00:00+00:00,52206.41,52229.91,52194.41,52203.91,2518
2026-07-27T01:15:00+00:00,52203.91,52214.91,52174.91,52199.91,2003
2026-07-27T01:30:00+00:00,52199.91,52245.41,52199.91,52231.41,3077
2026-07-27T01:45:00+00:00,52231.41,52247.41,52217.91,52245.91,2497
2026-07-27T02:00:00+00:00,52245.91,52257.91,52233.91,52248.41,2225
2026-07-27T02:15:00+00:00,52248.41,52260.41,52237.91,52242.41,1682
2026-07-27T02:30:00+00:00,52242.41,52251.91,52221.91,52245.41,1373
2026-07-27T02:45:00+00:00,52245.41,52249.91,52234.41,52241.91,1053
2026-07-27T03:00:00+00:00,52241.91,52265.41,52240.91,52263.91,1116
2026-07-27T03:15:00+00:00,52263.91,52272.41,52260.41,52263.91,782
2026-07-27T03:30:00+00:00,52263.91,52269.91,52250.91,52260.91,1049
2026-07-27T03:45:00+00:00,52260.91,52265.91,52251.41,52260.41,1100
2026-07-27T04:00:00+00:00,52260.41,52273.91,52257.91,52273.41,1305
2026-07-27T04:15:00+00:00,52273.41,52279.91,52260.91,52271.91,1198
2026-07-27T04:30:00+00:00,52271.91,52305.91,52265.91,52303.91,1002
2026-07-27T04:45:00+00:00,52303.91,52312.91,52297.41,52301.41,765
2026-07-27T05:00:00+00:00,52301.41,52329.91,52297.91,52324.91,1118
2026-07-27T05:15:00+00:00,52324.91,52329.91,52317.91,52328.91,841
2026-07-27T05:30:00+00:00,52328.91,52355.41,52323.41,52351.41,1255
2026-07-27T05:45:00+00:00,52351.41,52368.41,52350.41,52357.41,1049
2026-07-27T06:00:00+00:00,52357.41,52392.91,52357.41,52370.41,1979
2026-07-27T06:15:00+00:00,52370.41,52386.41,52354.91,52366.41,1634
2026-07-27T06:30:00+00:00,52366.41,52394.91,52364.91,52372.41,1687
2026-07-27T06:45:00+00:00,52372.41,52381.41,52354.91,52369.41,2051
2026-07-27T07:00:00+00:00,52369.41,52420.41,52358.41,52418.91,3515
2026-07-27T07:15:00+00:00,52418.91,52435.91,52396.41,52396.91,2703
2026-07-27T07:30:00+00:00,52396.91,52416.41,52376.91,52399.41,2215
2026-07-27T07:45:00+00:00,52399.41,52411.91,52351.41,52352.41,2982
2026-07-27T08:00:00+00:00,52352.41,52415.91,52341.91,52415.91,4169
2026-07-27T08:15:00+00:00,52415.91,52424.91,52396.41,52417.91,2980
2026-07-27T08:30:00+00:00,52417.91,52462.41,52403.41,52460.91,2816
2026-07-27T08:45:00+00:00,52460.91,52465.41,52438.41,52462.41,2411
2026-07-27T09:00:00+00:00,52462.41,52462.41,52440.41,52449.91,1646
2026-07-27T09:15:00+00:00,52449.91,52485.41,52446.41,52467.41,1848
2026-07-27T09:30:00+00:00,52467.41,52495.41,52461.41,52492.41,1969
2026-07-27T09:45:00+00:00,52492.41,52513.91,52486.91,52506.41,2006
2026-07-27T10:00:00+00:00,52506.41,52515.91,52470.91,52501.41,2161
2026-07-27T10:15:00+00:00,52501.41,52520.91,52490.91,52504.41,1520
2026-07-27T10:30:00+00:00,52504.41,52518.91,52489.41,52516.41,1049
2026-07-27T10:45:00+00:00,52516.41,52552.41,52509.91,52536.41,1301
2026-07-27T11:00:00+00:00,52536.41,52554.91,52518.91,52538.41,2083
2026-07-27T11:15:00+00:00,52538.41,52552.41,52494.41,52494.41,1854
2026-07-27T11:30:00+00:00,52494.41,52550.91,52492.41,52522.91,3889
2026-07-27T11:45:00+00:00,52522.91,52547.91,52522.41,52535.41,2554
2026-07-27T12:00:00+00:00,52535.41,52568.91,52486.91,52488.91,4113
2026-07-27T12:15:00+00:00,52488.91,52554.41,52488.41,52532.41,3228
2026-07-27T12:30:00+00:00,52532.41,52552.41,52511.41,52545.41,3338
2026-07-27T12:45:00+00:00,52545.41,52585.41,52542.41,52581.91,3737
2026-07-27T13:00:00+00:00,52581.91,52609.41,52559.41,52587.41,4186
2026-07-27T13:15:00+00:00,52587.41,52620.41,52542.41,52565.41,3950
2026-07-27T13:30:00+00:00,52565.41,52627.26,52486.76,52510.26,27327
2026-07-27T13:45:00+00:00,52510.26,52554.26,52416.26,52416.26,21453
2026-07-27T14:00:00+00:00,52416.26,52490.26,52369.26,52411.26,22041
2026-07-27T14:15:00+00:00,52411.26,52433.26,52257.26,52258.76,17882
2026-07-27T14:30:00+00:00,52258.76,52271.26,52133.26,52162.26,24040
2026-07-27T14:45:00+00:00,52162.26,52256.26,52131.26,52250.76,19048
2026-07-27T15:00:00+00:00,52250.76,52294.26,52207.26,52263.26,15079
2026-07-27T15:15:00+00:00,52263.26,52266.26,52147.76,52184.76,17334
2026-07-27T15:30:00+00:00,52184.76,52184.76,52023.76,52104.26,15038
2026-07-27T15:45:00+00:00,52104.26,52109.26,52033.26,52060.26,13749
2026-07-27T16:00:00+00:00,52060.26,52134.26,52042.26,52079.26,13019
2026-07-27T16:15:00+00:00,52079.26,52217.76,52034.26,52163.76,17283
2026-07-27T16:30:00+00:00,52163.76,52230.26,52132.26,52146.26,12873
2026-07-27T16:45:00+00:00,52146.26,52181.26,52061.26,52084.76,11040
2026-07-27T17:00:00+00:00,52084.76,52086.26,52028.26,52053.26,10466
2026-07-27T17:15:00+00:00,52053.26,52071.26,52010.26,52032.26,9021
2026-07-27T17:30:00+00:00,52032.26,52097.26,52030.26,52087.26,8422
2026-07-27T17:45:00+00:00,52087.26,52132.76,52072.76,52126.26,8250
2026-07-27T18:00:00+00:00,52126.26,52143.26,52102.26,52121.26,8817
2026-07-27T18:15:00+00:00,52121.26,52139.26,52084.26,52133.26,8025
2026-07-27T18:30:00+00:00,52133.26,52134.26,52078.26,52107.26,8782
2026-07-27T18:45:00+00:00,52107.26,52205.26,52087.26,52200.76,10222
2026-07-27T19:00:00+00:00,52200.76,52221.26,52152.26,52200.26,8336
2026-07-27T19:15:00+00:00,52200.26,52239.26,52195.26,52219.26,5457
2026-07-27T19:30:00+00:00,52219.26,52243.26,52209.26,52231.26,6515
2026-07-27T19:45:00+00:00,52231.26,52238.26,52183.76,52218.76,8402
2026-07-27T20:00:00+00:00,52218.76,52240.91,52190.41,52207.91,2769
2026-07-27T20:15:00+00:00,52207.91,52224.41,52206.41,52219.41,989
2026-07-27T20:30:00+00:00,52219.41,52266.41,52213.91,52244.41,1226
2026-07-27T20:45:00+00:00,52244.41,52268.66,52240.41,52268.66,936
2026-07-27T22:00:00+00:00,52268.66,52278.57000000001,52252.07000000001,52255.57000000001,1647
2026-07-27T22:15:00+00:00,52255.57000000001,52263.07000000001,52246.57000000001,52252.57000000001,865
2026-07-27T22:30:00+00:00,52252.57000000001,52283.07000000001,52250.07000000001,52255.07000000001,865
2026-07-27T22:45:00+00:00,52255.07000000001,52258.57000000001,52240.07000000001,52243.07000000001,556
2026-07-27T23:00:00+00:00,52243.07000000001,52248.57000000001,52217.07000000001,52236.07000000001,867
2026-07-27T23:15:00+00:00,52236.07000000001,52261.57000000001,52227.07000000001,52261.07000000001,567
2026-07-27T23:30:00+00:00,52261.07000000001,52261.07000000001,52245.07000000001,52249.57000000001,585
2026-07-27T23:45:00+00:00,52249.57000000001,52260.57000000001,52223.57000000001,52249.07000000001,3239
2026-07-28T00:00:00+00:00,52249.07000000001,52258.57000000001,52180.57000000001,52208.57000000001,5727
2026-07-28T00:15:00+00:00,52208.57000000001,52215.07000000001,52169.57000000001,52182.57000000001,4839
2026-07-28T00:30:00+00:00,52182.57000000001,52205.07000000001,52151.57000000001,52199.57000000001,4072
2026-07-28T00:45:00+00:00,52199.57000000001,52202.07000000001,52176.07000000001,52182.07000000001,2317
2026-07-28T01:00:00+00:00,52182.07000000001,52189.07000000001,52135.07000000001,52144.57000000001,3877
2026-07-28T01:15:00+00:00,52144.57000000001,52212.07000000001,52136.57000000001,52194.57000000001,3146
2026-07-28T01:30:00+00:00,52194.57000000001,52217.07000000001,52186.07000000001,52214.57000000001,2966
2026-07-28T01:45:00+00:00,52214.57000000001,52233.57000000001,52182.07000000001,52194.57000000001,3039
2026-07-28T02:00:00+00:00,52194.57000000001,52206.07000000001,52168.07000000001,52172.07000000001,2512
2026-07-28T02:15:00+00:00,52172.07000000001,52202.07000000001,52165.57000000001,52178.07000000001,2214
2026-07-28T02:30:00+00:00,52178.07000000001,52191.57000000001,52165.07000000001,52171.07000000001,2031
2026-07-28T02:45:00+00:00,52171.07000000001,52193.57000000001,52164.57000000001,52181.07000000001,2092
2026-07-28T03:00:00+00:00,52181.07000000001,52188.57000000001,52164.07000000001,52185.07000000001,1733
2026-07-28T03:15:00+00:00,52185.07000000001,52225.57000000001,52180.07000000001,52191.57000000001,2306
2026-07-28T03:30:00+00:00,52191.57000000001,52253.57000000001,52179.07000000001,52245.57000000001,4171
2026-07-28T03:45:00+00:00,52245.57000000001,52267.57000000001,52240.57000000001,52259.57000000001,2449
2026-07-28T04:00:00+00:00,52259.57000000001,52261.57000000001,52217.07000000001,52219.57000000001,2714
2026-07-28T04:15:00+00:00,52219.57000000001,52242.07000000001,52214.57000000001,52221.57000000001,1864
2026-07-28T04:30:00+00:00,52221.57000000001,52230.07000000001,52214.57000000001,52226.07000000001,1513
2026-07-28T04:45:00+00:00,52226.07000000001,52241.57000000001,52200.07000000001,52204.57000000001,1705
2026-07-28T05:00:00+00:00,52204.57000000001,52243.57000000001,52203.07000000001,52230.57000000001,2701
2026-07-28T05:15:00+00:00,52230.57000000001,52243.07000000001,52223.07000000001,52234.57000000001,1520
2026-07-28T05:30:00+00:00,52234.57000000001,52236.57000000001,52200.57000000001,52211.57000000001,2611
2026-07-28T05:45:00+00:00,52211.57000000001,52235.57000000001,52204.07000000001,52220.57000000001,1983
2026-07-28T06:00:00+00:00,52220.57000000001,52257.07000000001,52216.57000000001,52255.57000000001,3126
2026-07-28T06:15:00+00:00,52255.57000000001,52274.07000000001,52223.07000000001,52242.07000000001,3175
2026-07-28T06:30:00+00:00,52242.07000000001,52271.07000000001,52233.57000000001,52267.07000000001,2676
2026-07-28T06:45:00+00:00,52267.07000000001,52286.07000000001,52244.57000000001,52275.07000000001,2251
2026-07-28T07:00:00+00:00,52275.07000000001,52325.07000000001,52264.57000000001,52312.57000000001,4364
2026-07-28T07:15:00+00:00,52312.57000000001,52339.57000000001,52309.07000000001,52323.07000000001,2979
2026-07-28T07:30:00+00:00,52323.07000000001,52330.57000000001,52297.57000000001,52301.07000000001,2951
2026-07-28T07:45:00+00:00,52301.07000000001,52313.57000000001,52270.57000000001,52284.57000000001,3773
2026-07-28T08:00:00+00:00,52284.57000000001,52328.07000000001,52256.57000000001,52262.57000000001,4741
2026-07-28T08:15:00+00:00,52262.57000000001,52341.57000000001,52257.57000000001,52338.07000000001,5953
2026-07-28T08:30:00+00:00,52338.07000000001,52341.57000000001,52309.57000000001,52328.07000000001,3674
2026-07-28T08:45:00+00:00,52328.07000000001,52382.57000000001,52319.57000000001,52333.07000000001,2869
2026-07-28T09:00:00+00:00,52333.07000000001,52366.57000000001,52324.07000000001,52345.57000000001,2686
2026-07-28T09:15:00+00:00,52345.57000000001,52376.57000000001,52345.57000000001,52375.07000000001,2195
2026-07-28T09:30:00+00:00,52375.07000000001,52399.57000000001,52363.57000000001,52386.57000000001,2293
2026-07-28T09:45:00+00:00,52386.57000000001,52415.07000000001,52366.57000000001,52369.07000000001,1769
2026-07-28T10:00:00+00:00,52369.07000000001,52378.07000000001,52351.07000000001,52363.57000000001,2447
2026-07-28T10:15:00+00:00,52363.57000000001,52378.57000000001,52342.07000000001,52367.57000000001,2184
2026-07-28T10:30:00+00:00,52367.57000000001,52380.07000000001,52327.57000000001,52348.07000000001,4111
2026-07-28T10:45:00+00:00,52348.07000000001,52414.57000000001,52337.57000000001,52411.57000000001,2837
2026-07-28T11:00:00+00:00,52411.57000000001,52533.07000000001,52399.07000000001,52497.57000000001,6707
2026-07-28T11:15:00+00:00,52497.57000000001,52617.07000000001,52493.07000000001,52557.57000000001,6130
2026-07-28T11:30:00+00:00,52557.57000000001,52619.57000000001,52503.57000000001,52547.57000000001,6468
2026-07-28T11:45:00+00:00,52547.57000000001,52619.57000000001,52543.57000000001,52615.07000000001,3984
2026-07-28T12:00:00+00:00,52615.07000000001,52648.07000000001,52605.07000000001,52633.07000000001,3843
2026-07-28T12:15:00+00:00,52633.07000000001,52692.57000000001,52611.57000000001,52692.57000000001,4550
2026-07-28T12:30:00+00:00,52692.57000000001,52735.07000000001,52671.07000000001,52730.57000000001,5370
2026-07-28T12:45:00+00:00,52730.57000000001,52751.57000000001,52720.57000000001,52734.07000000001,4966
2026-07-28T13:00:00+00:00,52734.07000000001,52734.07000000001,52686.07000000001,52692.57000000001,5094
2026-07-28T13:15:00+00:00,52692.57000000001,52748.57000000001,52690.07000000001,52717.07000000001,5619
2026-07-28T13:30:00+00:00,52717.07000000001,52717.07000000001,52462.420000000006,52525.920000000006,27516
2026-07-28T13:45:00+00:00,52525.920000000006,52638.420000000006,52507.420000000006,52579.920000000006,23936
2026-07-28T14:00:00+00:00,52579.920000000006,52674.920000000006,52579.920000000006,52627.920000000006,19592
2026-07-28T14:15:00+00:00,52627.920000000006,52695.920000000006,52626.420000000006,52653.420000000006,18417
2026-07-28T14:30:00+00:00,52653.420000000006,52669.420000000006,52564.920000000006,52604.920000000006,17264
2026-07-28T14:45:00+00:00,52604.920000000006,52710.420000000006,52588.920000000006,52606.420000000006,15103
2026-07-28T15:00:00+00:00,52606.420000000006,52715.920000000006,52569.920000000006,52691.920000000006,15134
2026-07-28T15:15:00+00:00,52691.920000000006,52872.920000000006,52689.920000000006,52818.920000000006,16495
2026-07-28T15:30:00+00:00,52818.920000000006,52884.420000000006,52793.420000000006,52883.420000000006,10829
2026-07-28T15:45:00+00:00,52883.420000000006,52922.420000000006,52865.420000000006,52910.420000000006,9208
2026-07-28T16:00:00+00:00,52910.420000000006,52915.420000000006,52875.420000000006,52908.420000000006,7325
2026-07-28T16:15:00+00:00,52908.420000000006,52915.420000000006,52872.920000000006,52882.420000000006,7081
2026-07-28T16:30:00+00:00,52882.420000000006,52914.420000000006,52874.920000000006,52901.420000000006,6334
2026-07-28T16:45:00+00:00,52901.420000000006,52930.420000000006,52864.420000000006,52925.920000000006,6360
2026-07-28T17:00:00+00:00,52925.920000000006,52944.420000000006,52875.920000000006,52886.420000000006,8119
2026-07-28T17:15:00+00:00,52886.420000000006,52951.420000000006,52884.420000000006,52884.420000000006,8465
2026-07-28T17:30:00+00:00,52884.420000000006,52909.420000000006,52834.920000000006,52840.420000000006,7070
2026-07-28T17:45:00+00:00,52840.420000000006,52874.920000000006,52825.420000000006,52846.420000000006,6965
2026-07-28T18:00:00+00:00,52846.420000000006,52865.420000000006,52798.420000000006,52800.420000000006,7237
2026-07-28T18:15:00+00:00,52800.420000000006,52831.420000000006,52784.420000000006,52800.420000000006,7313
2026-07-28T18:30:00+00:00,52800.420000000006,52835.420000000006,52793.420000000006,52830.420000000006,7260
2026-07-28T18:45:00+00:00,52830.420000000006,52866.920000000006,52830.420000000006,52846.420000000006,6805
2026-07-28T19:00:00+00:00,52846.420000000006,52861.420000000006,52829.420000000006,52837.920000000006,6703
2026-07-28T19:15:00+00:00,52837.920000000006,52863.420000000006,52814.420000000006,52823.420000000006,6221
2026-07-28T19:30:00+00:00,52823.420000000006,52849.420000000006,52812.420000000006,52833.420000000006,6774
2026-07-28T19:45:00+00:00,52833.420000000006,52841.920000000006,52775.420000000006,52795.420000000006,8660
2026-07-28T20:00:00+00:00,52795.420000000006,52819.57000000001,52762.57000000001,52794.07000000001,6140
2026-07-28T20:15:00+00:00,52794.07000000001,52807.07000000001,52776.57000000001,52793.57000000001,2121
2026-07-28T20:30:00+00:00,52793.57000000001,52802.07000000001,52769.57000000001,52773.57000000001,1805
2026-07-28T20:45:00+00:00,52773.57000000001,52777.07000000001,52751.07000000001,52754.32000000001,1643
2026-07-28T22:00:00+00:00,52754.32000000001,52798.18,52754.32000000001,52768.18,1841
2026-07-28T22:15:00+00:00,52768.18,52777.68,52713.18,52732.68,2772
2026-07-28T22:30:00+00:00,52732.68,52735.68,52677.68,52703.18,3671
2026-07-28T22:45:00+00:00,52703.18,52761.68,52691.68,52738.18,4460
2026-07-28T23:00:00+00:00,52738.18,52753.18,52713.68,52744.68,3237
2026-07-28T23:15:00+00:00,52744.68,52778.68,52731.68,52763.18,2276
2026-07-28T23:30:00+00:00,52763.18,52811.68,52749.68,52810.68,1724
2026-07-28T23:45:00+00:00,52810.68,52850.68,52791.68,52816.68,6317
2026-07-29T00:00:00+00:00,52816.68,52852.18,52803.18,52821.68,4617
2026-07-29T00:15:00+00:00,52821.68,52880.68,52814.18,52864.18,3685
2026-07-29T00:30:00+00:00,52864.18,52874.18,52846.68,52872.18,2102
2026-07-29T00:45:00+00:00,52872.18,52874.18,52849.18,52853.18,1540
2026-07-29T01:00:00+00:00,52853.18,52859.68,52785.68,52801.18,3665
2026-07-29T01:15:00+00:00,52801.18,52832.68,52781.68,52819.18,2935
2026-07-29T01:30:00+00:00,52819.18,52823.18,52776.18,52784.18,2911
2026-07-29T01:45:00+00:00,52784.18,52788.18,52744.68,52748.68,2427
2026-07-29T02:00:00+00:00,52748.68,52777.18,52733.68,52766.68,3091
2026-07-29T02:15:00+00:00,52766.68,52773.68,52735.68,52744.68,2485
2026-07-29T02:30:00+00:00,52744.68,52779.18,52743.18,52766.68,2195
2026-07-29T02:45:00+00:00,52766.68,52773.18,52753.18,52773.18,1735
2026-07-29T03:00:00+00:00,52773.18,52777.18,52737.68,52741.68,2298
2026-07-29T03:15:00+00:00,52741.68,52754.68,52735.18,52735.18,1284
2026-07-29T03:30:00+00:00,52735.18,52738.68,52709.68,52718.68,1972
2026-07-29T03:45:00+00:00,52718.68,52729.68,52667.68,52676.68,1671
2026-07-29T04:00:00+00:00,52676.68,52683.68,52658.68,52673.68,2106
2026-07-29T04:15:00+00:00,52673.68,52696.68,52670.68,52682.18,1813
2026-07-29T04:30:00+00:00,52682.18,52690.18,52665.18,52670.68,2285
2026-07-29T04:45:00+00:00,52670.68,52712.18,52662.18,52711.68,2491
2026-07-29T05:00:00+00:00,52711.68,52753.68,52709.18,52753.68,2509
2026-07-29T05:15:00+00:00,52753.68,52760.68,52741.68,52751.68,2619
2026-07-29T05:30:00+00:00,52751.68,52762.68,52743.18,52753.18,1855
2026-07-29T05:45:00+00:00,52753.18,52754.18,52731.18,52738.18,1482
2026-07-29T06:00:00+00:00,52738.18,52750.68,52722.18,52732.68,1914
2026-07-29T06:15:00+00:00,52732.68,52760.68,52732.68,52754.68,1889
2026-07-29T06:30:00+00:00,52754.68,52798.68,52754.68,52777.68,2423
2026-07-29T06:45:00+00:00,52777.68,52805.68,52763.68,52800.68,2227
2026-07-29T07:00:00+00:00,52800.68,52852.68,52776.18,52813.18,3862
2026-07-29T07:15:00+00:00,52813.18,52823.68,52791.18,52815.68,2687
2026-07-29T07:30:00+00:00,52815.68,52855.68,52800.68,52851.18,2765
2026-07-29T07:45:00+00:00,52851.18,52858.18,52820.68,52844.18,2366
2026-07-29T08:00:00+00:00,52844.18,52862.18,52823.68,52827.68,3378
2026-07-29T08:15:00+00:00,52827.68,52838.68,52781.18,52788.18,2994
2026-07-29T08:30:00+00:00,52788.18,52855.68,52783.68,52853.18,3259
2026-07-29T08:45:00+00:00,52853.18,52873.68,52828.68,52841.18,2473
2026-07-29T09:00:00+00:00,52841.18,52843.18,52782.68,52787.68,2569
2026-07-29T09:15:00+00:00,52787.68,52789.68,52718.68,52737.68,2379
2026-07-29T09:30:00+00:00,52737.68,52742.68,52689.68,52708.68,2550
2026-07-29T09:45:00+00:00,52708.68,52788.68,52708.18,52742.68,3258
2026-07-29T10:00:00+00:00,52742.68,52744.68,52663.18,52677.18,3559
2026-07-29T10:15:00+00:00,52677.18,52700.68,52664.68,52691.68,2233
2026-07-29T10:30:00+00:00,52691.68,52710.18,52658.18,52681.68,2726
2026-07-29T10:45:00+00:00,52681.68,52691.68,52637.18,52659.68,2452
2026-07-29T11:00:00+00:00,52659.68,52668.18,52616.18,52636.18,2900
2026-07-29T11:15:00+00:00,52636.18,52653.68,52625.18,52642.18,1991
2026-07-29T11:30:00+00:00,52642.18,52645.68,52603.18,52620.68,2119
2026-07-29T11:45:00+00:00,52620.68,52641.18,52598.68,52612.18,2509
2026-07-29T12:00:00+00:00,52612.18,52612.18,52545.68,52554.18,2838
2026-07-29T12:15:00+00:00,52554.18,52557.68,52395.68,52442.68,10127
2026-07-29T12:30:00+00:00,52442.68,52473.68,52408.68,52467.68,4544
2026-07-29T12:45:00+00:00,52467.68,52471.68,52418.18,52433.68,3451
2026-07-29T13:00:00+00:00,52433.68,52436.18,52344.68,52350.68,4385
2026-07-29T13:15:00+00:00,52350.68,52401.68,52327.18,52337.68,6056
2026-07-29T13:30:00+00:00,52337.68,52399.530000000006,52291.530000000006,52302.530000000006,29304
2026-07-29T13:45:00+00:00,52302.530000000006,52360.530000000006,52140.530000000006,52153.530000000006,20015
2026-07-29T14:00:00+00:00,52153.530000000006,52164.530000000006,51972.530000000006,52007.530000000006,22253
2026-07-29T14:15:00+00:00,52007.530000000006,52074.530000000006,51955.530000000006,51997.530000000006,22897
2026-07-29T14:30:00+00:00,51997.530000000006,52016.530000000006,51894.030000000006,51913.530000000006,18129
2026-07-29T14:45:00+00:00,51913.530000000006,51983.530000000006,51899.530000000006,51921.530000000006,16016
2026-07-29T15:00:00+00:00,51921.530000000006,51979.530000000006,51898.530000000006,51934.530000000006,13050
2026-07-29T15:15:00+00:00,51934.530000000006,51969.530000000006,51921.030000000006,51938.530000000006,12419
2026-07-29T15:30:00+00:00,51938.530000000006,51967.530000000006,51892.530000000006,51916.030000000006,12143
2026-07-29T15:45:00+00:00,51916.030000000006,51949.530000000006,51868.030000000006,51905.030000000006,11576
2026-07-29T16:00:00+00:00,51905.030000000006,51913.030000000006,51822.530000000006,51822.530000000006,10978
2026-07-29T16:15:00+00:00,51822.530000000006,51911.530000000006,51807.530000000006,51908.030000000006,11057
2026-07-29T16:30:00+00:00,51908.030000000006,51927.530000000006,51859.530000000006,51876.530000000006,9926
2026-07-29T16:45:00+00:00,51876.530000000006,51964.530000000006,51859.530000000006,51964.530000000006,11220
2026-07-29T17:00:00+00:00,51964.530000000006,52039.530000000006,51959.030000000006,52032.530000000006,11533
2026-07-29T17:15:00+00:00,52032.530000000006,52082.530000000006,52014.530000000006,52016.030000000006,10580
2026-07-29T17:30:00+00:00,52016.030000000006,52053.030000000006,51969.530000000006,51986.030000000006,12128
2026-07-29T17:45:00+00:00,51986.030000000006,52013.530000000006,51962.530000000006,51998.030000000006,8236
2026-07-29T18:00:00+00:00,51998.030000000006,52193.530000000006,51968.030000000006,51996.530000000006,26811
2026-07-29T18:15:00+00:00,51996.530000000006,52047.530000000006,51910.530000000006,51975.530000000006,21323
2026-07-29T18:30:00+00:00,51975.530000000006,52166.030000000006,51873.030000000006,52152.030000000006,28005
2026-07-29T18:45:00+00:00,52152.030000000006,52278.030000000006,52142.030000000006,52220.530000000006,22012
2026-07-29T19:00:00+00:00,52220.530000000006,52261.030000000006,51992.030000000006,52055.530000000006,25037
2026-07-29T19:15:00+00:00,52055.530000000006,52123.030000000006,51838.030000000006,51853.530000000006,27886
2026-07-29T19:30:00+00:00,51853.530000000006,51873.030000000006,51598.030000000006,51624.030000000006,32396
2026-07-29T19:45:00+00:00,51624.030000000006,51640.530000000006,51551.030000000006,51608.530000000006,23866
2026-07-29T20:00:00+00:00,51608.530000000006,51674.68,51479.68,51531.68,15827
2026-07-29T20:15:00+00:00,51531.68,51575.68,51518.68,51549.18,7985
2026-07-29T20:30:00+00:00,51549.18,51647.18,51534.68,51610.18,3860
2026-07-29T20:45:00+00:00,51610.18,51622.18,51576.68,51580.93,4402
2026-07-29T22:00:00+00:00,51580.93,51829.490000000005,51580.93,51794.490000000005,5242
2026-07-29T22:15:00+00:00,51794.490000000005,51809.490000000005,51769.990000000005,51790.990000000005,4370
2026-07-29T22:30:00+00:00,51790.990000000005,51794.490000000005,51757.990000000005,51777.490000000005,2239
2026-07-29T22:45:00+00:00,51777.490000000005,51790.490000000005,51758.490000000005,51765.990000000005,1693
2026-07-29T23:00:00+00:00,51765.990000000005,51797.490000000005,51758.490000000005,51764.990000000005,2414
2026-07-29T23:15:00+00:00,51764.990000000005,51794.490000000005,51755.490000000005,51773.490000000005,1786
2026-07-29T23:30:00+00:00,51773.490000000005,51796.490000000005,51773.490000000005,51786.490000000005,1454
2026-07-29T23:45:00+00:00,51786.490000000005,51798.990000000005,51773.990000000005,51785.490000000005,5363
2026-07-30T00:00:00+00:00,51785.490000000005,51817.490000000005,51762.490000000005,51804.490000000005,9176
2026-07-30T00:15:00+00:00,51804.490000000005,51805.490000000005,51758.990000000005,51770.490000000005,7708
2026-07-30T00:30:00+00:00,51770.490000000005,51779.490000000005,51717.490000000005,51732.490000000005,5618
2026-07-30T00:45:00+00:00,51732.490000000005,51765.490000000005,51731.990000000005,51751.490000000005,5449
2026-07-30T01:00:00+00:00,51751.490000000005,51793.490000000005,51735.990000000005,51738.490000000005,5147
2026-07-30T01:15:00+00:00,51738.490000000005,51750.490000000005,51720.990000000005,51740.990000000005,3883
2026-07-30T01:30:00+00:00,51740.990000000005,51776.990000000005,51738.990000000005,51776.990000000005,2759
2026-07-30T01:45:00+00:00,51776.990000000005,51783.490000000005,51765.490000000005,51776.490000000005,2360
2026-07-30T02:00:00+00:00,51776.490000000005,51798.990000000005,51764.490000000005,51768.990000000005,2756
2026-07-30T02:15:00+00:00,51768.990000000005,51782.990000000005,51760.490000000005,51765.490000000005,2916
2026-07-30T02:30:00+00:00,51765.490000000005,51772.490000000005,51748.990000000005,51771.490000000005,2486
2026-07-30T02:45:00+00:00,51771.490000000005,51773.490000000005,51723.490000000005,51723.990000000005,2100
2026-07-30T03:00:00+00:00,51723.990000000005,51759.490000000005,51695.490000000005,51705.990000000005,3243
2026-07-30T03:15:00+00:00,51705.990000000005,51714.490000000005,51688.490000000005,51698.490000000005,4456
2026-07-30T03:30:00+00:00,51698.490000000005,51721.490000000005,51677.990000000005,51705.990000000005,5173
2026-07-30T03:45:00+00:00,51705.990000000005,51713.490000000005,51691.990000000005,51699.990000000005,3273
2026-07-30T04:00:00+00:00,51699.990000000005,51709.490000000005,51677.490000000005,51677.490000000005,2796
2026-07-30T04:15:00+00:00,51677.490000000005,51726.990000000005,51674.990000000005,51724.490000000005,3102
2026-07-30T04:30:00+00:00,51724.490000000005,51726.990000000005,51679.990000000005,51681.490000000005,3033
2026-07-30T04:45:00+00:00,51681.490000000005,51710.490000000005,51664.990000000005,51674.490000000005,3195
2026-07-30T05:00:00+00:00,51674.490000000005,51677.490000000005,51645.990000000005,51661.490000000005,4458
2026-07-30T05:15:00+00:00,51661.490000000005,51682.490000000005,51656.490000000005,51671.490000000005,4050
2026-07-30T05:30:00+00:00,51671.490000000005,51695.990000000005,51658.490000000005,51691.490000000005,5057
2026-07-30T05:45:00+00:00,51691.490000000005,51718.490000000005,51654.490000000005,51672.990000000005,4325
2026-07-30T06:00:00+00:00,51672.990000000005,51674.990000000005,51631.490000000005,51634.490000000005,4648
2026-07-30T06:15:00+00:00,51634.490000000005,51652.490000000005,51600.990000000005,51636.490000000005,4081
2026-07-30T06:30:00+00:00,51636.490000000005,51639.490000000005,51610.490000000005,51611.490000000005,3719
2026-07-30T06:45:00+00:00,51611.490000000005,51672.490000000005,51606.990000000005,51672.490000000005,3626
2026-07-30T07:00:00+00:00,51672.490000000005,51795.990000000005,51658.490000000005,51757.490000000005,10140
2026-07-30T07:15:00+00:00,51757.490000000005,51766.490000000005,51689.990000000005,51723.990000000005,6446
2026-07-30T07:30:00+00:00,51723.990000000005,51727.990000000005,51621.490000000005,51690.490000000005,7712
2026-07-30T07:45:00+00:00,51690.490000000005,51712.990000000005,51666.490000000005,51669.990000000005,4908
2026-07-30T08:00:00+00:00,51669.990000000005,51776.490000000005,51643.490000000005,51760.490000000005,7172
2026-07-30T08:15:00+00:00,51760.490000000005,51808.490000000005,51735.990000000005,51795.990000000005,4981
2026-07-30T08:30:00+00:00,51795.990000000005,51814.490000000005,51776.990000000005,51787.490000000005,4772
2026-07-30T08:45:00+00:00,51787.490000000005,51800.490000000005,51729.990000000005,51770.490000000005,4177
2026-07-30T09:00:00+00:00,51770.490000000005,51828.990000000005,51757.490000000005,51804.990000000005,5157
2026-07-30T09:15:00+00:00,51804.990000000005,51825.990000000005,51791.990000000005,51808.990000000005,4899
2026-07-30T09:30:00+00:00,51808.990000000005,51840.490000000005,51793.990000000005,51808.990000000005,4183
2026-07-30T09:45:00+00:00,51808.990000000005,51816.990000000005,51720.990000000005,51724.490000000005,3718
2026-07-30T10:00:00+00:00,51724.490000000005,51780.990000000005,51714.490000000005,51738.990000000005,4668
2026-07-30T10:15:00+00:00,51738.990000000005,51805.990000000005,51738.490000000005,51789.990000000005,5643
2026-07-30T10:30:00+00:00,51789.990000000005,51835.990000000005,51765.990000000005,51808.990000000005,5055
2026-07-30T10:45:00+00:00,51808.990000000005,51819.990000000005,51754.740000000005,51767.490000000005,4540
2026-07-30T11:00:00+00:00,51767.490000000005,51818.990000000005,51767.490000000005,51813.990000000005,5052
2026-07-30T11:15:00+00:00,51813.990000000005,51866.490000000005,51811.490000000005,51866.490000000005,4047
2026-07-30T11:30:00+00:00,51866.490000000005,51899.990000000005,51854.990000000005,51871.490000000005,4019
2026-07-30T11:45:00+00:00,51871.490000000005,51929.990000000005,51870.490000000005,51894.490000000005,4048
2026-07-30T12:00:00+00:00,51894.490000000005,51901.990000000005,51869.490000000005,51885.990000000005,6308
2026-07-30T12:15:00+00:00,51885.990000000005,51922.490000000005,51864.740000000005,51876.740000000005,5034
2026-07-30T12:30:00+00:00,51876.740000000005,51914.990000000005,51801.490000000005,51829.990000000005,8291
2026-07-30T12:45:00+00:00,51829.990000000005,51866.490000000005,51811.990000000005,51850.490000000005,7011
2026-07-30T13:00:00+00:00,51850.490000000005,51956.490000000005,51848.990000000005,51911.990000000005,8396
2026-07-30T13:15:00+00:00,51911.990000000005,51989.990000000005,51898.990000000005,51989.490000000005,7193
2026-07-30T13:30:00+00:00,51989.490000000005,51994.840000000004,51760.840000000004,51863.840000000004,27497
2026-07-30T13:45:00+00:00,51863.840000000004,52013.840000000004,51863.840000000004,51975.340000000004,22407
2026-07-30T14:00:00+00:00,51975.340000000004,52001.840000000004,51910.340000000004,51966.840000000004,19437
2026-07-30T14:15:00+00:00,51966.840000000004,51996.340000000004,51899.840000000004,51949.340000000004,16916
2026-07-30T14:30:00+00:00,51949.340000000004,51978.840000000004,51889.840000000004,51895.840000000004,15437
2026-07-30T14:45:00+00:00,51895.840000000004,51912.840000000004,51770.840000000004,51811.840000000004,18180
2026-07-30T15:00:00+00:00,51811.840000000004,51815.840000000004,51697.840000000004,51699.840000000004,17436
2026-07-30T15:15:00+00:00,51699.840000000004,51807.840000000004,51682.840000000004,51749.840000000004,17862
2026-07-30T15:30:00+00:00,51749.840000000004,51926.840000000004,51738.840000000004,51904.340000000004,16555
2026-07-30T15:45:00+00:00,51904.340000000004,51985.840000000004,51904.340000000004,51964.840000000004,13075
2026-07-30T16:00:00+00:00,51964.840000000004,52053.340000000004,51944.840000000004,52044.840000000004,10639
2026-07-30T16:15:00+00:00,52044.840000000004,52081.840000000004,52029.840000000004,52072.840000000004,9559
2026-07-30T16:30:00+00:00,52072.840000000004,52108.840000000004,52041.840000000004,52064.840000000004,10821
2026-07-30T16:45:00+00:00,52064.840000000004,52147.840000000004,52063.840000000004,52118.840000000004,8196
2026-07-30T17:00:00+00:00,52118.840000000004,52204.340000000004,52118.840000000004,52157.840000000004,8905
2026-07-30T17:15:00+00:00,52157.840000000004,52189.840000000004,52154.340000000004,52171.840000000004,6522
2026-07-30T17:30:00+00:00,52171.840000000004,52201.840000000004,52146.340000000004,52184.340000000004,9062
2026-07-30T17:45:00+00:00,52184.340000000004,52202.840000000004,52143.340000000004,52145.840000000004,6515
2026-07-30T18:00:00+00:00,52145.840000000004,52186.340000000004,52145.840000000004,52180.840000000004,5998
2026-07-30T18:15:00+00:00,52180.840000000004,52210.840000000004,52176.840000000004,52200.840000000004,5508
2026-07-30T18:30:00+00:00,52200.840000000004,52203.840000000004,52172.840000000004,52199.840000000004,5951
2026-07-30T18:45:00+00:00,52199.840000000004,52233.840000000004,52191.840000000004,52229.840000000004,4792
2026-07-30T19:00:00+00:00,52229.840000000004,52298.340000000004,52226.840000000004,52282.840000000004,7086
2026-07-30T19:15:00+00:00,52282.840000000004,52287.840000000004,52263.840000000004,52264.840000000004,5814
2026-07-30T19:30:00+00:00,52264.840000000004,52278.840000000004,52243.340000000004,52257.840000000004,7169
2026-07-30T19:45:00+00:00,52257.840000000004,52284.840000000004,52212.340000000004,52254.840000000004,11422
2026-07-30T20:00:00+00:00,52254.840000000004,52363.990000000005,52246.990000000005,52345.490000000005,5845
2026-07-30T20:15:00+00:00,52345.490000000005,52363.490000000005,52321.990000000005,52333.490000000005,2840
2026-07-30T20:30:00+00:00,52333.490000000005,52357.990000000005,52287.990000000005,52325.490000000005,5643
2026-07-30T20:45:00+00:00,52325.490000000005,52333.990000000005,52299.740000000005,52305.740000000005,3923
2026-07-30T22:00:00+00:00,52305.740000000005,52305.740000000005,52267.48,52287.73,3105
2026-07-30T22:15:00+00:00,52287.73,52307.23,52283.73,52299.73,1873
2026-07-30T22:30:00+00:00,52299.73,52342.73,52298.23,52342.73,1116
2026-07-30T22:45:00+00:00,52342.73,52364.23,52342.73,52361.73,597
2026-07-30T23:00:00+00:00,52361.73,52385.23,52352.23,52356.23,947
2026-07-30T23:15:00+00:00,52356.23,52359.73,52347.23,52354.73,651
2026-07-30T23:30:00+00:00,52354.73,52380.73,52353.73,52376.23,822
2026-07-30T23:45:00+00:00,52376.23,52382.73,52359.73,52364.73,1879
2026-07-31T00:00:00+00:00,52364.73,52415.23,52345.73,52409.73,3778
2026-07-31T00:15:00+00:00,52409.73,52424.23,52391.73,52401.73,3280
2026-07-31T00:30:00+00:00,52401.73,52435.23,52400.73,52435.23,2016
2026-07-31T00:45:00+00:00,52435.23,52436.73,52398.23,52413.23,1502
2026-07-31T01:00:00+00:00,52413.23,52453.23,52411.73,52449.73,1945
2026-07-31T01:15:00+00:00,52449.73,52472.23,52447.73,52461.73,1524
2026-07-31T01:30:00+00:00,52461.73,52464.73,52431.73,52435.23,1583
2026-07-31T01:45:00+00:00,52435.23,52461.73,52428.23,52459.23,1334
2026-07-31T02:00:00+00:00,52459.23,52477.23,52447.73,52468.23,1265
2026-07-31T02:15:00+00:00,52468.23,52472.23,52445.73,52449.23,1034
2026-07-31T02:30:00+00:00,52449.23,52455.73,52428.23,52451.23,1060
2026-07-31T02:45:00+00:00,52451.23,52454.73,52423.23,52438.73,1293
2026-07-31T03:00:00+00:00,52438.73,52440.73,52412.23,52421.23,1962
2026-07-31T03:15:00+00:00,52421.23,52450.73,52419.73,52444.73,1416
2026-07-31T03:30:00+00:00,52444.73,52464.73,52443.73,52453.73,1395
2026-07-31T03:45:00+00:00,52453.73,52460.23,52430.23,52455.73,1324
2026-07-31T04:00:00+00:00,52455.73,52466.73,52437.23,52464.73,1008
2026-07-31T04:15:00+00:00,52464.73,52485.73,52457.23,52483.73,919
2026-07-31T04:30:00+00:00,52483.73,52508.23,52481.23,52506.23,827
2026-07-31T04:45:00+00:00,52506.23,52517.23,52501.73,52513.23,577
2026-07-31T05:00:00+00:00,52513.23,52523.73,52500.73,52505.23,730
2026-07-31T05:15:00+00:00,52505.23,52515.23,52501.23,52510.73,495
2026-07-31T05:30:00+00:00,52510.73,52522.73,52500.23,52501.73,927
2026-07-31T05:45:00+00:00,52501.73,52512.73,52491.23,52498.23,929
2026-07-31T06:00:00+00:00,52498.23,52509.23,52490.23,52507.23,1224
2026-07-31T06:15:00+00:00,52507.23,52512.73,52491.73,52503.73,985
2026-07-31T06:30:00+00:00,52503.73,52506.23,52456.73,52459.23,2203
2026-07-31T06:45:00+00:00,52459.23,52483.73,52435.23,52477.73,2126
2026-07-31T07:00:00+00:00,52477.73,52576.23,52453.73,52569.23,3349
2026-07-31T07:15:00+00:00,52569.23,52572.73,52520.23,52557.23,3156
2026-07-31T07:30:00+00:00,52557.23,52572.23,52537.23,52570.73,2393
2026-07-31T07:45:00+00:00,52570.73,52573.23,52532.73,52543.73,2384
2026-07-31T08:00:00+00:00,52543.73,52558.73,52521.73,52552.73,3801
2026-07-31T08:15:00+00:00,52552.73,52581.23,52541.73,52560.73,2904
2026-07-31T08:30:00+00:00,52560.73,52560.73,52526.23,52540.73,2391
2026-07-31T08:45:00+00:00,52540.73,52562.23,52529.23,52546.73,2458
2026-07-31T09:00:00+00:00,52546.73,52568.23,52525.73,52567.73,3093
2026-07-31T09:15:00+00:00,52567.73,52578.23,52553.73,52556.73,1842
2026-07-31T09:30:00+00:00,52556.73,52561.73,52501.73,52519.73,2194
2026-07-31T09:45:00+00:00,52519.73,52538.73,52510.73,52523.73,2127
2026-07-31T10:00:00+00:00,52523.73,52529.73,52503.73,52523.73,2656
2026-07-31T10:15:00+00:00,52523.73,52580.73,52523.73,52553.73,1860
2026-07-31T10:30:00+00:00,52553.73,52603.23,52548.73,52597.73,2650
2026-07-31T10:45:00+00:00,52597.73,52625.23,52584.73,52609.23,2200
2026-07-31T11:00:00+00:00,52609.23,52611.23,52566.73,52567.23,2489
2026-07-31T11:15:00+00:00,52567.23,52572.23,52520.23,52528.23,4039
2026-07-31T11:30:00+00:00,52528.23,52537.23,52481.23,52494.73,3184
2026-07-31T11:45:00+00:00,52494.73,52557.73,52489.23,52546.73,2864
2026-07-31T12:00:00+00:00,52546.73,52548.73,52499.73,52509.23,3377
2026-07-31T12:15:00+00:00,52509.23,52528.23,52484.73,52518.73,3185
2026-07-31T12:30:00+00:00,52518.73,52520.23,52417.73,52442.23,5155
2026-07-31T12:45:00+00:00,52442.23,52458.23,52413.73,52435.73,4036
2026-07-31T13:00:00+00:00,52435.73,52479.73,52424.73,52460.73,4185
2026-07-31T13:15:00+00:00,52460.73,52536.23,52457.73,52499.73,4643
2026-07-31T13:30:00+00:00,52499.73,52516.58,52301.08,52375.08,22398
2026-07-31T13:45:00+00:00,52375.08,52388.08,52224.58,52229.58,25112
2026-07-31T14:00:00+00:00,52229.58,52237.58,52021.58,52061.58,22034
2026-07-31T14:15:00+00:00,52061.58,52192.58,52007.58,52187.58,21354
2026-07-31T14:30:00+00:00,52187.58,52244.58,52154.08,52232.58,16661
2026-07-31T14:45:00+00:00,52232.58,52326.58,52227.58,52318.58,14205
2026-07-31T15:00:00+00:00,52318.58,52366.58,52262.08,52350.58,14724
2026-07-31T15:15:00+00:00,52350.58,52381.08,52259.08,52272.58,15266
2026-07-31T15:30:00+00:00,52272.58,52387.58,52242.58,52352.58,15674
2026-07-31T15:45:00+00:00,52352.58,52432.58,52321.58,52421.08,12997
2026-07-31T16:00:00+00:00,52421.08,52450.58,52376.08,52440.08,11225
2026-07-31T16:15:00+00:00,52440.08,52485.58,52397.08,52458.58,9807
2026-07-31T16:30:00+00:00,52458.58,52497.58,52454.58,52463.58,7867
2026-07-31T16:45:00+00:00,52463.58,52493.08,52458.08,52460.58,6721
2026-07-31T17:00:00+00:00,52460.58,52501.58,52445.58,52497.58,6154
2026-07-31T17:15:00+00:00,52497.58,52560.58,52490.58,52553.08,6526
2026-07-31T17:30:00+00:00,52553.08,52553.58,52508.58,52523.58,6268
2026-07-31T17:45:00+00:00,52523.58,52540.58,52485.58,52500.58,6771
2026-07-31T18:00:00+00:00,52500.58,52559.58,52494.58,52547.58,6684
2026-07-31T18:15:00+00:00,52547.58,52575.58,52539.58,52562.58,5024
2026-07-31T18:30:00+00:00,52562.58,52571.58,52530.58,52553.58,4736
2026-07-31T18:45:00+00:00,52553.58,52568.58,52538.58,52547.58,4270
2026-07-31T19:00:00+00:00,52547.58,52570.58,52515.58,52557.08,4717
2026-07-31T19:15:00+00:00,52557.08,52631.58,52552.58,52588.58,6197
2026-07-31T19:30:00+00:00,52588.58,52643.58,52549.58,52642.58,7422
2026-07-31T19:45:00+00:00,52642.58,52656.08,52501.58,52515.08,10761
2026-07-31T20:00:00+00:00,52515.08,52570.23,52515.08,52556.73,4988
2026-07-31T20:15:00+00:00,52556.73,52556.73,52521.32,52528.82,1489
2026-07-31T20:30:00+00:00,52528.82,52528.82,52505.82,52507.57,1342
